[2026-04-12 08:13:42] ADS value: 24.49, Ver: 202
[2026-04-12 08:13:46] START command received: left
[2026-04-12 08:13:47] running_front
[2026-04-12 08:13:55] running_opposite
[2026-04-12 08:14:12] START command received: left
[2026-04-12 08:14:14] running_front
[2026-04-12 08:14:20] running_opposite
[2026-04-12 08:14:43] ADS value: 24.45, Ver: 202
[2026-04-12 08:14:51] START command received: left
[2026-04-12 08:14:53] running_front
[2026-04-12 08:15:13] running_opposite
[2026-04-12 08:15:44] ADS value: 24.42, Ver: 202
[2026-04-12 08:16:25] START command received: left
[2026-04-12 08:16:26] running_front
[2026-04-12 08:16:47] running_opposite
[2026-04-12 08:17:07] ADS value: 24.34, Ver: 202
[2026-04-12 08:17:25] MOVE command accepted: dir=right, ms=500, brush=off
[2026-04-12 08:17:26] timed_move start dir=right,ms=500,brush=off
[2026-04-12 08:17:27] timed_move stop: duration_done
[2026-04-12 08:17:34] MOVE command accepted: dir=right, ms=500, brush=off
[2026-04-12 08:17:34] timed_move start dir=right,ms=500,brush=off
[2026-04-12 08:17:35] timed_move stop: duration_done
[2026-04-12 08:17:42] MOVE command accepted: dir=left, ms=500, brush=off
[2026-04-12 08:17:42] timed_move start dir=left,ms=500,brush=off
[2026-04-12 08:17:43] timed_move stop: duration_done
[2026-04-12 08:18:08] ADS value: 24.42, Ver: 202
[2026-04-13 05:12:16] running_front_stop
[2026-04-13 05:12:31] ADS value: 24.33, Ver: 202
[2026-04-13 05:13:30] Starting progressive OTA download...
[2026-04-13 05:13:34] OTA Progress: 10%
[2026-04-13 05:13:38] OTA Progress: 20%
[2026-04-13 05:13:41] OTA Progress: 30%
[2026-04-13 05:13:44] OTA Progress: 40%
[2026-04-13 05:13:47] OTA Progress: 50%
[2026-04-13 05:13:51] OTA Progress: 60%
[2026-04-13 05:13:55] OTA Progress: 70%
[2026-04-13 05:13:58] OTA Progress: 80%
[2026-04-13 05:14:03] OTA Progress: 90%
[2026-04-13 05:14:06] OTA Progress: 100%
[2026-04-13 05:14:07] OTA download complete! Verifying...
[2026-04-13 05:14:08] OTA 100% Complete! Rebooting now...
[2026-04-13 05:15:10] ADS value: 24.33, Ver: 202
[2026-04-13 05:16:11] ADS value: 24.33, Ver: 202
[2026-04-13 05:16:24] running_opposite
[2026-04-13 05:16:45] running_front_stop
[2026-04-13 05:17:12] ADS value: 24.33, Ver: 202
[2026-04-13 05:18:01] START command received: right
[2026-04-13 05:18:02] running_opposite
[2026-04-13 05:24:34] ADS value: 24.32, Ver: 202
[2026-04-13 05:25:35] ADS value: 24.33, Ver: 202
[2026-04-13 05:26:36] ADS value: 24.33, Ver: 202
[2026-04-13 06:54:02] ADS value: 24.28, Ver: 202
[2026-04-13 06:55:07] ADS value: 24.28, Ver: 202
[2026-04-13 06:56:08] ADS value: 24.28, Ver: 202
[2026-04-13 06:57:23] ADS value: 24.28, Ver: 202
[2026-04-13 06:58:25] ADS value: 24.28, Ver: 202
[2026-04-13 06:59:26] ADS value: 24.28, Ver: 202
[2026-04-13 07:00:27] ADS value: 24.28, Ver: 202
[2026-04-13 07:01:29] ADS value: 24.28, Ver: 202
[2026-04-13 07:02:30] ADS value: 24.28, Ver: 202
[2026-04-13 08:25:02] ADS value: 24.24, Ver: 202
[2026-04-13 08:25:45] Starting progressive OTA download...
[2026-04-13 08:25:57] OTA STUCK: Download timed out at 1169 bytes
[2026-04-13 08:26:03] ADS value: 24.24, Ver: 202
[2026-04-13 08:26:36] Starting progressive OTA download...
[2026-04-13 08:26:54] OTA STUCK: Download timed out at 19837 bytes
[2026-04-13 08:27:04] ADS value: 24.24, Ver: 202
[2026-04-13 08:28:05] Starting progressive OTA download...
[2026-04-13 08:28:49] OTA STUCK: Download timed out at 71533 bytes
[2026-04-13 08:28:49] ADS value: 24.24, Ver: 202
[2026-04-13 08:29:44] ADS value: 24.23, Ver: 202
[2026-04-13 08:30:24] Starting progressive OTA download...
[2026-04-13 08:30:45] ADS value: 24.24, Ver: 202
[2026-04-13 08:31:48] ADS value: 24.24, Ver: 202
[2026-04-13 08:32:50] ADS value: 24.24, Ver: 202
[2026-04-13 08:33:50] ADS value: 24.24, Ver: 202
[2026-04-13 08:34:51] ADS value: 24.24, Ver: 202
[2026-04-13 08:35:52] ADS value: 24.24, Ver: 202
[2026-04-13 08:36:55] ADS value: 24.23, Ver: 202
[2026-04-13 08:37:56] ADS value: 24.24, Ver: 202
[2026-04-13 08:38:57] ADS value: 24.23, Ver: 202
[2026-04-13 08:39:58] ADS value: 24.24, Ver: 202
[2026-04-13 08:41:00] ADS value: 24.24, Ver: 202
[2026-04-13 08:42:01] ADS value: 24.24, Ver: 202
[2026-04-13 08:43:02] ADS value: 24.24, Ver: 202
[2026-04-13 08:44:03] ADS value: 24.24, Ver: 202
[2026-04-13 08:45:04] ADS value: 24.24, Ver: 202
[2026-04-26 05:59:37] ADS value: 22.48, Ver: 202
[2026-04-26 06:00:39] ADS value: 22.47, Ver: 202
[2026-04-26 06:01:41] ADS value: 22.47, Ver: 202
[2026-04-26 06:02:33] Starting progressive OTA download...
[2026-04-26 06:02:57] OTA STUCK: Download timed out at 74731 bytes
[2026-04-26 06:02:59] ADS value: 22.47, Ver: 202
[2026-04-26 06:04:01] ADS value: 22.48, Ver: 202
[2026-04-26 06:04:38] Starting progressive OTA download...
[2026-04-26 06:04:44] OTA Failed: HTTP Error -11
[2026-04-26 06:05:02] ADS value: 22.48, Ver: 202
[2026-04-26 06:05:52] Starting progressive OTA download...
[2026-04-26 06:06:13] OTA STUCK: Download timed out at 9731 bytes
[2026-04-26 06:06:15] ADS value: 22.47, Ver: 202
[2026-04-26 06:06:50] Starting progressive OTA download...
[2026-04-26 06:06:56] OTA Progress: 10%
[2026-04-26 06:07:01] OTA Progress: 20%
[2026-04-26 06:07:07] OTA Progress: 30%
[2026-04-26 06:07:12] OTA Progress: 40%
[2026-04-26 06:07:18] OTA Progress: 50%
[2026-04-26 06:07:24] OTA Progress: 60%
[2026-04-26 06:07:31] OTA Progress: 70%
[2026-04-26 06:07:37] OTA Progress: 80%
[2026-04-26 06:07:41] OTA Progress: 90%
[2026-04-26 06:07:46] OTA Progress: 100%
[2026-04-26 06:07:47] OTA download complete! Verifying...
[2026-04-26 06:07:48] OTA 100% Complete! Rebooting now...
[2026-04-26 06:07:57] Boot complete
[2026-04-26 06:08:12] ADS value: 22.47
[2026-04-26 06:08:13] Ver: 1
[2026-04-26 06:08:34] ADS value: 22.34
[2026-04-26 06:08:34] Ver: 1
[2026-04-26 06:09:26] ADS value: 22.46
[2026-04-26 06:09:26] Ver: 1
[2026-04-26 06:09:48] ADS value: 22.29
[2026-04-26 06:09:49] Ver: 1
[2026-04-26 06:10:12] ADS value: 22.33
[2026-04-26 06:10:13] Ver: 1
[2026-04-26 06:10:35] ADS value: 22.45
[2026-04-26 06:10:36] Ver: 1
[2026-04-26 06:10:57] ADS value: 22.27
[2026-04-26 06:10:57] Ver: 1
[2026-04-26 06:11:19] ADS value: 22.45
[2026-04-26 06:11:20] Ver: 1
[2026-04-26 06:11:41] ADS value: 22.46
[2026-04-26 06:11:42] Ver: 1
[2026-04-26 06:12:04] ADS value: 22.46
[2026-04-26 06:12:05] Ver: 1
[2026-04-26 06:12:26] ADS value: 22.45
[2026-04-26 06:13:02] Ver: 1
[2026-04-26 06:13:30] ADS value: 22.42
[2026-04-26 06:13:31] Ver: 1
[2026-04-26 06:13:52] ADS value: 22.43
[2026-04-26 06:13:54] Ver: 1
[2026-04-26 06:14:15] ADS value: 22.44
[2026-04-26 06:14:15] Ver: 1
[2026-04-26 06:14:37] ADS value: 22.44
[2026-04-26 06:14:37] Ver: 1
[2026-04-26 06:14:58] ADS value: 22.45
[2026-04-26 06:14:59] Ver: 1
[2026-04-26 06:15:21] ADS value: 22.44
[2026-04-26 06:15:22] Ver: 1
[2026-04-26 06:15:53] Ver: 1
[2026-04-26 06:16:14] ADS value: 22.44
[2026-04-26 06:16:15] Ver: 1
[2026-04-26 06:16:38] ADS value: 22.44
[2026-04-26 06:16:39] Ver: 1
[2026-04-26 06:17:00] ADS value: 22.44
[2026-04-26 06:17:01] Ver: 1
[2026-04-26 06:17:25] ADS value: 22.44
[2026-04-26 06:17:25] Ver: 1
[2026-04-26 06:17:47] ADS value: 22.45
[2026-04-26 06:17:49] Ver: 1
[2026-04-26 06:18:13] ADS value: 22.44
[2026-04-26 06:18:13] Ver: 1
[2026-04-26 06:18:47] Ver: 1
[2026-04-26 06:19:11] ADS value: 22.44
[2026-04-26 06:19:11] Ver: 1
[2026-04-26 06:19:33] ADS value: 22.45
[2026-04-26 06:19:33] Ver: 1
[2026-04-26 06:19:54] ADS value: 22.44
[2026-04-26 06:19:55] Ver: 1
[2026-04-26 06:20:17] ADS value: 22.45
[2026-04-26 06:20:18] Ver: 1
[2026-04-26 06:20:22] Starting progressive OTA download...
[2026-04-26 06:20:28] OTA Progress: 10%
[2026-04-26 06:20:36] OTA Progress: 20%
[2026-04-26 06:20:41] OTA Progress: 30%
[2026-04-26 06:20:45] OTA Progress: 40%
[2026-04-26 06:20:50] OTA Progress: 50%
[2026-04-26 06:20:55] OTA Progress: 60%
[2026-04-26 06:20:59] OTA Progress: 70%
[2026-04-26 06:21:04] OTA Progress: 80%
[2026-04-26 06:21:09] OTA Progress: 90%
[2026-04-26 06:21:13] OTA Progress: 100%
[2026-04-26 06:21:13] OTA download complete! Verifying...
[2026-04-26 06:21:14] OTA 100% Complete! Rebooting now...
[2026-04-26 06:21:27] Boot complete
[2026-04-26 06:22:17] ADS value: 22.44
[2026-04-26 06:22:17] Ver: 1
[2026-04-26 06:22:18] ADS value: 22.43
[2026-04-26 06:22:19] Ver: 1
[2026-04-26 06:22:20] ADS value: 22.43
[2026-04-26 06:22:21] Ver: 1
[2026-04-26 06:22:22] ADS value: 22.10
[2026-04-26 06:22:23] Ver: 1
[2026-04-26 06:22:24] ADS value: 22.43
[2026-04-26 06:22:24] Ver: 1
[2026-04-26 06:22:25] ADS value: 22.43
[2026-04-26 06:22:26] Ver: 1
[2026-04-26 06:22:27] ADS value: 22.43
[2026-04-26 06:22:27] Ver: 1
[2026-04-26 06:22:29] ADS value: 22.43
[2026-04-26 06:22:29] Ver: 1
[2026-04-26 06:22:30] ADS value: 22.31
[2026-04-26 06:22:31] Ver: 1
[2026-04-26 06:22:32] ADS value: 22.43
[2026-04-26 06:22:32] Ver: 1
[2026-04-26 06:22:34] ADS value: 22.26
[2026-04-26 06:22:34] Ver: 1
[2026-04-26 06:22:35] ADS value: 22.42
[2026-04-26 06:22:36] Ver: 1
[2026-04-26 06:22:37] ADS value: 22.43
[2026-04-26 06:22:38] Ver: 1
[2026-04-26 06:22:39] ADS value: 22.43
[2026-04-26 06:22:40] Ver: 1
[2026-04-26 06:22:41] ADS value: 22.29
[2026-04-26 06:22:42] Ver: 1
[2026-04-26 06:22:43] ADS value: 22.42
[2026-04-26 06:22:44] Ver: 1
[2026-04-26 06:22:45] ADS value: 22.43
[2026-04-26 06:22:45] Ver: 1
[2026-04-26 06:22:46] ADS value: 22.42
[2026-04-26 06:22:47] Ver: 1
[2026-04-26 06:22:48] ADS value: 22.43
[2026-04-26 06:22:49] Ver: 1
[2026-04-26 06:22:50] ADS value: 22.26
[2026-04-26 06:22:50] Ver: 1
[2026-04-26 06:22:51] ADS value: 22.42
[2026-04-26 06:22:52] Ver: 1
[2026-04-26 06:22:53] ADS value: 22.42
[2026-04-26 06:22:54] Ver: 1
[2026-04-26 06:22:55] ADS value: 22.43
[2026-04-26 06:22:56] Ver: 1
[2026-04-26 06:22:57] ADS value: 22.43
[2026-04-26 06:22:58] Ver: 1
[2026-04-26 06:22:59] ADS value: 22.43
[2026-04-26 06:23:00] Ver: 1
[2026-04-26 06:23:01] ADS value: 22.43
[2026-04-26 06:23:01] Ver: 1
[2026-04-26 06:23:02] ADS value: 22.43
[2026-04-26 06:23:03] Ver: 1
[2026-04-26 06:23:05] ADS value: 22.28
[2026-04-26 06:23:05] Ver: 1
[2026-04-26 06:23:06] ADS value: 22.42
[2026-04-26 06:23:07] Ver: 1
[2026-04-26 06:23:09] ADS value: 22.21
[2026-04-26 06:23:09] Ver: 1
[2026-04-26 06:23:10] ADS value: 22.42
[2026-04-26 06:23:11] Ver: 1
[2026-04-26 06:23:12] ADS value: 22.42
[2026-04-26 06:23:13] Ver: 1
[2026-04-26 06:23:14] ADS value: 22.42
[2026-04-26 06:23:14] Ver: 1
[2026-04-26 06:23:16] ADS value: 22.43
[2026-04-26 06:23:16] Ver: 1
[2026-04-26 06:23:18] ADS value: 22.43
[2026-04-26 06:23:18] Ver: 1
[2026-04-26 06:23:20] ADS value: 22.43
[2026-04-26 06:23:20] Ver: 1
[2026-04-26 06:23:21] ADS value: 22.24
[2026-04-26 06:23:22] Ver: 1
[2026-04-26 06:23:23] ADS value: 22.42
[2026-04-26 06:23:24] Ver: 1
[2026-04-26 06:23:25] ADS value: 22.42
[2026-04-26 06:23:25] Ver: 1
[2026-04-26 06:23:27] ADS value: 22.34
[2026-04-26 06:23:27] Ver: 1
[2026-04-26 06:23:28] ADS value: 22.42
[2026-04-26 06:23:29] Ver: 1
[2026-04-26 06:23:30] ADS value: 22.42
[2026-04-26 06:23:30] Ver: 1
[2026-04-26 06:23:32] ADS value: 22.28
[2026-04-26 06:23:32] Ver: 1
[2026-04-26 06:23:33] ADS value: 22.42
[2026-04-26 06:23:34] Ver: 1
[2026-04-26 06:23:35] ADS value: 22.30
[2026-04-26 06:23:35] Ver: 1
[2026-04-26 06:23:37] ADS value: 22.42
[2026-04-26 06:23:37] Ver: 1
[2026-04-26 06:23:39] ADS value: 22.42
[2026-04-26 06:23:39] Ver: 1
[2026-04-26 06:23:40] ADS value: 22.42
[2026-04-26 06:23:41] Ver: 1
[2026-04-26 06:23:42] ADS value: 22.24
[2026-04-26 06:23:42] Ver: 1
[2026-04-26 06:23:44] ADS value: 22.41
[2026-04-26 06:23:44] Ver: 1
[2026-04-26 06:23:46] ADS value: 22.23
[2026-04-26 06:23:46] Ver: 1
[2026-04-26 06:23:47] ADS value: 22.41
[2026-04-26 06:23:48] Ver: 1
[2026-04-26 06:23:49] ADS value: 21.99
[2026-04-26 06:23:49] Ver: 1
[2026-04-26 06:23:51] ADS value: 22.40
[2026-04-26 06:23:51] Ver: 1
[2026-04-26 06:23:52] ADS value: 22.41
[2026-04-26 06:23:53] Ver: 1
[2026-04-26 06:23:54] ADS value: 22.41
[2026-04-26 06:23:55] Ver: 1
[2026-04-26 06:23:57] ADS value: 22.41
[2026-04-26 06:23:57] Ver: 1
[2026-04-26 06:23:58] ADS value: 22.41
[2026-04-26 06:23:59] Ver: 1
[2026-04-26 06:24:00] ADS value: 22.24
[2026-04-26 06:24:01] Ver: 1
[2026-04-26 06:24:02] ADS value: 22.40
[2026-04-26 06:24:03] Ver: 1
[2026-04-26 06:24:04] ADS value: 22.41
[2026-04-26 06:24:04] Ver: 1
[2026-04-26 06:24:05] ADS value: 22.41
[2026-04-26 06:24:06] Ver: 1
[2026-04-26 06:24:07] ADS value: 22.41
[2026-04-26 06:24:08] Ver: 1
[2026-04-26 06:24:09] ADS value: 22.23
[2026-04-26 06:24:09] Ver: 1
[2026-04-26 06:24:11] ADS value: 22.41
[2026-04-26 06:24:11] Ver: 1
[2026-04-26 06:24:13] ADS value: 22.41
[2026-04-26 06:24:13] Ver: 1
[2026-04-26 06:24:15] ADS value: 22.41
[2026-04-26 06:24:15] Ver: 1
[2026-04-26 06:24:16] ADS value: 22.41
[2026-04-26 06:24:17] Ver: 1
[2026-04-26 06:24:18] ADS value: 22.41
[2026-04-26 06:24:19] Ver: 1
[2026-04-26 06:24:20] ADS value: 22.42
[2026-04-26 06:24:21] Ver: 1
[2026-04-26 06:24:22] ADS value: 22.42
[2026-04-26 06:24:23] Ver: 1
[2026-04-26 06:24:24] ADS value: 22.42
[2026-04-26 06:24:25] Ver: 1
[2026-04-26 06:24:26] ADS value: 22.42
[2026-04-26 06:24:26] Ver: 1
[2026-04-26 06:24:28] ADS value: 22.42
[2026-04-26 06:24:28] Ver: 1
[2026-04-26 06:24:30] ADS value: 22.42
[2026-04-26 06:24:30] Ver: 1
[2026-04-26 06:24:32] ADS value: 22.29
[2026-04-26 06:24:33] Ver: 1
[2026-04-26 06:24:34] ADS value: 22.41
[2026-04-26 06:24:35] Ver: 1
[2026-04-26 06:24:36] ADS value: 22.41
[2026-04-26 06:24:37] Ver: 1
[2026-04-26 06:24:38] ADS value: 22.34
[2026-04-26 06:24:39] Ver: 1
[2026-04-26 06:24:40] ADS value: 22.41
[2026-04-26 06:24:41] Ver: 1
[2026-04-26 06:24:42] ADS value: 22.41
[2026-04-26 06:24:43] Ver: 1
[2026-04-26 06:24:44] ADS value: 22.26
[2026-04-26 06:24:44] Ver: 1
[2026-04-26 06:24:46] ADS value: 22.41
[2026-04-26 06:24:46] Ver: 1
[2026-04-26 06:24:48] ADS value: 22.22
[2026-04-26 06:24:48] Ver: 1
[2026-04-26 06:24:50] ADS value: 22.40
[2026-04-26 06:24:50] Ver: 1
[2026-04-26 06:24:51] ADS value: 22.41
[2026-04-26 06:24:51] Ver: 1
[2026-04-26 06:24:53] ADS value: 22.41
[2026-04-26 06:24:53] Ver: 1
[2026-04-26 06:24:55] ADS value: 22.41
[2026-04-26 06:24:56] Ver: 1
[2026-04-26 06:24:57] ADS value: 22.41
[2026-04-26 06:24:58] Ver: 1
[2026-04-26 06:24:59] ADS value: 22.41
[2026-04-26 06:25:00] Ver: 1
[2026-04-26 06:25:01] ADS value: 22.41
[2026-04-26 06:25:01] Ver: 1
[2026-04-26 06:25:03] ADS value: 22.42
[2026-04-26 06:25:03] Ver: 1
[2026-04-26 06:25:05] ADS value: 22.42
[2026-04-26 06:25:06] Ver: 1
[2026-04-26 06:25:07] ADS value: 22.42
[2026-04-26 06:25:07] Ver: 1
[2026-04-26 06:25:09] ADS value: 22.42
[2026-04-26 06:25:09] Ver: 1
[2026-04-26 06:25:11] ADS value: 22.42
[2026-04-26 06:25:11] Ver: 1
[2026-04-26 06:25:12] ADS value: 22.42
[2026-04-26 06:25:13] Ver: 1
[2026-04-26 06:25:14] ADS value: 22.42
[2026-04-26 06:25:15] Ver: 1
[2026-04-26 06:25:16] ADS value: 22.42
[2026-04-26 06:25:17] Ver: 1
[2026-04-26 06:25:18] ADS value: 22.42
[2026-04-26 06:25:19] Ver: 1
[2026-04-26 06:25:20] ADS value: 22.42
[2026-04-26 06:25:20] Ver: 1
[2026-04-26 06:25:22] ADS value: 22.42
[2026-04-26 06:25:22] Ver: 1
[2026-04-26 06:25:24] ADS value: 22.42
[2026-04-26 06:25:24] Ver: 1
[2026-04-26 06:25:25] ADS value: 22.42
[2026-04-26 06:25:26] Ver: 1
[2026-04-26 06:25:27] ADS value: 22.42
[2026-04-26 06:25:28] Ver: 1
[2026-04-26 06:25:29] ADS value: 22.42
[2026-04-26 06:25:30] Ver: 1
[2026-04-26 06:25:31] ADS value: 22.42
[2026-04-26 06:25:31] Ver: 1
[2026-04-26 06:25:33] ADS value: 22.42
[2026-04-26 06:25:33] Ver: 1
[2026-04-26 06:25:35] ADS value: 22.42
[2026-04-26 06:25:35] Ver: 1
[2026-04-26 06:25:37] ADS value: 22.42
[2026-04-26 06:25:37] Ver: 1
[2026-04-26 06:25:39] ADS value: 22.42
[2026-04-26 06:25:39] Ver: 1
[2026-04-26 06:25:41] ADS value: 22.42
[2026-04-26 06:25:41] Ver: 1
[2026-04-26 06:25:42] ADS value: 22.42
[2026-04-26 06:25:43] Ver: 1
[2026-04-26 06:25:44] ADS value: 22.42
[2026-04-26 06:25:45] Ver: 1
[2026-04-26 06:25:46] ADS value: 22.43
[2026-04-26 06:25:46] Ver: 1
[2026-04-26 06:25:47] ADS value: 22.42
[2026-04-26 06:25:48] Ver: 1
[2026-04-26 06:25:49] ADS value: 22.42
[2026-04-26 06:25:50] Ver: 1
[2026-04-26 06:25:51] ADS value: 22.42
[2026-04-26 06:25:52] Ver: 1
[2026-04-26 06:25:53] ADS value: 22.43
[2026-04-26 06:25:53] Ver: 1
[2026-04-26 06:25:54] ADS value: 22.43
[2026-04-26 06:25:55] Ver: 1
[2026-04-26 06:25:56] ADS value: 22.42
[2026-04-26 06:25:56] Ver: 1
[2026-04-26 06:25:57] ADS value: 22.43
[2026-04-26 06:25:58] Ver: 1
[2026-04-26 06:25:59] ADS value: 22.43
[2026-04-26 06:26:00] Ver: 1
[2026-04-26 06:26:01] ADS value: 22.43
[2026-04-26 06:26:01] Ver: 1
[2026-04-26 06:26:03] ADS value: 22.43
[2026-04-26 06:26:03] Ver: 1
[2026-04-26 06:26:05] ADS value: 22.43
[2026-04-26 06:26:05] Ver: 1
[2026-04-26 06:26:07] ADS value: 22.43
[2026-04-26 06:26:07] Ver: 1
[2026-04-26 06:26:08] ADS value: 22.43
[2026-04-26 06:26:09] Ver: 1
[2026-04-26 06:26:10] ADS value: 22.43
[2026-04-26 06:26:11] Ver: 1
[2026-04-26 06:26:12] ADS value: 22.42
[2026-04-26 06:26:12] Ver: 1
[2026-04-26 06:26:14] ADS value: 22.43
[2026-04-26 06:26:14] Ver: 1
[2026-04-26 06:26:15] ADS value: 22.43
[2026-04-26 06:26:16] Ver: 1
[2026-04-26 06:26:17] ADS value: 22.43
[2026-04-26 06:26:17] Ver: 1
[2026-04-26 06:26:18] ADS value: 22.43
[2026-04-26 06:26:19] Ver: 1
[2026-04-26 06:26:20] ADS value: 22.43
[2026-04-26 06:26:21] Ver: 1
[2026-04-26 06:26:22] ADS value: 22.43
[2026-04-26 06:26:22] Ver: 1
[2026-04-26 06:26:24] ADS value: 22.42
[2026-04-26 06:26:24] Ver: 1
[2026-04-26 06:26:26] ADS value: 22.43
[2026-04-26 06:26:27] Ver: 1
[2026-04-26 06:26:28] ADS value: 22.43
[2026-04-26 06:26:28] Ver: 1
[2026-04-26 06:26:30] ADS value: 22.43
[2026-04-26 06:26:30] Ver: 1
[2026-04-26 06:26:32] ADS value: 22.43
[2026-04-26 06:26:32] Ver: 1
[2026-04-26 06:26:34] ADS value: 22.43
[2026-04-26 06:26:34] Ver: 1
[2026-04-26 06:26:35] ADS value: 22.43
[2026-04-26 06:26:36] Ver: 1
[2026-04-26 06:26:37] ADS value: 22.43
[2026-04-26 06:26:38] Ver: 1
[2026-04-26 06:26:39] ADS value: 22.43
[2026-04-26 06:26:40] Ver: 1
[2026-04-26 06:26:41] ADS value: 22.43
[2026-04-26 06:26:42] Ver: 1
[2026-04-26 06:26:43] ADS value: 22.43
[2026-04-26 06:26:44] Ver: 1
[2026-04-26 06:26:45] ADS value: 22.43
[2026-04-26 06:26:45] Ver: 1
[2026-04-26 06:26:46] ADS value: 22.43
[2026-04-26 06:26:47] Ver: 1
[2026-04-26 06:26:48] ADS value: 22.43
[2026-04-26 06:26:49] Ver: 1
[2026-04-26 06:26:50] ADS value: 22.43
[2026-04-26 06:26:51] Ver: 1
[2026-04-26 06:26:52] ADS value: 22.43
[2026-04-26 06:26:53] Ver: 1
[2026-04-26 06:26:54] ADS value: 22.43
[2026-04-26 06:26:55] Ver: 1
[2026-04-26 06:26:56] ADS value: 22.43
[2026-04-26 06:26:56] Ver: 1
[2026-04-26 06:26:58] ADS value: 22.43
[2026-04-26 06:26:58] Ver: 1
[2026-04-26 06:26:59] ADS value: 22.43
[2026-04-26 06:27:00] Ver: 1
[2026-04-26 06:27:01] ADS value: 22.43
[2026-04-26 06:27:02] Ver: 1
[2026-04-26 06:27:03] ADS value: 22.43
[2026-04-26 06:27:03] Ver: 1
[2026-04-26 06:27:05] ADS value: 22.43
[2026-04-26 06:27:05] Ver: 1
[2026-04-26 06:27:07] ADS value: 22.43
[2026-04-26 06:27:07] Ver: 1
[2026-04-26 06:27:09] ADS value: 22.43
[2026-04-26 06:27:09] Ver: 1
[2026-04-26 06:27:10] ADS value: 22.43
[2026-04-26 06:27:11] Ver: 1
[2026-04-26 06:27:12] ADS value: 22.42
[2026-04-26 06:27:12] Ver: 1
[2026-04-26 06:27:13] ADS value: 22.43
[2026-04-26 06:27:14] Ver: 1
[2026-04-26 06:27:15] ADS value: 22.43
[2026-04-26 06:27:16] Ver: 1
[2026-04-26 06:27:17] ADS value: 22.43
[2026-04-26 06:27:18] Ver: 1
[2026-04-26 06:27:19] ADS value: 22.43
[2026-04-26 06:27:19] Ver: 1
[2026-04-26 06:27:21] ADS value: 22.43
[2026-04-26 06:27:21] Ver: 1
[2026-04-26 06:27:23] ADS value: 22.43
[2026-04-26 06:27:23] Ver: 1
[2026-04-26 06:27:25] ADS value: 22.43
[2026-04-26 06:27:25] Ver: 1
[2026-04-26 06:27:26] ADS value: 22.43
[2026-04-26 06:27:27] Ver: 1
[2026-04-26 06:27:28] ADS value: 22.43
[2026-04-26 06:27:28] Ver: 1
[2026-04-26 06:27:30] ADS value: 22.43
[2026-04-26 06:27:30] Ver: 1
[2026-04-26 06:27:31] ADS value: 22.43
[2026-04-26 06:27:32] Ver: 1
[2026-04-26 06:27:33] ADS value: 22.43
[2026-04-26 06:27:34] Ver: 1
[2026-04-26 06:27:35] ADS value: 22.43
[2026-04-26 06:27:35] Ver: 1
[2026-04-26 06:27:37] ADS value: 22.43
[2026-04-26 06:27:37] Ver: 1
[2026-04-26 06:27:38] ADS value: 22.43
[2026-04-26 06:27:39] Ver: 1
[2026-04-26 06:27:40] ADS value: 22.43
[2026-04-26 06:27:41] Ver: 1
[2026-04-26 06:27:42] ADS value: 22.43
[2026-04-26 06:27:43] Ver: 1
[2026-04-26 06:27:44] ADS value: 22.43
[2026-04-26 06:27:45] Ver: 1
[2026-04-26 06:27:46] ADS value: 22.42
[2026-04-26 06:27:47] Ver: 1
[2026-04-26 06:27:48] ADS value: 22.43
[2026-04-26 06:27:49] Ver: 1
[2026-04-26 06:27:50] ADS value: 22.43
[2026-04-26 06:27:51] Ver: 1
[2026-04-26 06:27:52] ADS value: 22.43
[2026-04-26 06:27:53] Ver: 1
[2026-04-26 06:27:54] ADS value: 22.43
[2026-04-26 06:27:55] Ver: 1
[2026-04-26 06:27:56] ADS value: 22.43
[2026-04-26 06:27:57] Ver: 1
[2026-04-26 06:27:58] ADS value: 22.43
[2026-04-26 06:27:59] Ver: 1
[2026-04-26 06:28:00] ADS value: 22.43
[2026-04-26 06:28:01] Ver: 1
[2026-04-26 06:28:02] ADS value: 22.43
[2026-04-26 06:28:02] Ver: 1
[2026-04-26 06:28:03] ADS value: 22.43
[2026-04-26 06:28:04] Ver: 1
[2026-04-26 06:28:05] ADS value: 22.43
[2026-04-26 06:28:06] Ver: 1
[2026-04-26 06:28:07] ADS value: 22.43
[2026-04-26 06:28:07] Ver: 1
[2026-04-26 06:28:09] ADS value: 22.43
[2026-04-26 06:28:09] Ver: 1
[2026-04-26 06:28:10] ADS value: 22.43
[2026-04-26 06:28:11] Ver: 1
[2026-04-26 06:28:12] ADS value: 22.43
[2026-04-26 06:28:13] Ver: 1
[2026-04-26 06:28:14] ADS value: 22.42
[2026-04-26 06:28:15] Ver: 1
[2026-04-26 06:28:16] ADS value: 22.43
[2026-04-26 06:28:17] Ver: 1
[2026-04-26 06:28:18] ADS value: 22.43
[2026-04-26 06:28:19] Ver: 1
[2026-04-26 06:28:20] ADS value: 22.43
[2026-04-26 06:28:21] Ver: 1
[2026-04-26 06:28:22] ADS value: 22.43
[2026-04-26 06:28:23] Ver: 1
[2026-04-26 06:28:24] ADS value: 22.43
[2026-04-26 06:28:25] Ver: 1
[2026-04-26 06:28:26] ADS value: 22.43
[2026-04-26 06:28:26] Ver: 1
[2026-04-26 06:28:28] ADS value: 22.43
[2026-04-26 06:28:28] Ver: 1
[2026-04-26 06:28:30] ADS value: 22.43
[2026-04-26 06:28:30] Ver: 1
[2026-04-26 06:28:32] ADS value: 22.43
[2026-04-26 06:28:32] Ver: 1
[2026-04-26 06:28:33] ADS value: 22.43
[2026-04-26 06:28:34] Ver: 1
[2026-04-26 06:28:35] ADS value: 22.43
[2026-04-26 06:28:35] Ver: 1
[2026-04-26 06:28:37] ADS value: 22.43
[2026-04-26 06:28:37] Ver: 1
[2026-04-26 06:28:40] ADS value: 22.43
[2026-04-26 06:28:40] Ver: 1
[2026-04-26 06:28:41] ADS value: 22.43
[2026-04-26 06:28:42] Ver: 1
[2026-04-26 06:28:44] ADS value: 22.43
[2026-04-26 06:28:45] Ver: 1
[2026-04-26 06:28:46] ADS value: 22.43
[2026-04-26 06:28:47] Ver: 1
[2026-04-26 06:28:48] ADS value: 22.43
[2026-04-26 06:28:49] Ver: 1
[2026-04-26 06:28:50] ADS value: 22.43
[2026-04-26 06:28:51] Ver: 1
[2026-04-26 06:28:52] ADS value: 22.43
[2026-04-26 06:28:53] Ver: 1
[2026-04-26 06:28:54] ADS value: 22.43
[2026-04-26 06:28:54] Ver: 1
[2026-04-26 06:28:56] ADS value: 22.43
[2026-04-26 06:28:57] Ver: 1
[2026-04-26 06:28:59] running_opposite
[2026-04-26 06:36:29] ADS value: 22.42
[2026-04-26 06:36:30] Ver: 1
[2026-04-26 06:36:52] ADS value: 22.42
[2026-04-26 06:36:52] Ver: 1
[2026-04-26 06:37:30] ADS value: 22.42
[2026-04-26 06:37:30] ADS value: 22.42
[2026-04-26 06:37:30] ADS value: 22.42
[2026-04-26 06:37:30] ADS value: 22.42
[2026-04-26 06:37:30] Ver: 1
[2026-04-26 06:37:30] ADS value: 22.42
[2026-04-26 06:37:30] ADS value: 22.42
[2026-04-26 06:37:33] Ver: 1
[2026-04-26 06:37:39] ADS value: 22.42
[2026-04-26 06:37:39] Ver: 1
[2026-04-26 06:37:43] ADS value: 22.42
[2026-04-26 06:37:46] Ver: 1
[2026-04-26 06:37:47] ADS value: 22.42
[2026-04-26 06:37:49] Ver: 1
[2026-04-26 06:37:54] ADS value: 22.42
[2026-04-26 06:38:55] Ver: 1
[2026-04-26 06:38:55] ADS value: 22.42
[2026-04-26 06:38:55] Ver: 1
[2026-04-26 06:38:55] ADS value: 22.42
[2026-04-26 06:38:55] Ver: 1
[2026-04-26 06:38:55] ADS value: 22.42
[2026-04-26 06:38:55] Ver: 1
[2026-04-26 06:39:08] ADS value: 22.42
[2026-04-26 06:39:10] Ver: 1
[2026-04-26 06:39:12] ADS value: 22.42
[2026-04-26 06:39:20] Ver: 1
[2026-04-26 06:39:23] ADS value: 22.42
[2026-04-26 06:39:23] Ver: 1
[2026-04-26 06:39:23] ADS value: 22.42
[2026-04-26 06:39:23] Ver: 1
[2026-04-26 06:39:24] ADS value: 22.42
[2026-04-26 06:39:25] Ver: 1
[2026-04-26 06:39:27] ADS value: 22.42
[2026-04-26 06:39:27] Ver: 1
[2026-04-26 06:39:30] ADS value: 22.42
[2026-04-26 06:39:33] Ver: 1
[2026-04-26 06:39:35] ADS value: 22.42
[2026-04-26 06:39:36] Ver: 1
[2026-04-26 06:39:38] ADS value: 22.43
[2026-04-26 06:39:38] Ver: 1
[2026-04-26 06:39:40] ADS value: 22.42
[2026-04-26 06:39:41] Ver: 1
[2026-04-26 06:39:44] running_opposite
[2026-04-26 06:39:48] running_front
[2026-04-26 06:40:12] ADS value: 22.36
[2026-04-26 06:40:12] Ver: 1
[2026-04-26 06:40:16] ADS value: 22.37
[2026-04-26 06:40:17] Ver: 1
[2026-04-26 06:40:21] ADS value: 22.38
[2026-04-26 06:40:22] Ver: 1
[2026-04-26 06:40:23] ADS value: 22.39
[2026-04-26 06:40:24] Ver: 1
[2026-04-26 06:40:28] ADS value: 22.39
[2026-04-26 06:40:29] Ver: 1
[2026-04-26 06:40:30] ADS value: 22.39
[2026-04-26 06:40:31] Ver: 1
[2026-04-26 06:40:33] ADS value: 22.39
[2026-04-26 06:40:34] Ver: 1
[2026-04-26 06:40:36] ADS value: 22.39
[2026-04-26 06:40:37] Ver: 1
[2026-04-26 06:40:38] ADS value: 22.39
[2026-04-26 06:40:39] Ver: 1
[2026-04-26 06:40:46] Ver: 1
[2026-04-26 06:40:50] ADS value: 22.40
[2026-04-26 06:40:51] Ver: 1
[2026-04-26 06:40:53] ADS value: 22.40
[2026-04-26 06:41:03] ADS value: 22.40
[2026-04-26 06:41:07] Ver: 1
[2026-04-26 06:41:13] Ver: 1
[2026-04-26 06:41:15] ADS value: 22.40
[2026-04-26 06:41:17] Ver: 1
[2026-04-26 06:41:18] ADS value: 22.41
[2026-04-26 06:41:18] Ver: 1
[2026-04-26 06:41:20] ADS value: 22.41
[2026-04-26 06:41:20] Ver: 1
[2026-04-26 06:41:22] ADS value: 22.40
[2026-04-26 06:41:23] Ver: 1
[2026-04-26 06:41:24] ADS value: 22.41
[2026-04-26 06:41:25] Ver: 1
[2026-04-26 06:41:26] ADS value: 22.41
[2026-04-26 06:41:27] Ver: 1
[2026-04-26 06:41:28] ADS value: 22.41
[2026-04-26 06:41:30] Ver: 1
[2026-04-26 06:41:32] ADS value: 22.41
[2026-04-26 06:41:32] Ver: 1
[2026-04-26 06:41:34] ADS value: 22.41
[2026-04-26 06:41:34] Ver: 1
[2026-04-26 06:41:37] running_front
[2026-04-26 06:42:08] running_opposite
[2026-04-26 06:42:15] ADS value: 22.35
[2026-04-26 06:42:18] Ver: 1
[2026-04-26 06:42:22] ADS value: 22.36
[2026-04-26 06:42:22] Ver: 1
[2026-04-26 06:42:23] ADS value: 22.36
[2026-04-26 06:42:24] Ver: 1
[2026-04-26 06:42:26] ADS value: 22.36
[2026-04-26 06:42:27] Ver: 1
[2026-04-26 06:42:28] ADS value: 22.37
[2026-04-26 06:42:29] Ver: 1
[2026-04-26 06:42:31] ADS value: 22.37
[2026-04-26 06:42:31] Ver: 1
[2026-04-26 06:42:33] ADS value: 22.37
[2026-04-26 06:42:34] Ver: 1
[2026-04-26 06:42:35] ADS value: 22.38
[2026-04-26 06:42:37] Ver: 1
[2026-04-26 06:42:38] ADS value: 22.37
[2026-04-26 06:42:39] Ver: 1
[2026-04-26 06:42:40] ADS value: 22.38
[2026-04-26 06:42:41] Ver: 1
[2026-04-26 06:42:43] ADS value: 22.37
[2026-04-26 06:42:43] Ver: 1
[2026-04-26 06:42:46] ADS value: 22.38
[2026-04-26 06:42:52] Ver: 1
[2026-04-26 06:42:57] ADS value: 22.38
[2026-04-26 06:42:57] Ver: 1
[2026-04-26 06:42:57] ADS value: 22.38
[2026-04-26 06:42:57] Ver: 1
[2026-04-26 06:42:58] ADS value: 22.38
[2026-04-26 06:42:59] Ver: 1
[2026-04-26 06:43:02] running_opposite
[2026-04-26 06:43:06] running_front
[2026-04-26 06:47:08] ADS value: 22.40
[2026-04-26 06:47:08] Ver: 1
[2026-04-26 06:47:09] ADS value: 22.40
[2026-04-26 06:47:10] Ver: 1
[2026-04-26 06:47:11] ADS value: 22.39
[2026-04-26 06:47:12] Ver: 1
[2026-04-26 06:47:14] ADS value: 22.40
[2026-04-26 06:47:15] Ver: 1
[2026-04-26 06:47:17] ADS value: 22.39
[2026-04-26 06:47:17] Ver: 1
[2026-04-26 06:47:19] ADS value: 22.40
[2026-04-26 06:47:21] Ver: 1
[2026-04-26 06:47:22] ADS value: 22.39
[2026-04-26 06:47:23] Ver: 1
[2026-04-26 06:47:24] ADS value: 22.39
[2026-04-26 06:47:25] Ver: 1
[2026-04-26 06:47:26] ADS value: 22.39
[2026-04-26 06:47:28] Ver: 1
[2026-04-26 06:47:29] ADS value: 22.39
[2026-04-26 06:47:30] Ver: 1
[2026-04-26 06:47:31] ADS value: 22.40
[2026-04-26 06:47:31] Ver: 1
[2026-04-26 06:47:33] ADS value: 22.40
[2026-04-26 06:47:34] Ver: 1
[2026-04-26 06:47:35] ADS value: 22.40
[2026-04-26 06:47:35] Ver: 1
[2026-04-26 06:47:36] ADS value: 22.40
[2026-04-26 06:47:37] Ver: 1
[2026-04-26 06:47:38] ADS value: 22.40
[2026-04-26 06:47:39] Ver: 1
[2026-04-26 06:47:40] ADS value: 22.40
[2026-04-26 06:47:41] Ver: 1
[2026-04-26 06:47:42] ADS value: 22.39
[2026-04-26 06:47:43] Ver: 1
[2026-04-26 06:47:44] ADS value: 22.39
[2026-04-26 06:47:45] Ver: 1
[2026-04-26 06:47:47] ADS value: 22.39
[2026-04-26 06:47:48] Ver: 1
[2026-04-26 06:47:49] ADS value: 22.40
[2026-04-26 06:47:50] Ver: 1
[2026-04-26 06:47:51] ADS value: 22.40
[2026-04-26 06:47:52] Ver: 1
[2026-04-26 06:47:53] ADS value: 22.40
[2026-04-26 06:47:53] Ver: 1
[2026-04-26 06:47:55] ADS value: 22.40
[2026-04-26 06:47:55] Ver: 1
[2026-04-26 06:47:58] ADS value: 22.40
[2026-04-26 06:47:58] Ver: 1
[2026-04-26 06:48:00] ADS value: 22.40
[2026-04-26 06:48:00] Ver: 1
[2026-04-26 06:48:01] ADS value: 22.40
[2026-04-26 06:48:02] Ver: 1
[2026-04-26 06:48:04] ADS value: 22.40
[2026-04-26 06:48:04] Ver: 1
[2026-04-26 06:48:05] ADS value: 22.40
[2026-04-26 06:48:06] Ver: 1
[2026-04-26 06:48:07] ADS value: 22.40
[2026-04-26 06:48:08] Ver: 1
[2026-04-26 06:48:09] ADS value: 22.40
[2026-04-26 06:48:10] Ver: 1
[2026-04-26 06:48:11] ADS value: 22.40
[2026-04-26 06:48:12] Ver: 1
[2026-04-26 06:48:13] ADS value: 22.40
[2026-04-26 06:48:14] Ver: 1
[2026-04-26 06:48:15] ADS value: 22.40
[2026-04-26 06:48:16] Ver: 1
[2026-04-26 06:48:17] ADS value: 22.40
[2026-04-26 06:48:17] Ver: 1
[2026-04-26 06:48:19] ADS value: 22.40
[2026-04-26 06:48:19] Ver: 1
[2026-04-26 06:48:21] ADS value: 22.40
[2026-04-26 06:48:22] Ver: 1
[2026-04-26 06:48:23] ADS value: 22.39
[2026-04-26 06:48:24] Ver: 1
[2026-04-26 06:48:25] ADS value: 22.40
[2026-04-26 06:48:26] Ver: 1
[2026-04-26 06:48:27] ADS value: 22.39
[2026-04-26 06:48:28] Ver: 1
[2026-04-26 06:48:30] ADS value: 22.40
[2026-04-26 06:48:30] Ver: 1
[2026-04-26 06:48:35] ADS value: 22.39
[2026-04-26 06:48:36] Ver: 1
[2026-04-26 06:48:38] ADS value: 22.39
[2026-04-26 06:48:42] Ver: 1
[2026-04-26 06:48:43] ADS value: 22.39
[2026-04-26 06:48:43] Ver: 1
[2026-04-26 06:48:44] ADS value: 22.40
[2026-04-26 06:48:45] Ver: 1
[2026-04-26 06:48:46] ADS value: 22.40
[2026-04-26 06:48:47] Ver: 1
[2026-04-26 06:48:49] ADS value: 22.39
[2026-04-26 06:48:49] Ver: 1
[2026-04-26 06:48:51] ADS value: 22.39
[2026-04-26 06:49:01] Ver: 1
[2026-04-26 06:49:02] Ver: 1
[2026-04-26 06:49:04] ADS value: 22.40
[2026-04-26 06:49:07] Ver: 1
[2026-04-26 06:49:07] ADS value: 22.40
[2026-04-26 06:49:08] Ver: 1
[2026-04-26 06:49:09] ADS value: 22.39
[2026-04-26 06:49:10] Ver: 1
[2026-04-26 06:49:12] ADS value: 22.40
[2026-04-26 06:49:13] Ver: 1
[2026-04-26 06:49:14] ADS value: 22.40
[2026-04-26 06:49:16] Ver: 1
[2026-04-26 06:49:17] ADS value: 22.40
[2026-04-26 06:49:17] Ver: 1
[2026-04-26 06:49:19] ADS value: 22.40
[2026-04-26 06:49:20] Ver: 1
[2026-04-26 06:49:21] ADS value: 22.40
[2026-04-26 06:49:22] Ver: 1
[2026-04-26 06:49:23] ADS value: 22.39
[2026-04-26 06:49:24] Ver: 1
[2026-04-26 06:49:25] ADS value: 22.40
[2026-04-26 06:49:26] Ver: 1
[2026-04-26 06:49:27] ADS value: 22.40
[2026-04-26 06:49:28] Ver: 1
[2026-04-26 06:49:29] ADS value: 22.40
[2026-04-26 06:49:30] Ver: 1
[2026-04-26 06:49:31] ADS value: 22.40
[2026-04-26 06:49:32] Ver: 1
[2026-04-26 06:49:34] ADS value: 22.40
[2026-04-26 06:49:34] Ver: 1
[2026-04-26 06:49:36] ADS value: 22.39
[2026-04-26 06:49:36] Ver: 1
[2026-04-26 06:49:38] ADS value: 22.40
[2026-04-26 06:49:39] Ver: 1
[2026-04-26 06:49:40] ADS value: 22.40
[2026-04-26 06:49:40] Ver: 1
[2026-04-26 06:49:42] ADS value: 22.40
[2026-04-26 06:49:42] Ver: 1
[2026-04-26 06:49:44] ADS value: 22.40
[2026-04-26 06:49:45] Ver: 1
[2026-04-26 06:49:46] ADS value: 22.40
[2026-04-26 06:49:47] Ver: 1
[2026-04-26 06:49:48] ADS value: 22.40
[2026-04-26 06:49:49] Ver: 1
[2026-04-26 06:49:50] ADS value: 22.40
[2026-04-26 06:49:51] Ver: 1
[2026-04-26 06:49:52] ADS value: 22.40
[2026-04-26 06:49:53] Ver: 1
[2026-04-26 06:49:55] ADS value: 22.40
[2026-04-26 06:49:56] Ver: 1
[2026-04-26 06:49:57] ADS value: 22.40
[2026-04-26 06:49:58] Ver: 1
[2026-04-26 06:50:00] ADS value: 22.40
[2026-04-26 06:50:01] Ver: 1
[2026-04-26 06:50:03] ADS value: 22.40
[2026-04-26 06:50:04] Ver: 1
[2026-04-26 06:50:05] ADS value: 22.40
[2026-04-26 06:50:05] Ver: 1
[2026-04-26 06:50:07] ADS value: 22.40
[2026-04-26 06:50:08] Ver: 1
[2026-04-26 06:50:09] ADS value: 22.39
[2026-04-26 06:50:10] Ver: 1
[2026-04-26 06:50:12] ADS value: 22.40
[2026-04-26 06:50:13] Ver: 1
[2026-04-26 06:50:15] ADS value: 22.40
[2026-04-26 06:50:15] Ver: 1
[2026-04-26 06:50:17] ADS value: 22.39
[2026-04-26 06:50:17] Ver: 1
[2026-04-26 06:50:19] ADS value: 22.40
[2026-04-26 06:50:19] Ver: 1
[2026-04-26 06:50:20] ADS value: 22.40
[2026-04-26 06:50:21] Ver: 1
[2026-04-26 06:50:22] ADS value: 22.39
[2026-04-26 06:50:24] Ver: 1
[2026-04-26 06:50:25] ADS value: 22.40
[2026-04-26 06:50:25] Ver: 1
[2026-04-26 06:50:27] ADS value: 22.40
[2026-04-26 06:50:27] Ver: 1
[2026-04-26 06:50:30] ADS value: 22.40
[2026-04-26 06:50:32] Ver: 1
[2026-04-26 06:50:32] ADS value: 22.39
[2026-04-26 06:50:33] Ver: 1
[2026-04-26 06:50:36] ADS value: 22.40
[2026-04-26 06:50:37] Ver: 1
[2026-04-26 06:50:39] ADS value: 22.40
[2026-04-26 06:50:39] Ver: 1
[2026-04-26 06:50:47] Ver: 1
[2026-04-26 06:50:50] ADS value: 22.39
[2026-04-26 06:50:50] Ver: 1
[2026-04-26 06:50:52] ADS value: 22.40
[2026-04-26 06:50:52] Ver: 1
[2026-04-26 06:50:54] ADS value: 22.40
[2026-04-26 06:50:55] Ver: 1
[2026-04-26 06:50:59] ADS value: 22.39
[2026-04-26 06:51:00] Ver: 1
[2026-04-26 06:51:02] ADS value: 22.40
[2026-04-26 06:51:02] Ver: 1
[2026-04-26 06:51:04] ADS value: 22.40
[2026-04-26 06:51:04] Ver: 1
[2026-04-26 06:51:06] ADS value: 22.40
[2026-04-26 06:51:07] Ver: 1
[2026-04-26 06:51:08] ADS value: 22.40
[2026-04-26 06:51:08] Ver: 1
[2026-04-26 06:51:10] ADS value: 22.40
[2026-04-26 06:51:11] Ver: 1
[2026-04-26 06:51:12] ADS value: 22.40
[2026-04-26 06:51:13] Ver: 1
[2026-04-26 06:51:14] ADS value: 22.40
[2026-04-26 06:51:15] Ver: 1
[2026-04-26 06:51:16] ADS value: 22.40
[2026-04-26 06:51:17] Ver: 1
[2026-04-26 06:51:18] ADS value: 22.40
[2026-04-26 06:51:19] Ver: 1
[2026-04-26 06:51:20] ADS value: 22.40
[2026-04-26 06:51:22] Ver: 1
[2026-04-26 06:51:24] ADS value: 22.40
[2026-04-26 06:51:24] Ver: 1
[2026-04-26 06:51:26] ADS value: 22.40
[2026-04-26 06:51:26] Ver: 1
[2026-04-26 06:51:28] ADS value: 22.40
[2026-04-26 06:51:28] Ver: 1
[2026-04-26 06:51:30] ADS value: 22.40
[2026-04-26 06:51:30] Ver: 1
[2026-04-26 06:51:31] ADS value: 22.40
[2026-04-26 06:51:32] Ver: 1
[2026-04-26 06:51:34] ADS value: 22.39
[2026-04-26 06:51:35] Ver: 1
[2026-04-26 06:51:37] ADS value: 22.40
[2026-04-26 06:51:37] Ver: 1
[2026-04-26 06:51:39] ADS value: 22.40
[2026-04-26 06:51:41] Ver: 1
[2026-04-26 06:51:42] ADS value: 22.40
[2026-04-26 06:51:43] Ver: 1
[2026-04-26 06:51:45] ADS value: 22.40
[2026-04-26 06:51:46] Ver: 1
[2026-04-26 06:51:48] ADS value: 22.40
[2026-04-26 06:51:48] Ver: 1
[2026-04-26 06:51:51] ADS value: 22.40
[2026-04-26 06:51:52] Ver: 1
[2026-04-26 06:51:53] ADS value: 22.40
[2026-04-26 06:51:54] Ver: 1
[2026-04-26 06:51:55] ADS value: 22.40
[2026-04-26 06:51:56] Ver: 1
[2026-04-26 06:51:57] ADS value: 22.40
[2026-04-26 06:51:58] Ver: 1
[2026-04-26 06:51:59] ADS value: 22.40
[2026-04-26 06:52:00] Ver: 1
[2026-04-26 06:52:01] ADS value: 22.40
[2026-04-26 06:52:02] Ver: 1
[2026-04-26 06:52:03] ADS value: 22.40
[2026-04-26 06:52:04] Ver: 1
[2026-04-26 06:52:06] ADS value: 22.40
[2026-04-26 06:52:07] Ver: 1
[2026-04-26 06:52:08] ADS value: 22.40
[2026-04-26 06:52:09] Ver: 1
[2026-04-26 06:52:10] ADS value: 22.40
[2026-04-26 06:52:11] Ver: 1
[2026-04-26 06:52:12] ADS value: 22.40
[2026-04-26 06:52:13] Ver: 1
[2026-04-26 06:52:15] ADS value: 22.40
[2026-04-26 06:52:15] Ver: 1
[2026-04-26 06:52:17] ADS value: 22.40
[2026-04-26 06:52:17] Ver: 1
[2026-04-26 06:52:19] ADS value: 22.40
[2026-04-26 06:52:20] Ver: 1
[2026-04-26 06:52:21] ADS value: 22.40
[2026-04-26 06:52:22] Ver: 1
[2026-04-26 06:52:24] ADS value: 22.40
[2026-04-26 06:52:24] Ver: 1
[2026-04-26 06:52:26] ADS value: 22.39
[2026-04-26 06:52:26] Ver: 1
[2026-04-26 06:52:28] ADS value: 22.40
[2026-04-26 06:52:28] Ver: 1
[2026-04-26 06:52:29] ADS value: 22.40
[2026-04-26 06:52:30] Ver: 1
[2026-04-26 06:52:32] ADS value: 22.39
[2026-04-26 06:52:32] Ver: 1
[2026-04-26 06:52:34] ADS value: 22.40
[2026-04-26 06:52:35] Ver: 1
[2026-04-26 06:52:36] ADS value: 22.40
[2026-04-26 06:52:36] Ver: 1
[2026-04-26 06:52:38] ADS value: 22.40
[2026-04-26 06:52:39] Ver: 1
[2026-04-26 06:52:40] ADS value: 22.40
[2026-04-26 06:52:40] Ver: 1
[2026-04-26 06:52:42] ADS value: 22.40
[2026-04-26 06:52:42] Ver: 1
[2026-04-26 06:52:44] ADS value: 22.40
[2026-04-26 06:52:44] Ver: 1
[2026-04-26 06:52:46] ADS value: 22.40
[2026-04-26 06:52:46] Ver: 1
[2026-04-26 06:52:48] ADS value: 22.40
[2026-04-26 06:52:49] Ver: 1
[2026-04-26 06:52:50] ADS value: 22.40
[2026-04-26 06:52:51] Ver: 1
[2026-04-26 06:52:52] ADS value: 22.40
[2026-04-26 06:52:53] Ver: 1
[2026-04-26 06:52:55] ADS value: 22.40
[2026-04-26 06:52:55] Ver: 1
[2026-04-26 06:52:56] ADS value: 22.40
[2026-04-26 06:52:57] Ver: 1
[2026-04-26 06:52:59] ADS value: 22.40
[2026-04-26 06:53:00] Ver: 1
[2026-04-26 06:53:01] ADS value: 22.40
[2026-04-26 06:53:05] Ver: 1
[2026-04-26 06:53:06] ADS value: 22.39
[2026-04-26 06:53:07] Ver: 1
[2026-04-26 06:53:08] ADS value: 22.40
[2026-04-26 06:53:09] Ver: 1
[2026-04-26 06:53:10] ADS value: 22.40
[2026-04-26 06:53:11] Ver: 1
[2026-04-26 06:53:12] ADS value: 22.40
[2026-04-26 06:53:13] Ver: 1
[2026-04-26 06:53:15] ADS value: 22.40
[2026-04-26 06:53:15] Ver: 1
[2026-04-26 06:53:16] ADS value: 22.40
[2026-04-26 06:53:17] Ver: 1
[2026-04-26 06:53:18] ADS value: 22.40
[2026-04-26 06:53:19] Ver: 1
[2026-04-26 06:53:20] ADS value: 22.40
[2026-04-26 06:53:21] Ver: 1
[2026-04-26 06:53:22] ADS value: 22.40
[2026-04-26 06:53:23] Ver: 1
[2026-04-26 06:53:24] ADS value: 22.40
[2026-04-26 06:53:24] Ver: 1
[2026-04-26 06:53:26] ADS value: 22.40
[2026-04-26 06:53:26] Ver: 1
[2026-04-26 06:53:27] ADS value: 22.40
[2026-04-26 06:53:28] Ver: 1
[2026-04-26 06:53:29] ADS value: 22.40
[2026-04-26 06:53:29] Ver: 1
[2026-04-26 06:53:30] ADS value: 22.40
[2026-04-26 06:53:31] Ver: 1
[2026-04-26 06:53:32] ADS value: 22.40
[2026-04-26 06:53:33] Ver: 1
[2026-04-26 06:53:34] ADS value: 22.40
[2026-04-26 06:53:35] Ver: 1
[2026-04-26 06:53:36] ADS value: 22.40
[2026-04-26 06:53:36] Ver: 1
[2026-04-26 06:53:38] ADS value: 22.40
[2026-04-26 06:53:39] Ver: 1
[2026-04-26 06:53:41] ADS value: 22.40
[2026-04-26 06:53:41] Ver: 1
[2026-04-26 06:53:44] running_front
[2026-04-26 06:54:29] running_opposite
[2026-04-26 06:54:39] ADS value: 22.37
[2026-04-26 06:54:39] Ver: 1
[2026-04-26 06:54:40] ADS value: 22.38
[2026-04-26 06:54:41] Ver: 1
[2026-04-26 06:54:42] ADS value: 22.38
[2026-04-26 06:54:43] Ver: 1
[2026-04-26 06:54:47] ADS value: 22.38
[2026-04-26 06:54:48] Ver: 1
[2026-04-26 06:54:49] ADS value: 22.39
[2026-04-26 06:54:50] Ver: 1
[2026-04-26 06:54:52] ADS value: 22.39
[2026-04-26 06:54:52] Ver: 1
[2026-04-26 06:54:54] ADS value: 22.39
[2026-04-26 06:54:54] Ver: 1
[2026-04-26 06:54:56] ADS value: 22.39
[2026-04-26 06:54:57] Ver: 1
[2026-04-26 06:55:07] ADS value: 22.39
[2026-04-26 06:55:08] ADS value: 22.38
[2026-04-26 06:55:09] Ver: 1
[2026-04-26 06:55:10] ADS value: 22.39
[2026-04-26 06:55:11] Ver: 1
[2026-04-26 06:55:13] ADS value: 22.39
[2026-04-26 06:55:13] Ver: 1
[2026-04-26 06:55:15] ADS value: 22.39
[2026-04-26 06:55:15] Ver: 1
[2026-04-26 06:55:17] ADS value: 22.39
[2026-04-26 06:55:17] Ver: 1
[2026-04-26 06:55:19] ADS value: 22.39
[2026-04-26 06:55:20] Ver: 1
[2026-04-26 06:55:22] ADS value: 22.39
[2026-04-26 06:55:23] Ver: 1
[2026-04-26 06:55:24] ADS value: 22.39
[2026-04-26 06:55:25] Ver: 1
[2026-04-26 06:55:26] ADS value: 22.39
[2026-04-26 06:55:27] Ver: 1
[2026-04-26 06:55:28] ADS value: 22.39
[2026-04-26 06:55:28] Ver: 1
[2026-04-26 06:55:30] ADS value: 22.39
[2026-04-26 06:55:30] Ver: 1
[2026-04-26 06:55:32] ADS value: 22.39
[2026-04-26 06:55:33] Ver: 1
[2026-04-26 06:55:35] ADS value: 22.39
[2026-04-26 06:55:36] Ver: 1
[2026-04-26 06:55:37] ADS value: 22.39
[2026-04-26 06:55:38] Ver: 1
[2026-04-26 06:55:39] ADS value: 22.39
[2026-04-26 06:55:40] Ver: 1
[2026-04-26 06:55:41] ADS value: 22.39
[2026-04-26 06:55:42] Ver: 1
[2026-04-26 06:55:43] ADS value: 22.39
[2026-04-26 06:55:44] Ver: 1
[2026-04-26 06:55:45] ADS value: 22.39
[2026-04-26 06:55:46] Ver: 1
[2026-04-26 06:55:48] ADS value: 22.39
[2026-04-26 06:55:48] Ver: 1
[2026-04-26 06:55:50] ADS value: 22.39
[2026-04-26 06:55:50] Ver: 1
[2026-04-26 06:55:52] ADS value: 22.39
[2026-04-26 06:55:52] Ver: 1
[2026-04-26 06:55:54] ADS value: 22.39
[2026-04-26 06:55:55] Ver: 1
[2026-04-26 06:55:56] ADS value: 22.39
[2026-04-26 06:55:57] Ver: 1
[2026-04-26 06:56:01] ADS value: 22.39
[2026-04-26 06:56:02] Ver: 1
[2026-04-26 06:56:03] ADS value: 22.39
[2026-04-26 06:56:03] Ver: 1
[2026-04-26 06:56:05] ADS value: 22.39
[2026-04-26 06:56:05] Ver: 1
[2026-04-26 06:56:07] ADS value: 22.39
[2026-04-26 06:56:07] Ver: 1
[2026-04-26 06:56:08] ADS value: 22.39
[2026-04-26 06:56:09] Ver: 1
[2026-04-26 06:56:11] ADS value: 22.39
[2026-04-26 06:56:12] Ver: 1
[2026-04-26 06:56:16] ADS value: 22.38
[2026-04-26 06:56:17] Ver: 1
[2026-04-26 06:56:18] ADS value: 22.39
[2026-04-26 06:56:19] Ver: 1
[2026-04-26 06:56:20] ADS value: 22.39
[2026-04-26 06:56:21] Ver: 1
[2026-04-26 06:56:22] ADS value: 22.39
[2026-04-26 06:56:23] Ver: 1
[2026-04-26 06:56:24] ADS value: 22.39
[2026-04-26 06:56:25] Ver: 1
[2026-04-26 06:56:26] ADS value: 22.39
[2026-04-26 06:56:27] Ver: 1
[2026-04-26 06:56:28] ADS value: 22.39
[2026-04-26 06:56:29] Ver: 1
[2026-04-26 06:56:30] ADS value: 22.39
[2026-04-26 06:56:30] Ver: 1
[2026-04-26 06:56:32] ADS value: 22.39
[2026-04-26 06:56:32] Ver: 1
[2026-04-26 06:56:33] ADS value: 22.39
[2026-04-26 06:56:34] Ver: 1
[2026-04-26 06:56:35] ADS value: 22.39
[2026-04-26 06:56:36] Ver: 1
[2026-04-26 06:56:40] ADS value: 22.39
[2026-04-26 06:56:41] Ver: 1
[2026-04-26 06:56:43] ADS value: 22.39
[2026-04-26 06:56:43] Ver: 1
[2026-04-26 06:56:45] ADS value: 22.39
[2026-04-26 06:56:45] Ver: 1
[2026-04-26 06:56:46] ADS value: 22.39
[2026-04-26 06:56:47] Ver: 1
[2026-04-26 06:56:51] ADS value: 22.39
[2026-04-26 06:56:52] Ver: 1
[2026-04-26 06:56:54] ADS value: 22.39
[2026-04-26 06:56:54] Ver: 1
[2026-04-26 06:56:58] ADS value: 22.39
[2026-04-26 06:56:59] Ver: 1
[2026-04-26 06:57:00] ADS value: 22.39
[2026-04-26 06:57:01] Ver: 1
[2026-04-26 06:57:02] ADS value: 22.39
[2026-04-26 06:57:08] Ver: 1
[2026-04-26 06:57:09] ADS value: 22.40
[2026-04-26 06:57:11] Ver: 1
[2026-04-26 06:57:12] ADS value: 22.39
[2026-04-26 06:57:13] Ver: 1
[2026-04-26 06:57:15] ADS value: 22.39
[2026-04-26 06:57:16] Ver: 1
[2026-04-26 06:57:17] ADS value: 22.39
[2026-04-26 06:57:18] Ver: 1
[2026-04-26 06:57:19] ADS value: 22.39
[2026-04-26 06:57:26] Ver: 1
[2026-04-26 06:57:31] Ver: 1
[2026-04-26 06:58:41] ADS value: 22.39
[2026-04-26 06:58:41] ADS value: 22.39
[2026-04-26 06:58:41] Ver: 1
[2026-04-26 06:58:41] ADS value: 22.39
[2026-04-26 06:58:41] Ver: 1
[2026-04-26 06:58:41] ADS value: 22.39
[2026-04-26 06:58:41] Ver: 1
[2026-04-26 06:58:43] Ver: 1
[2026-04-26 06:58:44] ADS value: 22.39
[2026-04-26 06:58:45] Ver: 1
[2026-04-26 06:58:46] ADS value: 22.39
[2026-04-26 06:58:47] Ver: 1
[2026-04-26 06:58:48] ADS value: 22.39
[2026-04-26 06:58:49] Ver: 1
[2026-04-26 06:58:55] Ver: 1
[2026-04-26 06:58:56] ADS value: 22.40
[2026-04-26 06:58:57] Ver: 1
[2026-04-26 06:58:58] ADS value: 22.39
[2026-04-26 06:58:59] Ver: 1
[2026-04-26 06:59:00] ADS value: 22.39
[2026-04-26 06:59:01] Ver: 1
[2026-04-26 06:59:03] ADS value: 22.39
[2026-04-26 06:59:04] Ver: 1
[2026-04-26 06:59:05] ADS value: 22.39
[2026-04-26 06:59:06] Ver: 1
[2026-04-26 06:59:07] ADS value: 22.39
[2026-04-26 06:59:08] Ver: 1
[2026-04-26 06:59:10] ADS value: 22.39
[2026-04-26 06:59:10] Ver: 1
[2026-04-26 06:59:17] ADS value: 22.39
[2026-04-26 06:59:17] Ver: 1
[2026-04-26 06:59:18] ADS value: 22.39
[2026-04-26 06:59:18] Ver: 1
[2026-04-26 06:59:19] ADS value: 22.39
[2026-04-26 06:59:20] Ver: 1
[2026-04-26 06:59:24] ADS value: 22.39
[2026-04-26 06:59:25] Ver: 1
[2026-04-26 06:59:27] ADS value: 22.39
[2026-04-26 06:59:27] Ver: 1
[2026-04-26 06:59:29] ADS value: 22.39
[2026-04-26 06:59:29] Ver: 1
[2026-04-26 06:59:31] ADS value: 22.39
[2026-04-26 06:59:31] Ver: 1
[2026-04-26 06:59:33] ADS value: 22.39
[2026-04-26 06:59:36] Ver: 1
[2026-04-26 06:59:44] Ver: 1
[2026-04-26 06:59:45] ADS value: 22.39
[2026-04-26 06:59:46] Ver: 1
[2026-04-26 06:59:47] ADS value: 22.39
[2026-04-26 06:59:47] Ver: 1
[2026-04-26 06:59:49] ADS value: 22.39
[2026-04-26 06:59:50] Ver: 1
[2026-04-26 06:59:56] Ver: 1
[2026-04-26 06:59:58] ADS value: 22.39
[2026-04-26 06:59:59] Ver: 1
[2026-04-26 07:00:00] ADS value: 22.39
[2026-04-26 07:00:01] Ver: 1
[2026-04-26 07:00:02] ADS value: 22.39
[2026-04-26 07:00:03] Ver: 1
[2026-04-26 07:00:04] ADS value: 22.39
[2026-04-26 07:00:04] Ver: 1
[2026-04-26 07:00:06] ADS value: 22.39
[2026-04-26 07:00:07] Ver: 1
[2026-04-26 07:00:09] ADS value: 22.40
[2026-04-26 07:00:10] Ver: 1
[2026-04-26 07:00:11] ADS value: 22.39
[2026-04-26 07:00:12] Ver: 1
[2026-04-26 07:00:13] ADS value: 22.39
[2026-04-26 07:00:14] Ver: 1
[2026-04-26 07:00:15] ADS value: 22.39
[2026-04-26 07:00:16] Ver: 1
[2026-04-26 07:00:18] ADS value: 22.39
[2026-04-26 07:00:18] Ver: 1
[2026-04-26 07:00:19] ADS value: 22.39
[2026-04-26 07:00:20] Ver: 1
[2026-04-26 07:00:21] ADS value: 22.39
[2026-04-26 07:00:22] Ver: 1
[2026-04-26 07:00:24] ADS value: 22.39
[2026-04-26 07:00:24] Ver: 1
[2026-04-26 07:00:26] ADS value: 22.40
[2026-04-26 07:00:27] Ver: 1
[2026-04-26 07:00:28] ADS value: 22.39
[2026-04-26 07:00:29] Ver: 1
[2026-04-26 07:00:30] ADS value: 22.39
[2026-04-26 07:00:31] Ver: 1
[2026-04-26 07:00:32] ADS value: 22.39
[2026-04-26 07:00:33] Ver: 1
[2026-04-26 07:00:39] ADS value: 22.39
[2026-04-26 07:00:39] Ver: 1
[2026-04-26 07:00:39] ADS value: 22.39
[2026-04-26 07:00:40] Ver: 1
[2026-04-26 07:00:41] ADS value: 22.40
[2026-04-26 07:00:42] Ver: 1
[2026-04-26 07:00:43] ADS value: 22.39
[2026-04-26 07:00:44] Ver: 1
[2026-04-26 07:00:45] ADS value: 22.39
[2026-04-26 07:00:46] Ver: 1
[2026-04-26 07:00:47] ADS value: 22.39
[2026-04-26 07:00:48] Ver: 1
[2026-04-26 07:01:10] ADS value: 22.39
[2026-04-26 07:01:10] ADS value: 22.39
[2026-04-26 07:01:10] Ver: 1
[2026-04-26 07:01:10] ADS value: 22.39
[2026-04-26 07:01:10] Ver: 1
[2026-04-26 07:01:10] ADS value: 22.39
[2026-04-26 07:01:10] Ver: 1
[2026-04-26 07:01:22] Ver: 1
[2026-04-26 07:01:22] Ver: 1
[2026-04-26 07:01:22] ADS value: 22.39
[2026-04-26 07:01:22] Ver: 1
[2026-04-26 07:01:26] ADS value: 22.39
[2026-04-26 07:01:27] Ver: 1
[2026-04-26 07:01:29] ADS value: 22.39
[2026-04-26 07:01:30] Ver: 1
[2026-04-26 07:01:31] ADS value: 22.39
[2026-04-26 07:01:32] Ver: 1
[2026-04-26 07:01:34] ADS value: 22.39
[2026-04-26 07:01:35] Ver: 1
[2026-04-26 07:01:37] ADS value: 22.39
[2026-04-26 07:01:41] Ver: 1
[2026-04-26 07:01:41] ADS value: 22.39
[2026-04-26 07:01:44] Ver: 1
[2026-04-26 07:01:44] ADS value: 22.39
[2026-04-26 07:01:44] Ver: 1
[2026-04-26 07:01:45] ADS value: 22.39
[2026-04-26 07:01:46] Ver: 1
[2026-04-26 07:01:48] ADS value: 22.39
[2026-04-26 07:01:48] Ver: 1
[2026-04-26 07:01:50] ADS value: 22.39
[2026-04-26 07:01:51] Ver: 1
[2026-04-26 07:01:52] ADS value: 22.39
[2026-04-26 07:01:53] Ver: 1
[2026-04-26 07:01:57] ADS value: 22.39
[2026-04-26 07:01:57] Ver: 1
[2026-04-26 07:02:00] ADS value: 22.39
[2026-04-26 07:02:01] Ver: 1
[2026-04-26 07:02:02] ADS value: 22.39
[2026-04-26 07:02:03] Ver: 1
[2026-04-26 07:02:04] ADS value: 22.39
[2026-04-26 07:02:05] Ver: 1
[2026-04-26 07:02:12] Ver: 1
[2026-04-26 07:02:13] ADS value: 22.39
[2026-04-26 07:02:14] Ver: 1
[2026-04-26 07:02:15] ADS value: 22.39
[2026-04-26 07:02:15] Ver: 1
[2026-04-26 07:02:17] ADS value: 22.39
[2026-04-26 07:02:17] Ver: 1
[2026-04-26 07:02:19] ADS value: 22.40
[2026-04-26 07:02:19] Ver: 1
[2026-04-26 07:02:21] ADS value: 22.39
[2026-04-26 07:02:21] Ver: 1
[2026-04-26 07:02:23] ADS value: 22.39
[2026-04-26 07:02:24] Ver: 1
[2026-04-26 07:02:25] ADS value: 22.39
[2026-04-26 07:02:26] Ver: 1
[2026-04-26 07:02:28] ADS value: 22.39
[2026-04-26 07:02:28] Ver: 1
[2026-04-26 07:02:30] ADS value: 22.39
[2026-04-26 07:02:30] Ver: 1
[2026-04-26 07:02:32] ADS value: 22.39
[2026-04-26 07:02:33] Ver: 1
[2026-04-26 07:02:34] ADS value: 22.39
[2026-04-26 07:02:35] Ver: 1
[2026-04-26 07:02:36] ADS value: 22.39
[2026-04-26 07:02:37] Ver: 1
[2026-04-26 07:02:38] ADS value: 22.39
[2026-04-26 07:02:39] Ver: 1
[2026-04-26 07:02:41] ADS value: 22.39
[2026-04-26 07:02:41] Ver: 1
[2026-04-26 07:02:43] ADS value: 22.39
[2026-04-26 07:02:43] Ver: 1
[2026-04-26 07:02:44] ADS value: 22.39
[2026-04-26 07:02:45] Ver: 1
[2026-04-26 07:02:46] ADS value: 22.39
[2026-04-26 07:02:47] Ver: 1
[2026-04-26 07:02:48] ADS value: 22.39
[2026-04-26 07:02:49] Ver: 1
[2026-04-26 07:02:54] ADS value: 22.39
[2026-04-26 07:02:55] Ver: 1
[2026-04-26 07:02:56] ADS value: 22.39
[2026-04-26 07:02:57] Ver: 1
[2026-04-26 07:02:59] ADS value: 22.39
[2026-04-26 07:03:00] Ver: 1
[2026-04-26 07:03:01] ADS value: 22.39
[2026-04-26 07:03:02] Ver: 1
[2026-04-26 07:03:03] ADS value: 22.39
[2026-04-26 07:03:04] Ver: 1
[2026-04-26 07:03:05] ADS value: 22.39
[2026-04-26 07:03:06] Ver: 1
[2026-04-26 07:03:08] ADS value: 22.39
[2026-04-26 07:03:09] Ver: 1
[2026-04-26 07:03:11] ADS value: 22.39
[2026-04-26 07:03:12] Ver: 1
[2026-04-26 07:03:13] ADS value: 22.39
[2026-04-26 07:03:14] Ver: 1
[2026-04-26 07:03:19] ADS value: 22.39
[2026-04-26 07:03:19] Ver: 1
[2026-04-26 07:03:30] ADS value: 22.39
[2026-04-26 07:03:31] Ver: 1
[2026-04-26 07:03:32] ADS value: 22.39
[2026-04-26 07:03:33] Ver: 1
[2026-04-26 07:03:35] ADS value: 22.39
[2026-04-26 07:03:37] Ver: 1
[2026-04-26 07:03:38] ADS value: 22.39
[2026-04-26 07:03:39] Ver: 1
[2026-04-26 07:03:40] ADS value: 22.39
[2026-04-26 07:03:41] Ver: 1
[2026-04-26 07:03:42] ADS value: 22.39
[2026-04-26 07:03:43] Ver: 1
[2026-04-26 07:03:45] ADS value: 22.39
[2026-04-26 07:03:45] Ver: 1
[2026-04-26 07:03:47] ADS value: 22.39
[2026-04-26 07:03:47] Ver: 1
[2026-04-26 07:03:49] ADS value: 22.39
[2026-04-26 07:03:49] Ver: 1
[2026-04-26 07:03:51] ADS value: 22.40
[2026-04-26 07:03:51] Ver: 1
[2026-04-26 07:03:53] ADS value: 22.39
[2026-04-26 07:03:53] Ver: 1
[2026-04-26 07:03:55] ADS value: 22.40
[2026-04-26 07:03:55] Ver: 1
[2026-04-26 07:03:57] ADS value: 22.39
[2026-04-26 07:03:57] Ver: 1
[2026-04-26 07:03:59] ADS value: 22.39
[2026-04-26 07:03:59] Ver: 1
[2026-04-26 07:04:01] ADS value: 22.39
[2026-04-26 07:04:01] Ver: 1
[2026-04-26 07:04:03] ADS value: 22.39
[2026-04-26 07:04:03] Ver: 1
[2026-04-26 07:04:05] ADS value: 22.39
[2026-04-26 07:04:06] Ver: 1
[2026-04-26 07:04:08] ADS value: 22.39
[2026-04-26 07:04:08] Ver: 1
[2026-04-26 07:04:10] ADS value: 22.39
[2026-04-26 07:04:10] Ver: 1
[2026-04-26 07:04:12] ADS value: 22.39
[2026-04-26 07:04:12] Ver: 1
[2026-04-26 07:04:17] ADS value: 22.39
[2026-04-26 07:04:18] Ver: 1
[2026-04-26 07:04:19] ADS value: 22.39
[2026-04-26 07:04:20] Ver: 1
[2026-04-26 07:04:21] ADS value: 22.39
[2026-04-26 07:04:22] Ver: 1
[2026-04-26 07:04:23] ADS value: 22.39
[2026-04-26 07:04:24] Ver: 1
[2026-04-26 07:04:25] ADS value: 22.39
[2026-04-26 07:04:26] Ver: 1
[2026-04-26 07:04:27] ADS value: 22.39
[2026-04-26 07:04:28] Ver: 1
[2026-04-26 07:04:29] ADS value: 22.39
[2026-04-26 07:04:30] Ver: 1
[2026-04-26 07:04:31] ADS value: 22.39
[2026-04-26 07:04:31] Ver: 1
[2026-04-26 07:04:33] ADS value: 22.39
[2026-04-26 07:04:34] Ver: 1
[2026-04-26 07:04:35] ADS value: 22.39
[2026-04-26 07:04:36] Ver: 1
[2026-04-26 07:04:37] ADS value: 22.39
[2026-04-26 07:04:38] Ver: 1
[2026-04-26 07:04:39] ADS value: 22.39
[2026-04-26 07:04:39] Ver: 1
[2026-04-26 07:04:41] ADS value: 22.39
[2026-04-26 07:04:41] Ver: 1
[2026-04-26 07:04:43] ADS value: 22.39
[2026-04-26 07:04:43] Ver: 1
[2026-04-26 07:04:44] ADS value: 22.39
[2026-04-26 07:04:45] Ver: 1
[2026-04-26 07:04:46] ADS value: 22.39
[2026-04-26 07:04:47] Ver: 1
[2026-04-26 07:04:49] ADS value: 22.39
[2026-04-26 07:05:01] ADS value: 22.39
[2026-04-26 07:05:01] Ver: 1
[2026-04-26 07:05:02] ADS value: 22.39
[2026-04-26 07:05:03] Ver: 1
[2026-04-26 07:05:04] ADS value: 22.39
[2026-04-26 07:05:05] Ver: 1
[2026-04-26 07:05:06] ADS value: 22.39
[2026-04-26 07:05:07] Ver: 1
[2026-04-26 07:05:08] ADS value: 22.39
[2026-04-26 07:05:09] Ver: 1
[2026-04-26 07:05:13] ADS value: 22.39
[2026-04-26 07:05:14] Ver: 1
[2026-04-26 07:05:15] ADS value: 22.39
[2026-04-26 07:05:15] Ver: 1
[2026-04-26 07:05:17] ADS value: 22.39
[2026-04-26 07:05:17] Ver: 1
[2026-04-26 07:05:19] ADS value: 22.39
[2026-04-26 07:05:19] Ver: 1
[2026-04-26 07:05:21] ADS value: 22.39
[2026-04-26 07:05:21] Ver: 1
[2026-04-26 07:05:23] ADS value: 22.39
[2026-04-26 07:05:23] Ver: 1
[2026-04-26 07:05:25] ADS value: 22.39
[2026-04-26 07:05:25] Ver: 1
[2026-04-26 07:05:27] ADS value: 22.39
[2026-04-26 07:05:28] Ver: 1
[2026-04-26 07:05:29] ADS value: 22.39
[2026-04-26 07:05:30] Ver: 1
[2026-04-26 07:05:31] ADS value: 22.39
[2026-04-26 07:05:31] Ver: 1
[2026-04-26 07:05:33] ADS value: 22.39
[2026-04-26 07:05:34] Ver: 1
[2026-04-26 07:05:35] ADS value: 22.39
[2026-04-26 07:05:36] Ver: 1
[2026-04-26 07:05:37] ADS value: 22.39
[2026-04-26 07:05:38] Ver: 1
[2026-04-26 07:05:39] ADS value: 22.39
[2026-04-26 07:05:40] Ver: 1
[2026-04-26 07:05:41] ADS value: 22.39
[2026-04-26 07:05:42] Ver: 1
[2026-04-26 07:05:44] ADS value: 22.39
[2026-04-26 07:05:44] Ver: 1
[2026-04-26 07:05:46] ADS value: 22.39
[2026-04-26 07:05:46] Ver: 1
[2026-04-26 07:05:48] ADS value: 22.39
[2026-04-26 07:05:48] Ver: 1
[2026-04-26 07:05:49] ADS value: 22.39
[2026-04-26 07:05:50] Ver: 1
[2026-04-26 07:05:51] ADS value: 22.39
[2026-04-26 07:05:52] Ver: 1
[2026-04-26 07:05:53] ADS value: 22.39
[2026-04-26 07:05:54] Ver: 1
[2026-04-26 07:05:56] ADS value: 22.39
[2026-04-26 07:05:57] Ver: 1
[2026-04-26 07:05:58] ADS value: 22.39
[2026-04-26 07:05:59] Ver: 1
[2026-04-26 07:06:00] ADS value: 22.39
[2026-04-26 07:06:01] Ver: 1
[2026-04-26 07:06:04] running_opposite
[2026-04-26 07:06:19] running_front
[2026-04-26 07:06:37] ADS value: 22.35
[2026-04-26 07:06:38] Ver: 1
[2026-04-26 07:06:40] ADS value: 22.35
[2026-04-26 07:06:40] Ver: 1
[2026-04-26 07:06:43] running_front
[2026-04-26 07:06:48] running_opposite
[2026-04-26 07:07:03] ADS value: 22.34
[2026-04-26 07:07:03] Ver: 1
[2026-04-26 07:07:05] ADS value: 22.34
[2026-04-26 07:07:05] Ver: 1
[2026-04-26 07:07:06] ADS value: 22.34
[2026-04-26 07:07:07] Ver: 1
[2026-04-26 07:07:10] running_front
[2026-04-26 07:07:30] running_opposite
[2026-04-26 07:07:40] ADS value: 22.31
[2026-04-26 07:07:41] Ver: 1
[2026-04-26 07:07:42] ADS value: 22.31
[2026-04-26 07:07:42] Ver: 1
[2026-04-26 07:07:44] ADS value: 22.32
[2026-04-26 07:07:45] Ver: 1
[2026-04-26 07:07:46] ADS value: 22.32
[2026-04-26 07:07:47] Ver: 1
[2026-04-26 07:07:48] ADS value: 22.33
[2026-04-26 07:07:49] Ver: 1
[2026-04-26 07:07:50] ADS value: 22.33
[2026-04-26 07:07:50] Ver: 1
[2026-04-26 07:07:52] ADS value: 22.33
[2026-04-26 07:07:53] Ver: 1
[2026-04-26 07:07:55] ADS value: 22.33
[2026-04-26 07:07:55] Ver: 1
[2026-04-26 07:07:57] ADS value: 22.34
[2026-04-26 07:07:57] Ver: 1
[2026-04-26 07:07:59] ADS value: 22.34
[2026-04-26 07:07:59] Ver: 1
[2026-04-26 07:08:01] ADS value: 22.34
[2026-04-26 07:08:01] Ver: 1
[2026-04-26 07:08:02] ADS value: 22.34
[2026-04-26 07:08:03] Ver: 1
[2026-04-26 07:08:04] ADS value: 22.34
[2026-04-26 07:08:05] Ver: 1
[2026-04-26 07:08:06] ADS value: 22.34
[2026-04-26 07:08:06] Ver: 1
[2026-04-26 07:08:08] ADS value: 22.34
[2026-04-26 07:08:10] Ver: 1
[2026-04-26 07:08:11] ADS value: 22.34
[2026-04-26 07:08:12] Ver: 1
[2026-04-26 07:08:13] ADS value: 22.34
[2026-04-26 07:08:24] Ver: 1
[2026-04-26 07:08:24] ADS value: 22.35
[2026-04-26 07:08:24] Ver: 1
[2026-04-26 07:08:24] ADS value: 22.35
[2026-04-26 07:08:24] Ver: 1
[2026-04-26 07:08:28] ADS value: 22.34
[2026-04-26 07:08:32] ADS value: 22.35
[2026-04-26 07:08:33] Ver: 1
[2026-04-26 07:08:34] ADS value: 22.35
[2026-04-26 07:08:34] Ver: 1
[2026-04-26 07:08:36] ADS value: 22.35
[2026-04-26 07:08:36] Ver: 1
[2026-04-26 07:08:38] ADS value: 22.35
[2026-04-26 07:08:39] Ver: 1
[2026-04-26 07:08:41] ADS value: 22.35
[2026-04-26 07:08:42] Ver: 1
[2026-04-26 07:08:57] ADS value: 22.36
[2026-04-26 07:08:57] Ver: 1
[2026-04-26 07:08:58] ADS value: 22.35
[2026-04-26 07:08:59] Ver: 1
[2026-04-26 07:09:00] ADS value: 22.36
[2026-04-26 07:09:01] Ver: 1
[2026-04-26 07:09:02] ADS value: 22.36
[2026-04-26 07:09:03] Ver: 1
[2026-04-26 07:09:04] ADS value: 22.36
[2026-04-26 07:09:05] Ver: 1
[2026-04-26 07:09:07] ADS value: 22.36
[2026-04-26 07:09:07] Ver: 1
[2026-04-26 07:09:09] ADS value: 22.36
[2026-04-26 07:09:10] Ver: 1
[2026-04-26 07:09:11] ADS value: 22.36
[2026-04-26 07:09:11] Ver: 1
[2026-04-26 07:09:13] ADS value: 22.35
[2026-04-26 07:09:14] Ver: 1
[2026-04-26 07:09:15] ADS value: 22.36
[2026-04-26 07:09:16] Ver: 1
[2026-04-26 07:09:18] ADS value: 22.36
[2026-04-26 07:09:19] Ver: 1
[2026-04-26 07:09:21] ADS value: 22.35
[2026-04-26 07:10:11] ADS value: 22.36
[2026-04-26 07:10:11] ADS value: 22.36
[2026-04-26 07:10:11] Ver: 1
[2026-04-26 07:10:11] ADS value: 22.36
[2026-04-26 07:10:11] Ver: 1
[2026-04-26 07:10:12] ADS value: 22.36
[2026-04-26 07:10:13] Ver: 1
[2026-04-26 07:10:16] running_front
[2026-04-26 07:10:23] running_opposite
[2026-04-26 07:10:28] ADS value: 22.34
[2026-04-26 07:10:29] Ver: 1
[2026-04-26 07:10:30] ADS value: 22.35
[2026-04-26 07:10:30] Ver: 1
[2026-04-26 07:10:32] ADS value: 22.34
[2026-04-26 07:10:32] Ver: 1
[2026-04-26 07:10:34] ADS value: 22.35
[2026-04-26 07:10:34] Ver: 1
[2026-04-26 07:10:35] ADS value: 22.35
[2026-04-26 07:10:36] Ver: 1
[2026-04-26 07:10:37] ADS value: 22.35
[2026-04-26 07:10:38] Ver: 1
[2026-04-26 07:10:39] ADS value: 22.35
[2026-04-26 07:10:40] Ver: 1
[2026-04-26 07:10:42] ADS value: 22.36
[2026-04-26 07:10:42] Ver: 1
[2026-04-26 07:10:44] ADS value: 22.35
[2026-04-26 07:10:44] Ver: 1
[2026-04-26 07:10:46] ADS value: 22.35
[2026-04-26 07:10:47] Ver: 1
[2026-04-26 07:10:49] ADS value: 22.36
[2026-04-26 07:10:50] Ver: 1
[2026-04-26 07:10:51] ADS value: 22.36
[2026-04-26 07:10:52] Ver: 1
[2026-04-26 07:10:53] ADS value: 22.36
[2026-04-26 07:10:54] Ver: 1
[2026-04-26 07:10:55] ADS value: 22.35
[2026-04-26 07:10:56] Ver: 1
[2026-04-26 07:10:57] ADS value: 22.36
[2026-04-26 07:10:58] Ver: 1
[2026-04-26 07:10:59] ADS value: 22.36
[2026-04-26 07:11:00] Ver: 1
[2026-04-26 07:11:01] ADS value: 22.36
[2026-04-26 07:11:02] Ver: 1
[2026-04-26 07:11:03] ADS value: 22.36
[2026-04-26 07:11:04] Ver: 1
[2026-04-26 07:11:06] ADS value: 22.36
[2026-04-26 07:11:06] Ver: 1
[2026-04-26 07:11:08] ADS value: 22.36
[2026-04-26 07:11:08] Ver: 1
[2026-04-26 07:11:10] ADS value: 22.36
[2026-04-26 07:11:10] Ver: 1
[2026-04-26 07:11:12] ADS value: 22.36
[2026-04-26 07:11:12] Ver: 1
[2026-04-26 07:11:14] ADS value: 22.36
[2026-04-26 07:11:15] Ver: 1
[2026-04-26 07:11:16] ADS value: 22.36
[2026-04-26 07:11:17] Ver: 1
[2026-04-26 07:11:18] ADS value: 22.36
[2026-04-26 07:11:19] Ver: 1
[2026-04-26 07:11:20] ADS value: 22.36
[2026-04-26 07:11:22] Ver: 1
[2026-04-26 07:11:23] ADS value: 22.36
[2026-04-26 07:11:25] Ver: 1
[2026-04-26 07:11:27] ADS value: 22.36
[2026-04-26 07:11:27] Ver: 1
[2026-04-26 07:11:29] ADS value: 22.36
[2026-04-26 07:11:29] Ver: 1
[2026-04-26 07:11:31] ADS value: 22.36
[2026-04-26 07:11:31] Ver: 1
[2026-04-26 07:11:38] Ver: 1
[2026-04-26 07:11:39] ADS value: 22.36
[2026-04-26 07:11:40] Ver: 1
[2026-04-26 07:11:41] ADS value: 22.36
[2026-04-26 07:11:41] Ver: 1
[2026-04-26 07:11:42] ADS value: 22.36
[2026-04-26 07:11:43] Ver: 1
[2026-04-26 07:11:44] ADS value: 22.36
[2026-04-26 07:11:44] Ver: 1
[2026-04-26 07:11:46] ADS value: 22.36
[2026-04-26 07:11:46] Ver: 1
[2026-04-26 07:11:48] ADS value: 22.36
[2026-04-26 07:11:49] Ver: 1
[2026-04-26 07:11:50] ADS value: 22.36
[2026-04-26 07:11:51] Ver: 1
[2026-04-26 07:12:00] Ver: 1
[2026-04-26 07:12:01] ADS value: 22.36
[2026-04-26 08:16:22] ADS value: 22.30
[2026-04-26 08:16:23] Ver: 1
[2026-04-26 08:16:24] ADS value: 22.30
[2026-04-26 08:16:24] Ver: 1
[2026-04-26 08:16:25] ADS value: 22.30
[2026-04-26 08:16:26] Ver: 1
[2026-04-26 08:16:27] ADS value: 22.30
[2026-04-26 08:16:28] Ver: 1
[2026-04-26 08:16:29] ADS value: 22.12
[2026-04-26 08:16:29] Ver: 1
[2026-04-26 08:16:31] ADS value: 22.30
[2026-04-26 08:16:31] Ver: 1
[2026-04-26 08:16:32] ADS value: 22.30
[2026-04-26 08:16:36] Ver: 1
[2026-04-26 08:16:37] ADS value: 22.15
[2026-04-26 08:16:38] Ver: 1
[2026-04-26 08:16:49] ADS value: 21.46
[2026-04-26 08:16:50] Ver: 1
[2026-04-26 08:16:51] ADS value: 22.29
[2026-04-26 08:16:52] Ver: 1
[2026-04-26 08:16:53] ADS value: 22.29
[2026-04-26 08:16:55] Ver: 1
[2026-04-26 08:16:59] ADS value: 22.30
[2026-04-26 08:17:00] Ver: 1
[2026-04-26 08:17:01] ADS value: 22.28
[2026-04-26 08:17:01] Ver: 1
[2026-04-26 08:17:03] ADS value: 22.28
[2026-04-26 08:17:03] Ver: 1
[2026-04-26 08:17:05] ADS value: 22.16
[2026-04-26 08:17:05] Ver: 1
[2026-04-26 08:17:06] ADS value: 22.28
[2026-04-26 08:17:07] Ver: 1
[2026-04-26 08:17:09] ADS value: 22.12
[2026-04-26 08:17:09] Ver: 1
[2026-04-26 08:17:10] ADS value: 22.28
[2026-04-26 08:17:11] Ver: 1
[2026-04-26 08:17:12] ADS value: 22.28
[2026-04-26 08:17:12] Ver: 1
[2026-04-26 08:17:14] ADS value: 22.16
[2026-04-26 08:17:15] Ver: 1
[2026-04-26 08:17:19] ADS value: 22.28
[2026-04-26 08:17:20] Ver: 1
[2026-04-26 08:17:21] ADS value: 22.11
[2026-04-26 08:17:22] Ver: 1
[2026-04-26 08:17:23] ADS value: 22.09
[2026-04-26 08:17:24] Ver: 1
[2026-04-26 08:17:25] ADS value: 22.27
[2026-04-26 08:17:25] Ver: 1
[2026-04-26 08:17:27] ADS value: 22.27
[2026-04-26 08:17:27] Ver: 1
[2026-04-26 08:17:29] ADS value: 22.27
[2026-04-26 08:17:31] Ver: 1
[2026-04-26 08:17:34] ADS value: 22.27
[2026-04-26 08:17:35] Ver: 1
[2026-04-26 08:17:36] ADS value: 22.13
[2026-04-26 08:17:37] Ver: 1
[2026-04-26 08:17:38] ADS value: 22.27
[2026-04-26 08:17:39] Ver: 1
[2026-04-26 08:17:40] ADS value: 22.27
[2026-04-26 08:17:40] Ver: 1
[2026-04-26 08:17:42] ADS value: 22.08
[2026-04-26 08:17:42] Ver: 1
[2026-04-26 08:17:44] ADS value: 22.26
[2026-04-26 08:17:44] Ver: 1
[2026-04-26 08:17:45] ADS value: 22.27
[2026-04-26 08:17:46] Ver: 1
[2026-04-26 08:17:47] ADS value: 22.27
[2026-04-26 08:17:48] Ver: 1
[2026-04-26 08:17:49] ADS value: 22.27
[2026-04-26 08:17:50] Ver: 1
[2026-04-26 08:17:51] ADS value: 22.27
[2026-04-26 08:17:51] Ver: 1
[2026-04-26 08:17:56] ADS value: 22.27
[2026-04-26 08:17:56] Ver: 1
[2026-04-26 08:17:57] ADS value: 22.27
[2026-04-26 08:17:58] Ver: 1
[2026-04-26 08:17:59] ADS value: 22.28
[2026-04-26 08:17:59] Ver: 1
[2026-04-26 08:18:01] ADS value: 22.28
[2026-04-26 08:18:01] Ver: 1
[2026-04-26 08:18:03] ADS value: 22.28
[2026-04-26 08:18:03] Ver: 1
[2026-04-26 08:18:04] ADS value: 22.28
[2026-04-26 08:18:05] Ver: 1
[2026-04-26 08:18:06] ADS value: 22.28
[2026-04-26 08:18:07] Ver: 1
[2026-04-26 08:18:08] ADS value: 22.28
[2026-04-26 08:18:09] Ver: 1
[2026-04-26 08:18:10] ADS value: 22.28
[2026-04-26 08:18:11] Ver: 1
[2026-04-26 08:18:12] ADS value: 22.28
[2026-04-26 08:18:14] Ver: 1
[2026-04-26 08:18:15] ADS value: 22.28
[2026-04-26 08:18:15] Ver: 1
[2026-04-26 08:18:17] ADS value: 22.28
[2026-04-26 08:18:17] Ver: 1
[2026-04-26 08:18:19] ADS value: 22.28
[2026-04-26 08:18:20] Ver: 1
[2026-04-26 08:18:22] ADS value: 22.28
[2026-04-26 08:18:22] Ver: 1
[2026-04-26 08:18:23] ADS value: 22.28
[2026-04-26 08:18:24] Ver: 1
[2026-04-26 08:18:28] ADS value: 22.28
[2026-04-26 08:18:29] Ver: 1
[2026-04-26 08:18:30] ADS value: 22.28
[2026-04-26 08:18:31] Ver: 1
[2026-04-26 08:18:35] ADS value: 22.28
[2026-04-26 08:18:40] Ver: 1
[2026-04-26 08:18:40] ADS value: 22.28
[2026-04-26 08:18:40] Ver: 1
[2026-04-26 08:18:41] ADS value: 22.28
[2026-04-26 08:18:42] Ver: 1
[2026-04-26 08:18:43] ADS value: 22.28
[2026-04-26 08:18:44] Ver: 1
[2026-04-26 08:18:45] ADS value: 22.28
[2026-04-26 08:18:46] Ver: 1
[2026-04-26 08:18:47] ADS value: 22.28
[2026-04-26 08:18:48] Ver: 1
[2026-04-26 08:18:49] ADS value: 22.28
[2026-04-26 08:18:49] Ver: 1
[2026-04-26 08:18:50] ADS value: 22.28
[2026-04-26 08:18:51] Ver: 1
[2026-04-26 08:18:53] ADS value: 22.28
[2026-04-26 08:18:53] Ver: 1
[2026-04-26 08:18:55] ADS value: 22.28
[2026-04-26 08:18:55] Ver: 1
[2026-04-26 08:18:56] ADS value: 22.28
[2026-04-26 08:18:57] Ver: 1
[2026-04-26 08:18:58] ADS value: 22.28
[2026-04-26 08:18:59] Ver: 1
[2026-04-26 08:19:01] ADS value: 22.28
[2026-04-26 08:19:01] Ver: 1
[2026-04-26 08:19:03] ADS value: 22.28
[2026-04-26 08:19:04] Ver: 1
[2026-04-26 08:19:05] ADS value: 22.28
[2026-04-26 08:19:06] Ver: 1
[2026-04-26 08:19:07] ADS value: 22.28
[2026-04-26 08:19:08] Ver: 1
[2026-04-26 08:19:09] ADS value: 22.28
[2026-04-26 08:19:10] Ver: 1
[2026-04-26 08:19:11] ADS value: 22.28
[2026-04-26 08:19:12] Ver: 1
[2026-04-26 08:19:13] ADS value: 22.28
[2026-04-26 08:19:14] Ver: 1
[2026-04-26 08:19:15] ADS value: 22.29
[2026-04-26 08:19:15] Ver: 1
[2026-04-26 08:19:17] ADS value: 22.29
[2026-04-26 08:19:18] Ver: 1
[2026-04-26 08:19:19] ADS value: 22.29
[2026-04-26 08:19:19] Ver: 1
[2026-04-26 08:19:24] ADS value: 22.28
[2026-04-26 08:19:27] Ver: 1
[2026-04-26 08:19:27] ADS value: 22.28
[2026-04-26 08:19:27] Ver: 1
[2026-04-26 08:19:28] ADS value: 22.29
[2026-04-26 08:19:29] Ver: 1
[2026-04-26 08:19:30] ADS value: 22.29
[2026-04-26 08:19:31] Ver: 1
[2026-04-26 08:19:32] ADS value: 22.29
[2026-04-26 08:19:33] Ver: 1
[2026-04-26 08:19:34] ADS value: 22.28
[2026-04-26 08:19:35] Ver: 1
[2026-04-26 08:19:36] ADS value: 22.29
[2026-04-26 08:19:37] Ver: 1
[2026-04-26 08:19:38] ADS value: 22.29
[2026-04-26 08:19:39] Ver: 1
[2026-04-26 08:19:40] ADS value: 22.29
[2026-04-26 08:19:41] Ver: 1
[2026-04-26 08:19:42] ADS value: 22.29
[2026-04-26 08:19:43] Ver: 1
[2026-04-26 08:19:44] ADS value: 22.29
[2026-04-26 08:19:44] Ver: 1
[2026-04-26 08:19:46] ADS value: 22.29
[2026-04-26 08:19:46] Ver: 1
[2026-04-26 08:19:48] ADS value: 22.29
[2026-04-26 08:19:48] Ver: 1
[2026-04-26 08:19:49] ADS value: 22.29
[2026-04-26 08:19:50] Ver: 1
[2026-04-26 08:19:51] ADS value: 22.29
[2026-04-26 08:19:53] Ver: 1
[2026-04-26 08:19:54] ADS value: 22.29
[2026-04-26 08:19:55] Ver: 1
[2026-04-26 08:19:56] ADS value: 22.29
[2026-04-26 08:19:57] Ver: 1
[2026-04-26 08:19:58] ADS value: 22.29
[2026-04-26 08:19:58] Ver: 1
[2026-04-26 08:19:59] ADS value: 22.29
[2026-04-26 08:20:00] Ver: 1
[2026-04-26 08:20:01] ADS value: 22.29
[2026-04-26 08:20:02] Ver: 1
[2026-04-26 08:20:03] ADS value: 22.29
[2026-04-26 08:20:03] Ver: 1
[2026-04-26 08:20:05] ADS value: 22.29
[2026-04-26 08:20:05] Ver: 1
[2026-04-26 08:20:07] ADS value: 22.29
[2026-04-26 08:20:07] Ver: 1
[2026-04-26 08:20:08] ADS value: 22.29
[2026-04-26 08:20:09] Ver: 1
[2026-04-26 08:20:10] ADS value: 22.29
[2026-04-26 08:20:11] Ver: 1
[2026-04-26 08:20:12] ADS value: 22.29
[2026-04-26 08:20:12] Ver: 1
[2026-04-26 08:20:14] ADS value: 22.29
[2026-04-26 08:20:14] Ver: 1
[2026-04-26 08:20:15] ADS value: 22.29
[2026-04-26 08:20:16] Ver: 1
[2026-04-26 08:20:17] ADS value: 22.29
[2026-04-26 08:20:18] Ver: 1
[2026-04-26 08:20:19] ADS value: 22.29
[2026-04-26 08:20:20] Ver: 1
[2026-04-26 08:20:21] ADS value: 22.29
[2026-04-26 08:20:21] Ver: 1
[2026-04-26 08:20:23] ADS value: 22.29
[2026-04-26 08:20:23] Ver: 1
[2026-04-26 08:20:24] ADS value: 22.29
[2026-04-26 08:20:25] Ver: 1
[2026-04-26 08:20:26] ADS value: 22.29
[2026-04-26 08:20:27] Ver: 1
[2026-04-26 08:20:28] ADS value: 22.29
[2026-04-26 08:20:29] Ver: 1
[2026-04-26 08:20:30] ADS value: 22.29
[2026-04-26 08:20:31] Ver: 1
[2026-04-26 08:20:32] ADS value: 22.29
[2026-04-26 08:20:33] Ver: 1
[2026-04-26 08:20:34] ADS value: 22.29
[2026-04-26 08:20:34] Ver: 1
[2026-04-26 08:20:36] ADS value: 22.29
[2026-04-26 08:20:36] Ver: 1
[2026-04-26 08:20:38] ADS value: 22.29
[2026-04-26 08:20:38] Ver: 1
[2026-04-26 08:20:39] ADS value: 22.29
[2026-04-26 08:20:40] Ver: 1
[2026-04-26 08:20:41] ADS value: 22.29
[2026-04-26 08:20:42] Ver: 1
[2026-04-26 08:20:43] ADS value: 22.29
[2026-04-26 08:20:44] Ver: 1
[2026-04-26 08:20:45] ADS value: 22.29
[2026-04-26 08:20:46] Ver: 1
[2026-04-26 08:20:47] ADS value: 22.29
[2026-04-26 08:20:49] Ver: 1
[2026-04-26 08:20:50] ADS value: 22.28
[2026-04-26 08:20:50] Ver: 1
[2026-04-26 08:20:51] ADS value: 22.29
[2026-04-26 08:20:52] Ver: 1
[2026-04-26 08:20:53] ADS value: 22.29
[2026-04-26 08:20:54] Ver: 1
[2026-04-26 08:20:55] ADS value: 22.29
[2026-04-26 08:20:56] Ver: 1
[2026-04-26 08:20:57] ADS value: 22.29
[2026-04-26 08:20:57] Ver: 1
[2026-04-26 08:20:59] ADS value: 22.29
[2026-04-26 08:20:59] Ver: 1
[2026-04-26 08:21:00] ADS value: 22.29
[2026-04-26 08:21:01] Ver: 1
[2026-04-26 08:21:02] ADS value: 22.29
[2026-04-26 08:21:03] Ver: 1
[2026-04-26 08:21:07] ADS value: 22.29
[2026-04-26 08:21:07] Ver: 1
[2026-04-26 08:21:07] ADS value: 22.29
[2026-04-26 08:21:08] Ver: 1
[2026-04-26 08:21:09] ADS value: 22.29
[2026-04-26 08:21:10] Ver: 1
[2026-04-26 08:21:11] ADS value: 22.29
[2026-04-26 08:21:12] Ver: 1
[2026-04-26 08:21:13] ADS value: 22.29
[2026-04-26 08:21:14] Ver: 1
[2026-04-26 08:21:15] ADS value: 22.29
[2026-04-26 08:21:15] Ver: 1
[2026-04-26 08:21:16] ADS value: 22.29
[2026-04-26 08:21:17] Ver: 1
[2026-04-26 08:21:19] ADS value: 22.29
[2026-04-26 08:21:19] Ver: 1
[2026-04-26 08:21:20] ADS value: 22.29
[2026-04-26 08:21:21] Ver: 1
[2026-04-26 08:21:22] ADS value: 22.29
[2026-04-26 08:21:23] Ver: 1
[2026-04-26 08:21:24] ADS value: 22.29
[2026-04-26 08:21:25] Ver: 1
[2026-04-26 08:21:26] ADS value: 22.29
[2026-04-26 08:21:26] Ver: 1
[2026-04-26 08:21:28] ADS value: 22.29
[2026-04-26 08:21:28] Ver: 1
[2026-04-26 08:21:29] ADS value: 22.29
[2026-04-26 08:21:30] Ver: 1
[2026-04-26 08:21:31] ADS value: 22.29
[2026-04-26 08:21:32] Ver: 1
[2026-04-26 08:21:33] ADS value: 22.29
[2026-04-26 08:21:33] Ver: 1
[2026-04-26 08:21:35] ADS value: 22.29
[2026-04-26 08:21:35] Ver: 1
[2026-04-26 08:21:37] ADS value: 22.29
[2026-04-26 08:21:37] Ver: 1
[2026-04-26 08:21:38] ADS value: 22.29
[2026-04-26 08:21:39] Ver: 1
[2026-04-26 08:21:40] ADS value: 22.29
[2026-04-26 08:21:43] Ver: 1
[2026-04-26 08:21:43] ADS value: 22.29
[2026-04-26 08:21:43] Ver: 1
[2026-04-26 08:21:44] ADS value: 22.29
[2026-04-26 08:21:45] Ver: 1
[2026-04-26 08:21:46] ADS value: 22.29
[2026-04-26 08:21:47] Ver: 1
[2026-04-26 08:21:48] ADS value: 22.29
[2026-04-26 08:21:49] Ver: 1
[2026-04-26 08:21:50] ADS value: 22.29
[2026-04-26 08:21:50] Ver: 1
[2026-04-26 08:21:52] ADS value: 22.29
[2026-04-26 08:21:52] Ver: 1
[2026-04-26 08:21:54] ADS value: 22.28
[2026-04-26 08:21:54] Ver: 1
[2026-04-26 08:21:55] ADS value: 22.29
[2026-04-26 08:21:56] Ver: 1
[2026-04-26 08:22:00] ADS value: 22.29
[2026-04-26 08:22:00] Ver: 1
[2026-04-26 08:22:00] ADS value: 22.29
[2026-04-26 08:22:03] Ver: 1
[2026-04-26 08:22:04] ADS value: 22.29
[2026-04-26 08:22:08] Ver: 1
[2026-04-26 08:22:09] ADS value: 22.29
[2026-04-26 08:22:10] Ver: 1
[2026-04-26 08:22:11] ADS value: 22.29
[2026-04-26 08:22:12] Ver: 1
[2026-04-26 08:22:16] ADS value: 22.29
[2026-04-26 08:22:16] Ver: 1
[2026-04-26 08:22:17] ADS value: 22.29
[2026-04-26 08:22:18] Ver: 1
[2026-04-26 08:22:19] ADS value: 22.29
[2026-04-26 08:22:22] Ver: 1
[2026-04-26 08:22:23] ADS value: 22.29
[2026-04-26 08:22:24] Ver: 1
[2026-04-26 08:22:25] ADS value: 22.29
[2026-04-26 08:22:25] Ver: 1
[2026-04-26 08:22:27] ADS value: 22.29
[2026-04-26 08:22:27] Ver: 1
[2026-04-26 08:22:28] ADS value: 22.29
[2026-04-26 08:22:32] Ver: 1
[2026-04-26 08:22:33] ADS value: 22.29
[2026-04-26 08:22:34] Ver: 1
[2026-04-26 08:22:35] ADS value: 22.29
[2026-04-26 08:22:36] Ver: 1
[2026-04-26 08:22:37] ADS value: 22.29
[2026-04-26 08:22:38] Ver: 1
[2026-04-26 08:22:39] ADS value: 22.29
[2026-04-26 08:22:39] Ver: 1
[2026-04-26 08:22:41] ADS value: 22.29
[2026-04-26 08:22:45] Ver: 1
[2026-04-26 08:22:45] ADS value: 22.28
[2026-04-26 08:22:45] Ver: 1
[2026-04-26 08:22:46] ADS value: 22.29
[2026-04-26 08:22:47] Ver: 1
[2026-04-26 08:22:48] ADS value: 22.29
[2026-04-26 08:22:48] Ver: 1
[2026-04-26 08:22:50] ADS value: 22.29
[2026-04-26 08:22:50] Ver: 1
[2026-04-26 08:22:52] ADS value: 22.29
[2026-04-26 08:22:52] Ver: 1
[2026-04-26 08:22:53] ADS value: 22.29
[2026-04-26 08:22:54] Ver: 1
[2026-04-26 08:22:55] ADS value: 22.29
[2026-04-26 08:22:56] Ver: 1
[2026-04-26 08:22:57] ADS value: 22.29
[2026-04-26 08:22:58] Ver: 1
[2026-04-26 08:22:59] ADS value: 22.29
[2026-04-26 08:22:59] Ver: 1
[2026-04-26 08:23:01] ADS value: 22.29
[2026-04-26 08:23:01] Ver: 1
[2026-04-26 08:23:03] ADS value: 22.29
[2026-04-26 08:23:03] Ver: 1
[2026-04-26 08:23:04] ADS value: 22.29
[2026-04-26 08:23:05] Ver: 1
[2026-04-26 08:23:06] ADS value: 22.29
[2026-04-26 08:23:07] Ver: 1
[2026-04-26 08:23:08] ADS value: 22.29
[2026-04-26 08:23:09] Ver: 1
[2026-04-26 08:23:11] ADS value: 22.29
[2026-04-26 08:23:11] Ver: 1
[2026-04-26 08:23:16] ADS value: 22.29
[2026-04-26 08:23:16] Ver: 1
[2026-04-26 08:23:16] ADS value: 22.29
[2026-04-26 08:23:17] Ver: 1
[2026-04-26 08:23:18] ADS value: 22.29
[2026-04-26 08:23:19] Ver: 1
[2026-04-26 08:23:20] ADS value: 22.29
[2026-04-26 08:23:23] Ver: 1
[2026-04-26 08:23:25] ADS value: 22.29
[2026-04-26 08:23:25] Ver: 1
[2026-04-26 08:23:26] ADS value: 22.29
[2026-04-26 08:23:27] Ver: 1
[2026-04-26 08:23:28] ADS value: 22.29
[2026-04-26 08:23:29] Ver: 1
[2026-04-26 08:23:30] ADS value: 22.29
[2026-04-26 08:23:31] Ver: 1
[2026-04-26 08:23:32] ADS value: 22.29
[2026-04-26 08:23:32] Ver: 1
[2026-04-26 08:23:34] ADS value: 22.29
[2026-04-26 08:23:34] Ver: 1
[2026-04-26 08:23:36] ADS value: 22.29
[2026-04-26 08:23:36] Ver: 1
[2026-04-26 08:23:37] ADS value: 22.29
[2026-04-26 08:23:38] Ver: 1
[2026-04-26 08:23:39] ADS value: 22.29
[2026-04-26 08:23:40] Ver: 1
[2026-04-26 08:23:41] ADS value: 22.29
[2026-04-26 08:23:42] Ver: 1
[2026-04-26 08:23:43] ADS value: 22.29
[2026-04-26 08:23:43] Ver: 1
[2026-04-26 08:23:45] ADS value: 22.29
[2026-04-26 08:23:46] Ver: 1
[2026-04-26 08:23:47] ADS value: 22.29
[2026-04-26 08:23:47] Ver: 1
[2026-04-26 08:23:49] ADS value: 22.29
[2026-04-26 08:23:49] Ver: 1
[2026-04-26 08:23:51] ADS value: 22.29
[2026-04-26 08:23:51] Ver: 1
[2026-04-26 08:23:52] ADS value: 22.29
[2026-04-26 08:23:53] Ver: 1
[2026-04-26 08:23:59] Ver: 1
[2026-04-26 08:24:00] ADS value: 22.29
[2026-04-26 08:24:01] Ver: 1
[2026-04-26 08:24:02] ADS value: 22.28
[2026-04-26 08:24:03] Ver: 1
[2026-04-26 08:24:04] ADS value: 22.29
[2026-04-26 08:24:05] Ver: 1
[2026-04-26 08:24:06] ADS value: 22.29
[2026-04-26 08:24:07] Ver: 1
[2026-04-26 08:24:11] ADS value: 22.29
[2026-04-26 08:24:11] Ver: 1
[2026-04-26 08:24:13] ADS value: 22.29
[2026-04-26 08:24:16] Ver: 1
[2026-04-26 08:24:17] ADS value: 22.29
[2026-04-26 08:24:18] Ver: 1
[2026-04-26 08:24:19] ADS value: 22.29
[2026-04-26 08:24:21] Ver: 1
[2026-04-26 08:24:22] ADS value: 22.29
[2026-04-26 08:24:23] Ver: 1
[2026-04-26 08:24:24] ADS value: 22.29
[2026-04-26 08:24:27] Ver: 1
[2026-04-26 08:24:27] ADS value: 22.29
[2026-04-26 08:24:27] Ver: 1
[2026-04-26 08:24:29] ADS value: 22.29
[2026-04-26 08:24:30] Ver: 1
[2026-04-26 08:24:33] ADS value: 22.29
[2026-04-26 08:24:34] Ver: 1
[2026-04-26 08:24:35] ADS value: 22.29
[2026-04-26 08:24:36] Ver: 1
[2026-04-26 08:24:40] ADS value: 22.29
[2026-04-26 08:24:41] Ver: 1
[2026-04-26 08:24:42] ADS value: 22.29
[2026-04-26 08:24:43] Ver: 1
[2026-04-26 08:24:44] ADS value: 22.29
[2026-04-26 08:24:45] Ver: 1
[2026-04-26 08:24:46] ADS value: 22.29
[2026-04-26 08:24:47] Ver: 1
[2026-04-26 08:24:49] ADS value: 22.29
[2026-04-26 08:24:49] Ver: 1
[2026-04-26 08:24:50] ADS value: 22.29
[2026-04-26 08:24:51] Ver: 1
[2026-04-26 08:24:52] ADS value: 22.29
[2026-04-26 08:24:53] Ver: 1
[2026-04-26 08:24:55] ADS value: 22.29
[2026-04-26 08:24:56] Ver: 1
[2026-04-26 08:24:57] ADS value: 22.29
[2026-04-26 08:24:58] Ver: 1
[2026-04-26 08:24:59] ADS value: 22.29
[2026-04-26 08:24:59] Ver: 1
[2026-04-26 08:25:01] ADS value: 22.29
[2026-04-26 08:25:01] Ver: 1
[2026-04-26 08:25:03] ADS value: 22.29
[2026-04-26 08:25:03] Ver: 1
[2026-04-26 08:25:05] ADS value: 22.29
[2026-04-26 08:25:06] Ver: 1
[2026-04-26 08:25:07] ADS value: 22.29
[2026-04-26 08:25:07] Ver: 1
[2026-04-26 08:25:09] ADS value: 22.29
[2026-04-26 08:25:09] Ver: 1
[2026-04-26 08:25:11] ADS value: 22.29
[2026-04-26 08:25:11] Ver: 1
[2026-04-26 08:25:12] ADS value: 22.29
[2026-04-26 08:25:13] Ver: 1
[2026-04-26 08:25:14] ADS value: 22.29
[2026-04-26 08:25:15] Ver: 1
[2026-04-26 08:25:16] ADS value: 22.29
[2026-04-26 08:25:17] Ver: 1
[2026-04-26 08:25:18] ADS value: 22.29
[2026-04-26 08:25:18] Ver: 1
[2026-04-26 08:25:20] ADS value: 22.29
[2026-04-26 08:25:20] Ver: 1
[2026-04-26 08:25:21] ADS value: 22.29
[2026-04-26 08:25:22] Ver: 1
[2026-04-26 08:25:23] ADS value: 22.29
[2026-04-26 08:25:23] Ver: 1
[2026-04-26 08:25:24] ADS value: 22.29
[2026-04-26 08:25:25] Ver: 1
[2026-04-26 08:25:26] ADS value: 22.29
[2026-04-26 08:25:27] Ver: 1
[2026-04-26 08:25:28] ADS value: 22.29
[2026-04-26 08:25:29] Ver: 1
[2026-04-26 08:25:30] ADS value: 22.29
[2026-04-26 08:25:31] Ver: 1
[2026-04-26 08:25:32] ADS value: 22.29
[2026-04-26 08:25:32] Ver: 1
[2026-04-26 08:25:34] ADS value: 22.29
[2026-04-26 08:25:34] Ver: 1
[2026-04-26 08:25:35] ADS value: 22.29
[2026-04-26 08:25:36] Ver: 1
[2026-04-26 08:25:37] ADS value: 22.29
[2026-04-26 08:25:38] Ver: 1
[2026-04-26 08:25:39] ADS value: 22.29
[2026-04-26 08:25:40] Ver: 1
[2026-04-26 08:25:41] ADS value: 22.29
[2026-04-26 08:25:41] Ver: 1
[2026-04-26 08:25:42] ADS value: 22.29
[2026-04-26 08:25:43] Ver: 1
[2026-04-26 08:25:44] ADS value: 22.29
[2026-04-26 08:25:45] Ver: 1
[2026-04-26 08:25:46] ADS value: 22.29
[2026-04-26 08:25:46] Ver: 1
[2026-04-26 08:25:48] ADS value: 22.29
[2026-04-26 08:25:48] Ver: 1
[2026-04-26 08:25:50] ADS value: 22.29
[2026-04-26 08:25:51] Ver: 1
[2026-04-26 08:25:53] ADS value: 22.29
[2026-04-26 08:25:53] Ver: 1
[2026-04-26 08:25:54] ADS value: 22.29
[2026-04-26 08:25:55] Ver: 1
[2026-04-26 08:25:56] ADS value: 22.29
[2026-04-26 08:25:57] Ver: 1
[2026-04-26 08:25:58] ADS value: 22.29
[2026-04-26 08:25:59] Ver: 1
[2026-04-26 08:26:00] ADS value: 22.29
[2026-04-26 08:26:02] Ver: 1
[2026-04-26 08:26:03] ADS value: 22.29
[2026-04-26 08:26:04] Ver: 1
[2026-04-26 08:26:10] ADS value: 22.29
[2026-04-26 08:26:10] Ver: 1
[2026-04-26 08:26:10] ADS value: 22.29
[2026-04-26 08:26:10] Ver: 1
[2026-04-26 08:26:11] ADS value: 22.29
[2026-04-26 08:26:12] Ver: 1
[2026-04-26 08:26:13] ADS value: 22.29
[2026-04-26 08:26:13] Ver: 1
[2026-04-26 08:26:14] ADS value: 22.29
[2026-04-26 08:26:15] Ver: 1
[2026-04-26 08:26:16] ADS value: 22.29
[2026-04-26 08:26:17] Ver: 1
[2026-04-26 08:26:18] ADS value: 22.29
[2026-04-26 08:26:19] Ver: 1
[2026-04-26 08:26:20] ADS value: 22.29
[2026-04-26 08:26:21] Ver: 1
[2026-04-26 08:26:22] ADS value: 22.29
[2026-04-26 08:26:23] Ver: 1
[2026-04-26 08:26:24] ADS value: 22.29
[2026-04-26 08:26:25] Ver: 1
[2026-04-26 08:26:26] ADS value: 22.29
[2026-04-26 08:26:27] Ver: 1
[2026-04-26 08:26:28] ADS value: 22.29
[2026-04-26 08:26:32] Ver: 1
[2026-04-26 08:26:32] ADS value: 22.29
[2026-04-26 08:26:32] Ver: 1
[2026-04-26 08:26:33] ADS value: 22.29
[2026-04-26 08:26:33] Ver: 1
[2026-04-26 08:26:35] ADS value: 22.29
[2026-04-26 08:26:35] Ver: 1
[2026-04-26 08:26:37] ADS value: 22.29
[2026-04-26 08:26:37] Ver: 1
[2026-04-26 08:26:38] ADS value: 22.29
[2026-04-26 08:26:39] Ver: 1
[2026-04-26 08:26:40] ADS value: 22.29
[2026-04-26 08:26:41] Ver: 1
[2026-04-26 08:26:42] ADS value: 22.29
[2026-04-26 08:26:42] Ver: 1
[2026-04-26 08:26:44] ADS value: 22.29
[2026-04-26 08:26:44] Ver: 1
[2026-04-26 08:26:46] ADS value: 22.29
[2026-04-26 08:26:46] Ver: 1
[2026-04-26 08:28:07] ADS value: 22.28
[2026-04-26 08:28:07] Ver: 1
[2026-04-26 08:28:12] ADS value: 22.28
[2026-04-26 08:28:12] Ver: 1
[2026-04-26 08:28:14] ADS value: 22.28
[2026-04-26 08:28:14] Ver: 1
[2026-04-26 08:28:16] ADS value: 22.28
[2026-04-26 08:28:16] Ver: 1
[2026-04-26 08:28:17] ADS value: 22.28
[2026-04-26 08:28:18] Ver: 1
[2026-04-26 08:28:19] ADS value: 22.28
[2026-04-26 08:28:20] Ver: 1
[2026-04-26 08:28:21] ADS value: 22.28
[2026-04-26 08:28:22] Ver: 1
[2026-04-26 08:28:23] ADS value: 22.28
[2026-04-26 08:28:24] Ver: 1
[2026-04-26 08:28:31] ADS value: 22.28
[2026-04-26 08:28:31] Ver: 1
[2026-04-26 08:28:31] ADS value: 22.28
[2026-04-26 08:28:35] Ver: 1
[2026-04-26 08:28:35] ADS value: 22.28
[2026-04-26 08:28:35] Ver: 1
[2026-04-26 08:28:40] ADS value: 22.28
[2026-04-26 08:28:40] Ver: 1
[2026-04-26 08:28:40] ADS value: 22.28
[2026-04-26 08:28:41] Ver: 1
[2026-04-26 08:28:42] ADS value: 22.28
[2026-04-26 08:28:42] Ver: 1
[2026-04-26 08:28:44] ADS value: 22.28
[2026-04-26 08:28:44] Ver: 1
[2026-04-26 08:28:45] ADS value: 22.28
[2026-04-26 08:28:49] Ver: 1
[2026-04-26 08:28:49] ADS value: 22.28
[2026-04-26 08:28:50] Ver: 1
[2026-04-26 08:28:52] ADS value: 22.28
[2026-04-26 08:28:52] Ver: 1
[2026-04-26 08:28:57] ADS value: 22.28
[2026-04-26 08:28:58] Ver: 1
[2026-04-26 08:28:59] ADS value: 22.28
[2026-04-26 08:28:59] Ver: 1
[2026-04-26 08:29:00] ADS value: 22.28
[2026-04-26 08:29:01] Ver: 1
[2026-04-26 08:29:02] ADS value: 22.28
[2026-04-26 08:29:03] Ver: 1
[2026-04-26 08:29:04] ADS value: 22.29
[2026-04-26 08:29:05] Ver: 1
[2026-04-26 08:29:06] ADS value: 22.28
[2026-04-26 08:29:06] Ver: 1
[2026-04-26 08:29:08] ADS value: 22.28
[2026-04-26 08:29:08] Ver: 1
[2026-04-26 08:29:09] ADS value: 22.28
[2026-04-26 08:29:10] Ver: 1
[2026-04-26 08:29:11] ADS value: 22.28
[2026-04-26 08:29:12] Ver: 1
[2026-04-26 08:29:14] ADS value: 22.28
[2026-04-26 08:29:14] Ver: 1
[2026-04-26 08:29:15] ADS value: 22.28
[2026-04-26 08:29:16] Ver: 1
[2026-04-26 08:29:17] ADS value: 22.28
[2026-04-26 08:29:21] Ver: 1
[2026-04-26 08:29:22] ADS value: 22.28
[2026-04-26 08:29:23] Ver: 1
[2026-04-26 08:29:24] ADS value: 22.28
[2026-04-26 08:29:24] Ver: 1
[2026-04-26 08:29:26] ADS value: 22.29
[2026-04-26 08:29:26] Ver: 1
[2026-04-26 08:29:27] ADS value: 22.28
[2026-04-26 08:29:28] Ver: 1
[2026-04-26 08:29:32] ADS value: 22.28
[2026-04-26 08:29:33] Ver: 1
[2026-04-26 08:29:34] ADS value: 22.28
[2026-04-26 08:29:34] Ver: 1
[2026-04-26 08:29:35] ADS value: 22.28
[2026-04-26 08:29:36] Ver: 1
[2026-04-26 08:29:37] ADS value: 22.28
[2026-04-26 08:29:38] Ver: 1
[2026-04-26 08:29:39] ADS value: 22.29
[2026-04-26 08:29:40] Ver: 1
[2026-04-26 08:29:41] ADS value: 22.29
[2026-04-26 08:29:41] Ver: 1
[2026-04-26 08:29:42] ADS value: 22.28
[2026-04-26 08:29:43] Ver: 1
[2026-04-26 08:29:44] ADS value: 22.28
[2026-04-26 08:29:45] Ver: 1
[2026-04-26 08:29:46] ADS value: 22.28
[2026-04-26 08:29:47] Ver: 1
[2026-04-26 08:29:48] ADS value: 22.28
[2026-04-26 08:29:49] Ver: 1
[2026-04-26 08:29:50] ADS value: 22.29
[2026-04-26 08:29:51] Ver: 1
[2026-04-26 08:29:52] ADS value: 22.28
[2026-04-26 08:29:53] Ver: 1
[2026-04-26 08:29:54] ADS value: 22.28
[2026-04-26 08:29:55] Ver: 1
[2026-04-26 08:29:56] ADS value: 22.28
[2026-04-26 08:29:57] Ver: 1
[2026-04-26 08:29:58] ADS value: 22.28
[2026-04-26 08:29:59] Ver: 1
[2026-04-26 08:30:00] ADS value: 22.28
[2026-04-26 08:30:01] Ver: 1
[2026-04-26 08:30:02] ADS value: 22.28
[2026-04-26 08:30:05] Ver: 1
[2026-04-26 08:30:06] ADS value: 22.28
[2026-04-26 08:30:07] Ver: 1
[2026-04-26 08:30:09] ADS value: 22.28
[2026-04-26 08:30:10] Ver: 1
[2026-04-26 08:30:11] ADS value: 22.28
[2026-04-26 08:30:11] Ver: 1
[2026-04-26 08:30:13] ADS value: 22.28
[2026-04-26 08:30:15] Ver: 1
[2026-04-26 08:30:16] ADS value: 22.28
[2026-04-26 08:30:18] Ver: 1
[2026-04-26 08:30:19] ADS value: 22.28
[2026-04-26 08:30:20] Ver: 1
[2026-04-26 08:30:21] ADS value: 22.28
[2026-04-26 08:30:21] Ver: 1
[2026-04-26 08:30:23] ADS value: 22.28
[2026-04-26 08:30:23] Ver: 1
[2026-04-26 08:30:24] ADS value: 22.28
[2026-04-26 08:30:25] Ver: 1
[2026-04-26 08:30:26] ADS value: 22.28
[2026-04-26 08:30:27] Ver: 1
[2026-04-26 08:30:28] ADS value: 22.28
[2026-04-26 08:30:29] Ver: 1
[2026-04-26 08:30:32] ADS value: 22.28
[2026-04-26 08:30:33] Ver: 1
[2026-04-26 08:30:34] ADS value: 22.28
[2026-04-26 08:30:35] Ver: 1
[2026-04-26 08:30:36] ADS value: 22.28
[2026-04-26 08:30:36] Ver: 1
[2026-04-26 08:30:38] ADS value: 22.28
[2026-04-26 08:30:38] Ver: 1
[2026-04-26 08:30:39] ADS value: 22.28
[2026-04-26 08:30:40] Ver: 1
[2026-04-26 08:30:41] ADS value: 22.28
[2026-04-26 08:30:42] Ver: 1
[2026-04-26 08:30:43] ADS value: 22.28
[2026-04-26 08:30:43] Ver: 1
[2026-04-26 08:30:45] ADS value: 22.28
[2026-04-26 08:30:45] Ver: 1
[2026-04-26 08:30:46] ADS value: 22.28
[2026-04-26 08:30:47] Ver: 1
[2026-04-26 08:30:48] ADS value: 22.28
[2026-04-26 08:30:49] Ver: 1
[2026-04-26 08:30:50] ADS value: 22.28
[2026-04-26 08:30:50] Ver: 1
[2026-04-26 08:30:52] ADS value: 22.28
[2026-04-26 08:30:52] Ver: 1
[2026-04-26 08:30:53] ADS value: 22.28
[2026-04-26 08:30:54] Ver: 1
[2026-04-26 08:30:55] ADS value: 22.28
[2026-04-26 08:30:56] Ver: 1
[2026-04-26 08:30:57] ADS value: 22.28
[2026-04-26 08:30:58] Ver: 1
[2026-04-26 08:30:59] ADS value: 22.28
[2026-04-26 08:31:00] Ver: 1
[2026-04-26 08:31:01] ADS value: 22.28
[2026-04-26 08:31:01] Ver: 1
[2026-04-26 08:31:03] ADS value: 22.28
[2026-04-26 08:31:03] Ver: 1
[2026-04-26 08:31:05] ADS value: 22.28
[2026-04-26 08:31:05] Ver: 1
[2026-04-26 08:31:07] ADS value: 22.28
[2026-04-26 08:31:07] Ver: 1
[2026-04-26 08:31:08] ADS value: 22.28
[2026-04-26 08:31:09] Ver: 1
[2026-04-26 08:31:10] ADS value: 22.28
[2026-04-26 08:31:11] Ver: 1
[2026-04-26 08:31:12] ADS value: 22.28
[2026-04-26 08:31:13] Ver: 1
[2026-04-26 08:31:14] ADS value: 22.28
[2026-04-26 08:31:14] Ver: 1
[2026-04-26 08:31:16] ADS value: 22.28
[2026-04-26 08:31:16] Ver: 1
[2026-04-26 08:31:17] ADS value: 22.28
[2026-04-26 08:31:18] Ver: 1
[2026-04-26 08:31:19] ADS value: 22.28
[2026-04-26 08:31:23] Ver: 1
[2026-04-26 08:31:23] ADS value: 22.28
[2026-04-26 08:31:24] Ver: 1
[2026-04-26 08:31:25] ADS value: 22.29
[2026-04-26 08:31:26] Ver: 1
[2026-04-26 08:31:27] ADS value: 22.28
[2026-04-26 08:31:28] Ver: 1
[2026-04-26 08:31:29] ADS value: 22.28
[2026-04-26 08:31:30] Ver: 1
[2026-04-26 08:31:31] ADS value: 22.28
[2026-04-26 08:31:31] Ver: 1
[2026-04-26 08:31:32] ADS value: 22.28
[2026-04-26 08:31:33] Ver: 1
[2026-04-26 08:31:34] ADS value: 22.28
[2026-04-26 08:31:35] Ver: 1
[2026-04-26 08:31:36] ADS value: 22.28
[2026-04-26 08:31:37] Ver: 1
[2026-04-26 08:31:38] ADS value: 22.28
[2026-04-26 08:31:38] Ver: 1
[2026-04-26 08:31:40] ADS value: 22.28
[2026-04-26 08:31:40] Ver: 1
[2026-04-26 08:31:42] ADS value: 22.28
[2026-04-26 08:31:42] Ver: 1
[2026-04-26 08:31:43] ADS value: 22.28
[2026-04-26 08:31:44] Ver: 1
[2026-04-26 08:31:45] ADS value: 22.28
[2026-04-26 08:31:46] Ver: 1
[2026-04-26 08:31:47] ADS value: 22.28
[2026-04-26 08:31:47] Ver: 1
[2026-04-26 08:31:49] ADS value: 22.28
[2026-04-26 08:31:49] Ver: 1
[2026-04-26 08:31:50] ADS value: 22.28
[2026-04-26 08:31:51] Ver: 1
[2026-04-26 08:31:52] ADS value: 22.28
[2026-04-26 08:31:53] Ver: 1
[2026-04-26 08:31:54] ADS value: 22.28
[2026-04-26 08:31:54] Ver: 1
[2026-04-26 08:31:55] ADS value: 22.28
[2026-04-26 08:31:56] Ver: 1
[2026-04-26 08:31:57] ADS value: 22.28
[2026-04-26 08:31:58] Ver: 1
[2026-04-26 08:32:00] ADS value: 22.28
[2026-04-26 08:32:00] Ver: 1
[2026-04-26 08:32:02] ADS value: 22.28
[2026-04-26 08:32:02] Ver: 1
[2026-04-26 08:32:04] ADS value: 22.28
[2026-04-26 08:32:08] Ver: 1
[2026-04-26 08:32:09] ADS value: 22.28
[2026-04-26 08:32:09] Ver: 1
[2026-04-26 08:32:10] ADS value: 22.28
[2026-04-26 08:32:11] Ver: 1
[2026-04-26 08:32:12] ADS value: 22.28
[2026-04-26 08:32:13] Ver: 1
[2026-04-26 08:32:14] ADS value: 22.28
[2026-04-26 08:32:14] Ver: 1
[2026-04-26 08:32:15] ADS value: 22.28
[2026-04-26 08:32:16] Ver: 1
[2026-04-26 08:32:17] ADS value: 22.28
[2026-04-26 08:32:17] Ver: 1
[2026-04-26 08:32:19] ADS value: 22.28
[2026-04-26 08:32:19] Ver: 1
[2026-04-26 08:32:20] ADS value: 22.28
[2026-04-26 08:32:21] Ver: 1
[2026-04-26 08:32:22] ADS value: 22.28
[2026-04-26 08:32:23] Ver: 1
[2026-04-26 08:32:24] ADS value: 22.28
[2026-04-26 08:32:24] Ver: 1
[2026-04-26 08:32:25] ADS value: 22.28
[2026-04-26 08:32:26] Ver: 1
[2026-04-26 08:32:27] ADS value: 22.28
[2026-04-26 08:32:28] Ver: 1
[2026-04-26 08:32:29] ADS value: 22.28
[2026-04-26 08:32:29] Ver: 1
[2026-04-26 08:32:31] ADS value: 22.28
[2026-04-26 08:32:31] Ver: 1
[2026-04-26 08:32:33] ADS value: 22.28
[2026-04-26 08:32:34] Ver: 1
[2026-04-26 08:32:35] ADS value: 22.28
[2026-04-26 08:32:38] Ver: 1
[2026-04-26 08:32:39] ADS value: 22.28
[2026-04-26 08:32:40] Ver: 1
[2026-04-26 08:32:45] ADS value: 22.28
[2026-04-26 08:32:45] Ver: 1
[2026-04-26 08:32:45] ADS value: 22.28
[2026-04-26 08:32:46] Ver: 1
[2026-04-26 08:32:47] ADS value: 22.28
[2026-04-26 08:32:47] Ver: 1
[2026-04-26 08:32:49] ADS value: 22.28
[2026-04-26 08:32:49] Ver: 1
[2026-04-26 08:32:51] ADS value: 22.28
[2026-04-26 08:32:51] Ver: 1
[2026-04-26 08:32:52] ADS value: 22.28
[2026-04-26 08:32:53] Ver: 1
[2026-04-26 08:32:54] ADS value: 22.28
[2026-04-26 08:32:55] Ver: 1
[2026-04-26 08:32:56] ADS value: 22.28
[2026-04-26 08:32:57] Ver: 1
[2026-04-26 08:32:58] ADS value: 22.28
[2026-04-26 08:32:59] Ver: 1
[2026-04-26 08:33:00] ADS value: 22.28
[2026-04-26 08:33:01] Ver: 1
[2026-04-26 08:33:02] ADS value: 22.28
[2026-04-26 08:33:02] Ver: 1
[2026-04-26 08:33:04] ADS value: 22.28
[2026-04-26 08:33:04] Ver: 1
[2026-04-26 08:33:06] ADS value: 22.28
[2026-04-26 08:33:06] Ver: 1
[2026-04-26 08:33:08] ADS value: 22.28
[2026-04-26 08:33:08] Ver: 1
[2026-04-26 08:33:09] ADS value: 22.28
[2026-04-26 08:33:10] Ver: 1
[2026-04-26 08:33:11] ADS value: 22.28
[2026-04-26 08:33:12] Ver: 1
[2026-04-26 08:33:13] ADS value: 22.28
[2026-04-26 08:33:14] Ver: 1
[2026-04-26 08:33:15] ADS value: 22.28
[2026-04-26 08:33:16] Ver: 1
[2026-04-26 08:33:17] ADS value: 22.28
[2026-04-26 08:33:20] Ver: 1
[2026-04-26 08:33:21] ADS value: 22.28
[2026-04-26 08:33:22] Ver: 1
[2026-04-26 08:33:23] ADS value: 22.28
[2026-04-26 08:33:23] Ver: 1
[2026-04-26 08:33:25] ADS value: 22.28
[2026-04-26 08:33:26] Ver: 1
[2026-04-26 08:33:27] ADS value: 22.28
[2026-04-26 08:33:27] Ver: 1
[2026-04-26 08:33:29] ADS value: 22.28
[2026-04-26 08:33:30] Ver: 1
[2026-04-26 08:33:31] ADS value: 22.28
[2026-04-26 08:33:32] Ver: 1
[2026-04-26 08:33:33] ADS value: 22.28
[2026-04-26 08:33:34] Ver: 1
[2026-04-26 08:33:35] ADS value: 22.28
[2026-04-26 08:33:35] Ver: 1
[2026-04-26 08:33:36] ADS value: 22.28
[2026-04-26 08:33:37] Ver: 1
[2026-04-26 08:33:38] ADS value: 22.28
[2026-04-26 08:33:39] Ver: 1
[2026-04-26 08:33:40] ADS value: 22.28
[2026-04-26 08:33:41] Ver: 1
[2026-04-26 08:33:42] ADS value: 22.28
[2026-04-26 08:33:43] Ver: 1
[2026-04-26 08:33:44] ADS value: 22.28
[2026-04-26 08:33:44] Ver: 1
[2026-04-26 08:33:46] ADS value: 22.28
[2026-04-26 08:33:46] Ver: 1
[2026-04-26 08:33:47] ADS value: 22.28
[2026-04-26 08:33:48] Ver: 1
[2026-04-26 08:33:49] ADS value: 22.28
[2026-04-26 08:33:50] Ver: 1
[2026-04-26 08:33:51] ADS value: 22.28
[2026-04-26 08:33:52] Ver: 1
[2026-04-26 08:33:53] ADS value: 22.28
[2026-04-26 08:33:53] Ver: 1
[2026-04-26 08:33:55] ADS value: 22.28
[2026-04-26 08:33:55] Ver: 1
[2026-04-26 08:33:56] ADS value: 22.28
[2026-04-26 08:34:00] Ver: 1
[2026-04-26 08:34:01] ADS value: 22.28
[2026-04-26 08:34:02] Ver: 1
[2026-04-26 08:34:03] ADS value: 22.28
[2026-04-26 08:34:03] Ver: 1
[2026-04-26 08:34:05] ADS value: 22.28
[2026-04-26 08:34:05] Ver: 1
[2026-04-26 08:34:07] ADS value: 22.28
[2026-04-26 08:34:07] Ver: 1
[2026-04-26 08:34:09] ADS value: 22.28
[2026-04-26 08:34:09] Ver: 1
[2026-04-26 08:34:10] ADS value: 22.28
[2026-04-26 08:34:11] Ver: 1
[2026-04-26 08:34:12] ADS value: 22.28
[2026-04-26 08:34:15] Ver: 1
[2026-04-26 08:34:15] ADS value: 22.28
[2026-04-26 08:34:16] Ver: 1
[2026-04-26 08:34:17] ADS value: 22.28
[2026-04-26 08:34:17] Ver: 1
[2026-04-26 08:34:19] ADS value: 22.28
[2026-04-26 08:34:19] Ver: 1
[2026-04-26 08:34:20] ADS value: 22.28
[2026-04-26 08:34:24] Ver: 1
[2026-04-26 08:34:25] ADS value: 22.28
[2026-04-26 08:34:26] Ver: 1
[2026-04-26 08:34:27] ADS value: 22.28
[2026-04-26 08:34:28] Ver: 1
[2026-04-26 08:34:32] ADS value: 22.28
[2026-04-26 08:34:36] Ver: 1
[2026-04-26 08:34:40] ADS value: 22.28
[2026-04-26 08:34:40] Ver: 1
[2026-04-26 08:34:40] ADS value: 22.28
[2026-04-26 08:34:41] Ver: 1
[2026-04-26 08:34:42] ADS value: 22.28
[2026-04-26 08:34:42] Ver: 1
[2026-04-26 08:34:44] ADS value: 22.28
[2026-04-26 08:34:44] Ver: 1
[2026-04-26 08:34:45] ADS value: 22.28
[2026-04-26 08:34:46] Ver: 1
[2026-04-26 08:34:47] ADS value: 22.28
[2026-04-26 08:34:47] Ver: 1
[2026-04-26 08:34:48] ADS value: 22.28
[2026-04-26 08:34:49] Ver: 1
[2026-04-26 08:34:50] ADS value: 22.28
[2026-04-26 08:34:51] Ver: 1
[2026-04-26 08:34:52] ADS value: 22.28
[2026-04-26 08:34:53] Ver: 1
[2026-04-26 08:34:54] ADS value: 22.28
[2026-04-26 08:34:55] Ver: 1
[2026-04-26 08:34:56] ADS value: 22.28
[2026-04-26 08:35:01] Ver: 1
[2026-04-26 08:35:01] ADS value: 22.28
[2026-04-26 08:35:01] Ver: 1
[2026-04-26 08:35:01] ADS value: 22.28
[2026-04-26 08:35:02] Ver: 1
[2026-04-26 08:35:03] ADS value: 22.28
[2026-04-26 08:35:04] Ver: 1
[2026-04-26 08:35:05] ADS value: 22.28
[2026-04-26 08:35:06] Ver: 1
[2026-04-26 08:35:07] ADS value: 22.28
[2026-04-26 08:35:08] Ver: 1
[2026-04-26 08:35:09] ADS value: 22.28
[2026-04-26 08:35:09] Ver: 1
[2026-04-26 08:35:10] ADS value: 22.28
[2026-04-26 08:35:11] Ver: 1
[2026-04-26 08:35:12] ADS value: 22.28
[2026-04-26 08:35:13] Ver: 1
[2026-04-26 08:35:14] ADS value: 22.28
[2026-04-26 08:35:15] Ver: 1
[2026-04-26 08:35:16] ADS value: 22.28
[2026-04-26 08:35:17] Ver: 1
[2026-04-26 08:35:19] ADS value: 22.27
[2026-04-26 08:35:20] Ver: 1
[2026-04-26 08:35:21] ADS value: 22.28
[2026-04-26 08:35:22] Ver: 1
[2026-04-26 08:35:23] ADS value: 22.28
[2026-04-26 08:35:24] Ver: 1
[2026-04-26 08:35:25] ADS value: 22.28
[2026-04-26 08:35:26] Ver: 1
[2026-04-26 08:35:27] ADS value: 22.28
[2026-04-26 08:35:28] Ver: 1
[2026-04-26 08:35:29] ADS value: 22.28
[2026-04-26 08:35:30] Ver: 1
[2026-04-26 08:35:31] ADS value: 22.28
[2026-04-26 08:35:31] Ver: 1
[2026-04-26 08:35:33] ADS value: 22.28
[2026-04-26 08:35:33] Ver: 1
[2026-04-26 08:35:34] ADS value: 22.28
[2026-04-26 08:35:35] Ver: 1
[2026-04-26 08:35:36] ADS value: 22.28
[2026-04-26 08:35:37] Ver: 1
[2026-04-26 08:35:38] ADS value: 22.28
[2026-04-26 08:35:39] Ver: 1
[2026-04-26 08:35:40] ADS value: 22.28
[2026-04-26 08:35:41] Ver: 1
[2026-04-26 08:35:42] ADS value: 22.28
[2026-04-26 08:35:42] Ver: 1
[2026-04-26 08:35:44] ADS value: 22.28
[2026-04-26 08:35:44] Ver: 1
[2026-04-26 08:35:46] ADS value: 22.28
[2026-04-26 08:35:46] Ver: 1
[2026-04-26 08:35:47] ADS value: 22.28
[2026-04-26 08:35:48] Ver: 1
[2026-04-26 08:35:49] ADS value: 22.28
[2026-04-26 08:35:50] Ver: 1
[2026-04-26 08:35:51] ADS value: 22.28
[2026-04-26 08:35:52] Ver: 1
[2026-04-26 08:35:55] ADS value: 22.28
[2026-04-26 08:35:56] Ver: 1
[2026-04-26 08:35:58] ADS value: 22.28
[2026-04-26 08:35:59] Ver: 1
[2026-04-26 08:36:00] ADS value: 22.28
[2026-04-26 08:36:01] Ver: 1
[2026-04-26 08:36:02] ADS value: 22.28
[2026-04-26 08:36:03] Ver: 1
[2026-04-26 08:36:04] ADS value: 22.28
[2026-04-26 08:36:04] Ver: 1
[2026-04-26 08:36:06] ADS value: 22.28
[2026-04-26 08:36:06] Ver: 1
[2026-04-26 08:36:08] ADS value: 22.28
[2026-04-26 08:36:08] Ver: 1
[2026-04-26 08:36:12] ADS value: 22.28
[2026-04-26 08:36:17] Ver: 1
[2026-04-26 08:36:17] ADS value: 22.28
[2026-04-26 08:36:18] Ver: 1
[2026-04-26 08:36:20] ADS value: 22.28
[2026-04-26 08:36:20] Ver: 1
[2026-04-26 08:36:21] ADS value: 22.28
[2026-04-26 08:36:22] Ver: 1
[2026-04-26 08:36:23] ADS value: 22.28
[2026-04-26 08:36:24] Ver: 1
[2026-04-26 08:36:25] ADS value: 22.28
[2026-04-26 08:36:26] Ver: 1
[2026-04-26 08:36:27] ADS value: 22.28
[2026-04-26 08:36:32] Ver: 1
[2026-04-26 08:36:32] ADS value: 22.28
[2026-04-26 08:36:32] Ver: 1
[2026-04-26 08:36:33] ADS value: 22.28
[2026-04-26 08:36:34] Ver: 1
[2026-04-26 08:36:35] ADS value: 22.28
[2026-04-26 08:36:35] Ver: 1
[2026-04-26 08:36:37] ADS value: 22.28
[2026-04-26 08:36:37] Ver: 1
[2026-04-26 08:36:39] ADS value: 22.28
[2026-04-26 08:36:39] Ver: 1
[2026-04-26 08:36:40] ADS value: 22.28
[2026-04-26 08:36:46] ADS value: 22.28
[2026-04-26 08:36:47] Ver: 1
[2026-04-26 08:36:48] ADS value: 22.28
[2026-04-26 08:36:49] Ver: 1
[2026-04-26 08:36:50] ADS value: 22.28
[2026-04-26 08:36:51] Ver: 1
[2026-04-26 08:36:52] ADS value: 22.28
[2026-04-26 08:36:53] Ver: 1
[2026-04-26 08:36:54] ADS value: 22.28
[2026-04-26 08:36:55] Ver: 1
[2026-04-26 08:36:56] ADS value: 22.28
[2026-04-26 08:36:56] Ver: 1
[2026-04-26 08:36:58] ADS value: 22.28
[2026-04-26 08:36:58] Ver: 1
[2026-04-26 08:36:59] ADS value: 22.28
[2026-04-26 08:37:00] Ver: 1
[2026-04-26 08:37:01] ADS value: 22.28
[2026-04-26 08:37:02] Ver: 1
[2026-04-26 08:37:03] ADS value: 22.28
[2026-04-26 08:37:04] Ver: 1
[2026-04-26 08:37:08] ADS value: 22.28
[2026-04-26 08:37:09] Ver: 1
[2026-04-26 08:37:15] Ver: 1
[2026-04-26 08:37:16] ADS value: 22.28
[2026-04-26 08:37:17] Ver: 1
[2026-04-26 08:37:18] ADS value: 22.28
[2026-04-26 08:37:19] Ver: 1
[2026-04-26 08:37:20] ADS value: 22.28
[2026-04-26 08:37:21] Ver: 1
[2026-04-26 08:37:22] ADS value: 22.28
[2026-04-26 08:37:22] Ver: 1
[2026-04-26 08:37:23] ADS value: 22.28
[2026-04-26 08:37:24] Ver: 1
[2026-04-26 08:37:25] ADS value: 22.28
[2026-04-26 08:37:26] Ver: 1
[2026-04-26 08:37:27] ADS value: 22.28
[2026-04-26 08:37:28] Ver: 1
[2026-04-26 08:37:29] ADS value: 22.28
[2026-04-26 08:37:30] Ver: 1
[2026-04-26 08:37:31] ADS value: 22.28
[2026-04-26 08:37:32] Ver: 1
[2026-04-26 08:37:33] ADS value: 22.28
[2026-04-26 08:37:33] Ver: 1
[2026-04-26 08:37:35] ADS value: 22.28
[2026-04-26 08:37:35] Ver: 1
[2026-04-26 08:37:36] ADS value: 22.28
[2026-04-26 08:37:37] Ver: 1
[2026-04-26 08:37:38] ADS value: 22.28
[2026-04-26 08:37:39] Ver: 1
[2026-04-26 08:37:41] ADS value: 22.28
[2026-04-26 08:37:41] Ver: 1
[2026-04-26 08:37:42] ADS value: 22.28
[2026-04-26 08:37:43] Ver: 1
[2026-04-26 08:37:44] ADS value: 22.28
[2026-04-26 08:37:47] Ver: 1
[2026-04-26 08:37:47] ADS value: 22.28
[2026-04-26 08:37:48] Ver: 1
[2026-04-26 08:37:49] ADS value: 22.28
[2026-04-26 08:37:50] Ver: 1
[2026-04-26 08:37:51] ADS value: 22.28
[2026-04-26 08:37:51] Ver: 1
[2026-04-26 08:37:53] ADS value: 22.28
[2026-04-26 08:37:53] Ver: 1
[2026-04-26 08:37:54] ADS value: 22.28
[2026-04-26 08:37:55] Ver: 1
[2026-04-26 08:37:56] ADS value: 22.28
[2026-04-26 08:37:57] Ver: 1
[2026-04-26 08:37:58] ADS value: 22.28
[2026-04-26 08:37:59] Ver: 1
[2026-04-26 08:38:03] ADS value: 22.28
[2026-04-26 08:38:04] Ver: 1
[2026-04-26 08:38:05] ADS value: 22.28
[2026-04-26 08:38:05] Ver: 1
[2026-04-26 08:38:07] ADS value: 22.28
[2026-04-26 08:38:07] Ver: 1
[2026-04-26 08:38:08] ADS value: 22.28
[2026-04-26 08:38:09] Ver: 1
[2026-04-26 08:38:10] ADS value: 22.28
[2026-04-26 08:38:11] Ver: 1
[2026-04-26 08:38:12] ADS value: 22.28
[2026-04-26 08:38:13] Ver: 1
[2026-04-26 08:38:14] ADS value: 22.28
[2026-04-26 08:38:15] Ver: 1
[2026-04-26 08:38:16] ADS value: 22.28
[2026-04-26 08:38:16] Ver: 1
[2026-04-26 08:38:20] ADS value: 22.28
[2026-04-26 08:38:21] Ver: 1
[2026-04-26 08:38:22] ADS value: 22.28
[2026-04-26 08:38:23] Ver: 1
[2026-04-26 08:38:24] ADS value: 22.28
[2026-04-26 08:38:24] Ver: 1
[2026-04-26 08:38:26] ADS value: 22.28
[2026-04-26 08:38:26] Ver: 1
[2026-04-26 08:38:36] ADS value: 22.28
[2026-04-26 08:38:36] Ver: 1
[2026-04-26 08:38:36] ADS value: 22.28
[2026-04-26 08:38:36] Ver: 1
[2026-04-26 08:38:36] ADS value: 22.28
[2026-04-26 08:38:38] Ver: 1
[2026-04-26 08:38:43] ADS value: 22.28
[2026-04-26 08:38:43] Ver: 1
[2026-04-26 10:52:41] Ver: 1
[2026-04-26 10:53:33] ADS value: 22.30
[2026-04-26 10:53:34] Ver: 1
[2026-04-26 10:53:41] ADS value: 22.30
[2026-04-26 10:53:41] Ver: 1
[2026-04-26 10:53:43] ADS value: 22.29
[2026-04-26 10:53:43] Ver: 1
[2026-04-26 10:53:45] ADS value: 22.29
[2026-04-26 10:53:45] Ver: 1
[2026-04-26 10:53:46] ADS value: 22.33
[2026-04-26 10:53:47] Ver: 1
[2026-04-26 10:53:48] ADS value: 22.33
[2026-04-26 10:53:49] Ver: 1
[2026-04-26 10:53:50] ADS value: 22.30
[2026-04-26 10:53:51] Ver: 1
[2026-04-26 10:53:52] ADS value: 22.35
[2026-04-26 10:53:53] Ver: 1
[2026-04-26 10:53:54] ADS value: 22.30
[2026-04-26 10:53:55] Ver: 1
[2026-04-26 10:53:56] ADS value: 22.33
[2026-04-26 10:53:57] Ver: 1
[2026-04-26 10:53:58] ADS value: 22.30
[2026-04-26 10:53:59] Ver: 1
[2026-04-26 10:54:00] ADS value: 22.30
[2026-04-26 10:54:00] Ver: 1
[2026-04-26 10:54:02] ADS value: 22.30
[2026-04-26 10:54:03] Ver: 1
[2026-04-26 10:54:04] ADS value: 22.30
[2026-04-26 10:54:04] Ver: 1
[2026-04-26 10:54:08] ADS value: 22.30
[2026-04-26 10:54:09] Ver: 1
[2026-04-26 10:54:10] ADS value: 22.30
[2026-04-26 10:54:11] Ver: 1
[2026-04-26 10:54:12] ADS value: 22.30
[2026-04-26 10:54:13] Ver: 1
[2026-04-26 10:54:14] ADS value: 22.31
[2026-04-26 10:54:17] Ver: 1
[2026-04-26 10:54:19] ADS value: 22.30
[2026-04-26 10:54:19] Ver: 1
[2026-04-26 10:54:21] ADS value: 22.29
[2026-04-26 10:54:21] Ver: 1
[2026-04-26 10:54:23] ADS value: 22.29
[2026-04-26 10:54:24] Ver: 1
[2026-04-26 10:54:25] ADS value: 22.35
[2026-04-26 10:54:26] Ver: 1
[2026-04-26 10:54:27] ADS value: 22.29
[2026-04-26 10:54:28] Ver: 1
[2026-04-26 10:54:29] ADS value: 22.30
[2026-04-26 10:54:30] Ver: 1
[2026-04-26 10:54:31] ADS value: 22.30
[2026-04-26 10:54:31] Ver: 1
[2026-04-26 10:54:33] ADS value: 22.30
[2026-04-26 10:54:35] Ver: 1
[2026-04-26 10:54:36] ADS value: 22.29
[2026-04-26 10:54:37] Ver: 1
[2026-04-26 10:54:38] ADS value: 22.30
[2026-04-26 10:54:38] Ver: 1
[2026-04-26 10:54:40] ADS value: 22.30
[2026-04-26 10:54:40] Ver: 1
[2026-04-26 10:54:41] ADS value: 22.30
[2026-04-26 10:54:42] Ver: 1
[2026-04-26 10:54:43] ADS value: 22.29
[2026-04-26 10:54:44] Ver: 1
[2026-04-26 10:54:45] ADS value: 22.30
[2026-04-26 10:54:46] Ver: 1
[2026-04-26 10:54:47] ADS value: 22.34
[2026-04-26 10:54:48] Ver: 1
[2026-04-26 10:54:49] ADS value: 22.33
[2026-04-26 10:54:50] Ver: 1
[2026-04-26 10:54:51] ADS value: 22.29
[2026-04-26 10:54:52] Ver: 1
[2026-04-26 10:54:54] ADS value: 22.30
[2026-04-26 10:54:54] Ver: 1
[2026-04-26 10:54:55] ADS value: 22.30
[2026-04-26 10:54:56] Ver: 1
[2026-04-26 10:54:57] ADS value: 22.34
[2026-04-26 10:54:58] Ver: 1
[2026-04-26 10:54:59] ADS value: 22.30
[2026-04-26 10:55:00] Ver: 1
[2026-04-26 10:55:01] ADS value: 22.30
[2026-04-26 10:55:02] Ver: 1
[2026-04-26 10:55:03] ADS value: 22.30
[2026-04-26 10:55:04] Ver: 1
[2026-04-26 10:55:05] ADS value: 22.30
[2026-04-26 10:55:08] Ver: 1
[2026-04-26 10:55:08] ADS value: 22.35
[2026-04-26 10:55:08] Ver: 1
[2026-04-26 10:55:10] ADS value: 22.30
[2026-04-26 10:55:11] Ver: 1
[2026-04-26 10:55:12] ADS value: 22.31
[2026-04-26 10:55:13] Ver: 1
[2026-04-26 10:55:14] ADS value: 22.30
[2026-04-26 10:55:15] Ver: 1
[2026-04-26 10:55:16] ADS value: 22.29
[2026-04-26 10:55:17] Ver: 1
[2026-04-26 10:55:18] ADS value: 22.30
[2026-04-26 10:55:19] Ver: 1
[2026-04-26 10:55:21] ADS value: 22.30
[2026-04-26 10:55:21] Ver: 1
[2026-04-26 10:55:22] ADS value: 22.30
[2026-04-26 10:55:23] Ver: 1
[2026-04-26 10:55:25] ADS value: 22.36
[2026-04-26 10:55:25] Ver: 1
[2026-04-26 10:55:26] ADS value: 22.29
[2026-04-26 10:55:27] Ver: 1
[2026-04-26 10:55:28] ADS value: 22.34
[2026-04-26 10:55:28] Ver: 1
[2026-04-26 10:55:30] ADS value: 22.30
[2026-04-26 10:55:31] Ver: 1
[2026-04-26 10:55:32] ADS value: 22.31
[2026-04-26 10:55:33] Ver: 1
[2026-04-26 10:55:34] ADS value: 22.33
[2026-04-26 10:55:35] Ver: 1
[2026-04-26 10:55:36] ADS value: 22.30
[2026-04-26 10:55:37] Ver: 1
[2026-04-26 10:55:38] ADS value: 22.34
[2026-04-26 10:55:39] Ver: 1
[2026-04-26 10:55:40] ADS value: 22.30
[2026-04-26 10:55:41] Ver: 1
[2026-04-26 10:55:43] ADS value: 22.30
[2026-04-26 10:55:43] Ver: 1
[2026-04-26 10:55:45] ADS value: 22.30
[2026-04-26 10:55:45] Ver: 1
[2026-04-26 10:55:47] ADS value: 22.37
[2026-04-26 10:55:47] Ver: 1
[2026-04-26 10:55:49] ADS value: 22.29
[2026-04-26 10:55:49] Ver: 1
[2026-04-26 10:55:51] ADS value: 22.34
[2026-04-26 10:55:51] Ver: 1
[2026-04-26 10:55:53] ADS value: 22.30
[2026-04-26 10:55:53] Ver: 1
[2026-04-26 10:55:55] ADS value: 22.29
[2026-04-26 10:55:55] Ver: 1
[2026-04-26 10:55:57] ADS value: 22.32
[2026-04-26 10:55:57] Ver: 1
[2026-04-26 10:55:58] ADS value: 22.30
[2026-04-26 10:55:59] Ver: 1
[2026-04-26 10:56:00] ADS value: 22.30
[2026-04-26 10:56:01] Ver: 1
[2026-04-26 10:56:02] ADS value: 22.30
[2026-04-26 10:56:03] Ver: 1
[2026-04-26 10:56:04] ADS value: 22.30
[2026-04-26 10:56:05] Ver: 1
[2026-04-26 10:56:06] ADS value: 22.35
[2026-04-26 10:56:07] Ver: 1
[2026-04-26 10:56:09] ADS value: 22.31
[2026-04-26 10:56:09] Ver: 1
[2026-04-26 10:56:11] ADS value: 22.33
[2026-04-26 10:56:11] Ver: 1
[2026-04-26 10:56:13] ADS value: 22.30
[2026-04-26 10:56:13] Ver: 1
[2026-04-26 10:56:14] ADS value: 22.30
[2026-04-26 10:56:16] Ver: 1
[2026-04-26 10:56:17] ADS value: 22.30
[2026-04-26 10:56:18] Ver: 1
[2026-04-26 10:56:19] ADS value: 22.30
[2026-04-26 10:56:20] Ver: 1
[2026-04-26 10:56:21] ADS value: 22.36
[2026-04-26 10:56:25] Ver: 1
[2026-04-26 10:56:26] ADS value: 22.34
[2026-04-26 10:56:27] Ver: 1
[2026-04-26 10:56:28] ADS value: 22.30
[2026-04-26 10:56:29] Ver: 1
[2026-04-26 10:56:30] ADS value: 22.30
[2026-04-26 10:56:31] Ver: 1
[2026-04-26 10:56:32] ADS value: 22.30
[2026-04-26 10:56:33] Ver: 1
[2026-04-26 10:56:34] ADS value: 22.30
[2026-04-26 10:56:35] Ver: 1
[2026-04-26 10:56:36] ADS value: 22.33
[2026-04-26 10:56:37] Ver: 1
[2026-04-26 10:56:38] ADS value: 22.38
[2026-04-26 10:56:39] Ver: 1
[2026-04-26 10:56:40] ADS value: 22.30
[2026-04-26 10:56:41] Ver: 1
[2026-04-26 10:56:42] ADS value: 22.30
[2026-04-26 10:56:43] Ver: 1
[2026-04-26 10:56:44] ADS value: 22.30
[2026-04-26 10:56:45] Ver: 1
[2026-04-26 10:56:47] ADS value: 22.30
[2026-04-26 10:56:48] Ver: 1
[2026-04-26 10:56:50] ADS value: 22.28
[2026-04-26 10:56:51] Ver: 1
[2026-04-26 10:56:53] ADS value: 22.30
[2026-04-26 10:56:54] Ver: 1
[2026-04-26 10:56:59] ADS value: 22.30
[2026-04-26 10:57:00] Ver: 1
[2026-04-26 10:57:02] ADS value: 22.30
[2026-04-26 10:57:02] Ver: 1
[2026-04-26 10:57:04] ADS value: 22.30
[2026-04-26 10:57:05] Ver: 1
[2026-04-26 10:57:06] ADS value: 22.30
[2026-04-26 10:57:06] Ver: 1
[2026-04-26 10:57:08] ADS value: 22.30
[2026-04-26 10:57:09] Ver: 1
[2026-04-26 10:57:10] ADS value: 22.34
[2026-04-26 10:57:11] Ver: 1
[2026-04-26 10:57:13] ADS value: 22.30
[2026-04-26 10:57:14] Ver: 1
[2026-04-26 10:57:15] ADS value: 22.30
[2026-04-26 10:57:16] Ver: 1
[2026-04-26 10:57:17] ADS value: 22.30
[2026-04-26 10:57:17] Ver: 1
[2026-04-26 10:57:19] ADS value: 22.33
[2026-04-26 10:57:20] Ver: 1
[2026-04-26 10:57:21] ADS value: 22.30
[2026-04-26 10:57:22] Ver: 1
[2026-04-26 10:57:23] ADS value: 22.36
[2026-04-26 10:57:23] Ver: 1
[2026-04-26 10:57:24] ADS value: 22.30
[2026-04-26 10:57:25] Ver: 1
[2026-04-26 10:57:26] ADS value: 22.30
[2026-04-26 10:57:27] Ver: 1
[2026-04-26 10:57:28] ADS value: 22.30
[2026-04-26 10:57:29] Ver: 1
[2026-04-26 10:57:31] ADS value: 22.30
[2026-04-26 10:57:32] Ver: 1
[2026-04-26 10:57:34] ADS value: 22.35
[2026-04-26 10:57:34] Ver: 1
[2026-04-26 10:57:36] ADS value: 22.30
[2026-04-26 10:57:36] Ver: 1
[2026-04-26 10:57:37] ADS value: 22.34
[2026-04-26 10:57:44] ADS value: 22.30
[2026-04-26 10:57:45] Ver: 1
[2026-04-26 10:57:46] ADS value: 22.30
[2026-04-26 10:57:47] Ver: 1
[2026-04-26 10:57:48] ADS value: 22.35
[2026-04-26 10:57:49] Ver: 1
[2026-04-26 10:57:50] ADS value: 22.31
[2026-04-26 10:57:51] Ver: 1
[2026-04-26 10:57:52] ADS value: 22.30
[2026-04-26 10:57:52] Ver: 1
[2026-04-26 10:57:54] ADS value: 22.30
[2026-04-26 10:57:54] Ver: 1
[2026-04-26 10:57:55] ADS value: 22.35
[2026-04-26 10:57:56] Ver: 1
[2026-04-26 10:57:57] ADS value: 22.30
[2026-04-26 10:57:58] Ver: 1
[2026-04-26 10:57:59] ADS value: 22.36
[2026-04-26 10:58:00] Ver: 1
[2026-04-26 10:58:01] ADS value: 22.30
[2026-04-26 10:58:01] Ver: 1
[2026-04-26 10:58:03] ADS value: 22.30
[2026-04-26 10:58:03] Ver: 1
[2026-04-26 10:58:05] ADS value: 22.30
[2026-04-26 10:58:05] Ver: 1
[2026-04-26 10:58:07] ADS value: 22.30
[2026-04-26 10:58:07] Ver: 1
[2026-04-26 10:58:09] ADS value: 22.30
[2026-04-26 10:58:10] Ver: 1
[2026-04-26 10:58:11] ADS value: 22.30
[2026-04-26 10:58:12] Ver: 1
[2026-04-26 10:58:13] ADS value: 22.30
[2026-04-26 10:58:13] Ver: 1
[2026-04-26 10:58:15] ADS value: 22.30
[2026-04-26 10:58:16] Ver: 1
[2026-04-26 10:58:17] ADS value: 22.30
[2026-04-26 10:58:18] Ver: 1
[2026-04-26 10:58:19] ADS value: 22.31
[2026-04-26 10:58:20] Ver: 1
[2026-04-26 10:58:21] ADS value: 22.34
[2026-04-26 10:58:22] Ver: 1
[2026-04-26 10:58:23] ADS value: 22.30
[2026-04-26 10:58:23] Ver: 1
[2026-04-26 10:58:26] ADS value: 22.30
[2026-04-26 10:58:26] Ver: 1
[2026-04-26 10:58:27] ADS value: 22.30
[2026-04-26 10:58:28] Ver: 1
[2026-04-26 10:58:30] ADS value: 22.34
[2026-04-26 10:58:30] Ver: 1
[2026-04-26 10:58:32] ADS value: 22.30
[2026-04-26 10:58:33] Ver: 1
[2026-04-26 10:58:34] ADS value: 22.30
[2026-04-26 10:58:34] Ver: 1
[2026-04-26 10:58:35] ADS value: 22.31
[2026-04-26 10:58:36] Ver: 1
[2026-04-26 10:58:37] ADS value: 22.30
[2026-04-26 10:58:38] Ver: 1
[2026-04-26 10:58:39] ADS value: 22.30
[2026-04-26 10:58:40] Ver: 1
[2026-04-26 10:58:42] ADS value: 22.32
[2026-04-26 10:58:42] Ver: 1
[2026-04-26 10:58:44] ADS value: 22.30
[2026-04-26 10:58:45] Ver: 1
[2026-04-26 10:58:46] ADS value: 22.33
[2026-04-26 10:58:46] Ver: 1
[2026-04-26 10:58:48] ADS value: 22.36
[2026-04-26 10:58:48] Ver: 1
[2026-04-26 10:58:49] ADS value: 22.30
[2026-04-26 10:58:50] Ver: 1
[2026-04-26 10:58:51] ADS value: 22.30
[2026-04-26 10:58:52] Ver: 1
[2026-04-26 10:58:53] ADS value: 22.34
[2026-04-26 10:58:54] Ver: 1
[2026-04-26 10:58:55] ADS value: 22.37
[2026-04-26 10:58:56] Ver: 1
[2026-04-26 10:58:57] ADS value: 22.30
[2026-04-26 10:58:57] Ver: 1
[2026-04-26 10:58:59] ADS value: 22.30
[2026-04-26 10:58:59] Ver: 1
[2026-04-26 10:59:01] ADS value: 22.30
[2026-04-26 10:59:01] Ver: 1
[2026-04-26 10:59:03] ADS value: 22.31
[2026-04-26 10:59:03] Ver: 1
[2026-04-26 10:59:04] ADS value: 22.30
[2026-04-26 10:59:05] Ver: 1
[2026-04-26 10:59:06] ADS value: 22.30
[2026-04-26 10:59:07] Ver: 1
[2026-04-26 10:59:08] ADS value: 22.30
[2026-04-26 10:59:09] Ver: 1
[2026-04-26 10:59:10] ADS value: 22.34
[2026-04-26 10:59:11] Ver: 1
[2026-04-26 10:59:12] ADS value: 22.31
[2026-04-26 10:59:12] Ver: 1
[2026-04-26 10:59:14] ADS value: 22.30
[2026-04-26 10:59:14] Ver: 1
[2026-04-26 10:59:15] ADS value: 22.30
[2026-04-26 10:59:16] Ver: 1
[2026-04-26 10:59:17] ADS value: 22.30
[2026-04-26 10:59:18] Ver: 1
[2026-04-26 10:59:19] ADS value: 22.30
[2026-04-26 10:59:25] ADS value: 22.33
[2026-04-26 10:59:26] Ver: 1
[2026-04-26 10:59:27] ADS value: 22.33
[2026-04-26 10:59:28] Ver: 1
[2026-04-26 10:59:29] ADS value: 22.35
[2026-04-26 10:59:29] Ver: 1
[2026-04-26 10:59:31] ADS value: 22.30
[2026-04-26 10:59:31] Ver: 1
[2026-04-26 10:59:32] ADS value: 22.34
[2026-04-26 10:59:33] Ver: 1
[2026-04-26 10:59:34] ADS value: 22.31
[2026-04-26 10:59:35] Ver: 1
[2026-04-26 10:59:36] ADS value: 22.30
[2026-04-26 10:59:37] Ver: 1
[2026-04-26 10:59:38] ADS value: 22.36
[2026-04-26 10:59:38] Ver: 1
[2026-04-26 10:59:40] ADS value: 22.33
[2026-04-26 10:59:40] Ver: 1
[2026-04-26 10:59:41] ADS value: 22.30
[2026-04-26 10:59:42] Ver: 1
[2026-04-26 10:59:43] ADS value: 22.36
[2026-04-26 10:59:44] Ver: 1
[2026-04-26 10:59:45] ADS value: 22.31
[2026-04-26 10:59:46] Ver: 1
[2026-04-26 10:59:47] ADS value: 22.31
[2026-04-26 10:59:47] Ver: 1
[2026-04-26 10:59:49] ADS value: 22.31
[2026-04-26 10:59:49] Ver: 1
[2026-04-26 10:59:50] ADS value: 22.30
[2026-04-26 10:59:51] Ver: 1
[2026-04-26 10:59:52] ADS value: 22.35
[2026-04-26 10:59:53] Ver: 1
[2026-04-26 10:59:54] ADS value: 22.30
[2026-04-26 10:59:55] Ver: 1
[2026-04-26 10:59:56] ADS value: 22.30
[2026-04-26 10:59:57] Ver: 1
[2026-04-26 10:59:58] ADS value: 22.31
[2026-04-26 10:59:59] Ver: 1
[2026-04-26 11:00:00] ADS value: 22.30
[2026-04-26 11:00:01] Ver: 1
[2026-04-26 11:00:02] ADS value: 22.30
[2026-04-26 11:00:03] Ver: 1
[2026-04-26 11:00:04] ADS value: 22.31
[2026-04-26 11:00:05] Ver: 1
[2026-04-26 11:00:06] ADS value: 22.35
[2026-04-26 11:00:07] Ver: 1
[2026-04-26 11:00:08] ADS value: 22.34
[2026-04-26 11:00:09] Ver: 1
[2026-04-26 11:00:10] ADS value: 22.30
[2026-04-26 11:00:11] Ver: 1
[2026-04-26 11:00:12] ADS value: 22.30
[2026-04-26 11:00:13] Ver: 1
[2026-04-26 11:00:14] ADS value: 22.30
[2026-04-26 11:00:15] Ver: 1
[2026-04-26 11:00:16] ADS value: 22.31
[2026-04-26 11:00:17] Ver: 1
[2026-04-26 11:00:18] ADS value: 22.31
[2026-04-26 11:00:19] Ver: 1
[2026-04-26 11:00:20] ADS value: 22.33
[2026-04-26 11:00:20] Ver: 1
[2026-04-26 11:00:21] ADS value: 22.34
[2026-04-26 11:00:22] Ver: 1
[2026-04-26 11:00:23] ADS value: 22.31
[2026-04-26 11:00:24] Ver: 1
[2026-04-26 11:00:25] ADS value: 22.35
[2026-04-26 11:00:26] Ver: 1
[2026-04-26 11:00:27] ADS value: 22.30
[2026-04-26 11:00:28] Ver: 1
[2026-04-26 11:00:29] ADS value: 22.31
[2026-04-26 11:00:30] Ver: 1
[2026-04-26 11:00:31] ADS value: 22.32
[2026-04-26 11:00:32] Ver: 1
[2026-04-26 11:00:33] ADS value: 22.30
[2026-04-26 11:00:34] Ver: 1
[2026-04-26 11:00:35] ADS value: 22.31
[2026-04-26 11:00:35] Ver: 1
[2026-04-26 11:00:36] ADS value: 22.32
[2026-04-26 11:00:37] Ver: 1
[2026-04-26 11:00:39] ADS value: 22.31
[2026-04-26 11:00:39] Ver: 1
[2026-04-26 11:00:40] ADS value: 22.31
[2026-04-26 11:00:41] Ver: 1
[2026-04-26 11:00:42] ADS value: 22.31
[2026-04-26 11:00:43] Ver: 1
[2026-04-26 11:00:44] ADS value: 22.31
[2026-04-26 11:00:45] Ver: 1
[2026-04-26 11:00:46] ADS value: 22.34
[2026-04-26 11:00:47] Ver: 1
[2026-04-26 11:00:49] ADS value: 22.30
[2026-04-26 11:00:49] Ver: 1
[2026-04-26 11:00:51] ADS value: 22.31
[2026-04-26 11:00:51] Ver: 1
[2026-04-26 11:00:53] ADS value: 22.31
[2026-04-26 11:00:53] Ver: 1
[2026-04-26 11:00:54] ADS value: 22.31
[2026-04-26 11:00:55] Ver: 1
[2026-04-26 11:00:56] ADS value: 22.31
[2026-04-26 11:00:57] Ver: 1
[2026-04-26 11:00:58] ADS value: 22.30
[2026-04-26 11:00:59] Ver: 1
[2026-04-26 11:01:00] ADS value: 22.31
[2026-04-26 11:01:01] Ver: 1
[2026-04-26 11:01:02] ADS value: 22.31
[2026-04-26 11:01:03] Ver: 1
[2026-04-26 11:01:04] ADS value: 22.35
[2026-04-26 11:01:05] Ver: 1
[2026-04-26 11:01:06] ADS value: 22.31
[2026-04-26 11:01:07] Ver: 1
[2026-04-26 11:01:08] ADS value: 22.36
[2026-04-26 11:01:08] Ver: 1
[2026-04-26 11:01:09] ADS value: 22.30
[2026-04-26 11:01:10] Ver: 1
[2026-04-26 11:01:11] ADS value: 22.35
[2026-04-26 11:01:12] Ver: 1
[2026-04-26 11:01:17] ADS value: 22.35
[2026-04-26 11:01:17] Ver: 1
[2026-04-26 11:01:17] ADS value: 22.35
[2026-04-26 11:01:17] Ver: 1
[2026-04-26 11:01:19] ADS value: 22.31
[2026-04-26 11:01:19] Ver: 1
[2026-04-26 11:01:20] ADS value: 22.30
[2026-04-26 11:01:21] Ver: 1
[2026-04-26 11:01:22] ADS value: 22.30
[2026-04-26 11:01:23] Ver: 1
[2026-04-26 11:01:24] ADS value: 22.34
[2026-04-26 11:01:25] Ver: 1
[2026-04-26 11:01:26] ADS value: 22.31
[2026-04-26 11:01:28] Ver: 1
[2026-04-26 11:01:30] ADS value: 22.31
[2026-04-26 11:01:30] Ver: 1
[2026-04-26 11:01:34] ADS value: 22.30
[2026-04-26 11:01:34] Ver: 1
[2026-04-26 11:01:35] ADS value: 22.31
[2026-04-26 11:01:35] Ver: 1
[2026-04-26 11:01:36] ADS value: 22.31
[2026-04-26 11:01:37] Ver: 1
[2026-04-26 11:01:39] ADS value: 22.32
[2026-04-26 11:01:39] Ver: 1
[2026-04-26 11:01:41] ADS value: 22.35
[2026-04-26 11:01:41] Ver: 1
[2026-04-26 11:01:43] ADS value: 22.31
[2026-04-26 11:01:43] Ver: 1
[2026-04-26 11:01:45] ADS value: 22.31
[2026-04-26 11:01:46] Ver: 1
[2026-04-26 11:01:47] ADS value: 22.37
[2026-04-26 11:01:48] Ver: 1
[2026-04-26 11:01:49] ADS value: 22.35
[2026-04-26 11:01:50] Ver: 1
[2026-04-26 11:01:51] ADS value: 22.31
[2026-04-26 11:01:52] Ver: 1
[2026-04-26 11:01:53] ADS value: 22.31
[2026-04-26 11:01:53] Ver: 1
[2026-04-26 11:01:55] ADS value: 22.35
[2026-04-26 11:01:55] Ver: 1
[2026-04-26 11:01:57] ADS value: 22.31
[2026-04-26 11:01:57] Ver: 1
[2026-04-26 11:01:59] ADS value: 22.31
[2026-04-26 11:01:59] Ver: 1
[2026-04-26 11:02:01] ADS value: 22.32
[2026-04-26 11:02:01] Ver: 1
[2026-04-26 11:02:03] ADS value: 22.30
[2026-04-26 11:02:03] Ver: 1
[2026-04-26 11:02:04] ADS value: 22.31
[2026-04-26 11:02:05] Ver: 1
[2026-04-26 11:02:06] ADS value: 22.31
[2026-04-26 11:02:07] Ver: 1
[2026-04-26 11:02:08] ADS value: 22.31
[2026-04-26 11:02:09] Ver: 1
[2026-04-26 11:02:10] ADS value: 22.31
[2026-04-26 11:02:11] Ver: 1
[2026-04-26 11:02:12] ADS value: 22.35
[2026-04-26 11:02:13] Ver: 1
[2026-04-26 11:02:14] ADS value: 22.33
[2026-04-26 11:02:15] Ver: 1
[2026-04-26 11:02:16] ADS value: 22.31
[2026-04-26 11:02:17] Ver: 1
[2026-04-26 11:02:18] ADS value: 22.34
[2026-04-26 11:02:19] Ver: 1
[2026-04-26 11:02:20] ADS value: 22.31
[2026-04-26 11:02:21] Ver: 1
[2026-04-26 11:02:22] ADS value: 22.31
[2026-04-26 11:02:23] Ver: 1
[2026-04-26 11:02:24] ADS value: 22.31
[2026-04-26 11:02:25] Ver: 1
[2026-04-26 11:02:26] ADS value: 22.37
[2026-04-26 11:02:27] Ver: 1
[2026-04-26 11:02:28] ADS value: 22.31
[2026-04-26 11:02:29] Ver: 1
[2026-04-26 11:02:31] ADS value: 22.37
[2026-04-26 11:02:31] Ver: 1
[2026-04-26 11:02:33] ADS value: 22.31
[2026-04-26 11:02:33] Ver: 1
[2026-04-26 11:02:35] ADS value: 22.31
[2026-04-26 11:02:35] Ver: 1
[2026-04-26 11:02:37] ADS value: 22.33
[2026-04-26 11:02:37] Ver: 1
[2026-04-26 11:02:38] ADS value: 22.31
[2026-04-26 11:02:39] Ver: 1
[2026-04-26 11:02:40] ADS value: 22.35
[2026-04-26 11:02:41] Ver: 1
[2026-04-26 11:02:42] ADS value: 22.31
[2026-04-26 11:02:43] Ver: 1
[2026-04-26 11:02:45] ADS value: 22.31
[2026-04-26 11:02:46] Ver: 1
[2026-04-26 11:02:51] ADS value: 22.31
[2026-04-26 11:02:51] Ver: 1
[2026-04-26 11:02:51] ADS value: 22.31
[2026-04-26 11:02:54] Ver: 1
[2026-04-26 11:02:54] ADS value: 22.32
[2026-04-26 11:03:00] Ver: 1
[2026-04-26 11:03:01] ADS value: 22.31
[2026-04-26 11:03:02] Ver: 1
[2026-04-26 11:03:03] ADS value: 22.31
[2026-04-26 11:03:04] Ver: 1
[2026-04-26 11:03:05] ADS value: 22.36
[2026-04-26 11:03:07] Ver: 1
[2026-04-26 11:03:08] ADS value: 22.31
[2026-04-26 11:03:09] Ver: 1
[2026-04-26 11:03:10] ADS value: 22.35
[2026-04-26 11:03:11] Ver: 1
[2026-04-26 11:03:12] ADS value: 22.31
[2026-04-26 11:03:13] Ver: 1
[2026-04-26 11:03:15] ADS value: 22.30
[2026-04-26 11:03:15] Ver: 1
[2026-04-26 11:03:23] ADS value: 22.32
[2026-04-26 11:03:23] Ver: 1
[2026-04-26 11:03:23] ADS value: 22.31
[2026-04-26 11:03:24] Ver: 1
[2026-04-26 11:03:25] ADS value: 22.31
[2026-04-26 11:03:26] Ver: 1
[2026-04-26 11:03:29] ADS value: 22.30
[2026-04-26 11:03:32] Ver: 1
[2026-04-26 11:03:36] ADS value: 22.30
[2026-04-26 11:03:37] Ver: 1
[2026-04-26 11:03:39] ADS value: 22.34
[2026-04-26 11:03:40] Ver: 1
[2026-04-26 11:03:42] ADS value: 22.31
[2026-04-26 11:03:42] Ver: 1
[2026-04-26 11:03:43] ADS value: 22.35
[2026-04-26 11:03:44] Ver: 1
[2026-04-26 11:03:45] ADS value: 22.32
[2026-04-26 11:03:46] Ver: 1
[2026-04-26 11:03:47] ADS value: 22.33
[2026-04-26 11:03:48] Ver: 1
[2026-04-26 11:03:49] ADS value: 22.30
[2026-04-26 11:03:50] Ver: 1
[2026-04-26 11:40:18] ADS value: 22.40
[2026-04-26 11:40:18] Ver: 1
[2026-04-26 11:40:22] ADS value: 22.37
[2026-04-26 11:40:23] Ver: 1
[2026-04-26 11:40:24] ADS value: 22.37
[2026-04-26 11:40:25] Ver: 1
[2026-04-26 11:40:26] ADS value: 22.37
[2026-04-26 11:40:27] Ver: 1
[2026-04-26 11:40:28] ADS value: 22.37
[2026-04-26 11:40:28] Ver: 1
[2026-04-26 11:40:30] ADS value: 22.40
[2026-04-26 11:40:30] Ver: 1
[2026-04-26 11:40:32] ADS value: 22.43
[2026-04-26 11:40:32] Ver: 1
[2026-04-26 11:40:33] ADS value: 22.37
[2026-04-26 11:40:34] Ver: 1
[2026-04-26 15:24:11] Boot complete
[2026-04-26 15:24:58] ADS value: 0.00
[2026-04-26 15:24:58] Ver: 1
[2026-04-26 15:25:00] ADS value: 0.00
[2026-04-26 15:25:00] Ver: 1
[2026-04-26 15:25:01] ADS value: 0.00
[2026-04-26 15:25:02] Ver: 1
[2026-04-26 15:25:03] ADS value: 0.00
[2026-04-26 15:25:04] Ver: 1
[2026-04-26 15:25:05] ADS value: 0.00
[2026-04-26 15:25:06] Ver: 1
[2026-04-26 15:25:07] ADS value: 0.00
[2026-04-26 15:25:08] Ver: 1
[2026-04-26 15:25:09] ADS value: 0.00
[2026-04-26 15:25:09] Ver: 1
[2026-04-26 15:25:10] ADS value: 0.00
[2026-04-26 15:25:11] Ver: 1
[2026-04-26 15:25:12] ADS value: 0.00
[2026-04-26 15:25:12] Ver: 1
[2026-04-26 15:25:14] ADS value: 0.00
[2026-04-26 15:25:14] Ver: 1
[2026-04-26 15:25:15] ADS value: 0.00
[2026-04-26 15:25:16] Ver: 1
[2026-04-26 15:25:17] ADS value: 0.00
[2026-04-26 15:25:17] Ver: 1
[2026-04-26 15:25:18] ADS value: 0.00
[2026-04-26 15:25:19] Ver: 1
[2026-04-26 15:25:20] ADS value: 0.00
[2026-04-26 15:25:21] Ver: 1
[2026-04-26 15:25:22] ADS value: 0.00
[2026-04-26 15:25:23] Ver: 1
[2026-04-26 15:25:24] ADS value: 0.00
[2026-04-26 15:25:25] Ver: 1
[2026-04-26 15:25:26] ADS value: 0.00
[2026-04-26 15:25:26] Ver: 1
[2026-04-26 15:25:27] ADS value: 0.00
[2026-04-26 15:25:28] Ver: 1
[2026-04-26 15:25:32] ADS value: 0.00
[2026-04-26 15:25:32] Ver: 1
[2026-04-26 15:25:33] ADS value: 0.00
[2026-04-26 15:25:34] Ver: 1
[2026-04-26 15:25:35] ADS value: 0.00
[2026-04-26 15:25:36] Ver: 1
[2026-04-26 15:25:37] ADS value: 0.00
[2026-04-26 15:25:37] Ver: 1
[2026-04-26 15:25:38] ADS value: 0.00
[2026-04-26 15:25:39] Ver: 1
[2026-04-26 15:25:40] ADS value: 0.00
[2026-04-26 15:25:41] Ver: 1
[2026-04-26 15:25:42] ADS value: 0.00
[2026-04-26 15:25:43] Ver: 1
[2026-04-26 15:25:44] ADS value: 0.00
[2026-04-26 15:25:45] Ver: 1
[2026-04-26 15:25:46] ADS value: 0.00
[2026-04-26 15:25:46] Ver: 1
[2026-04-26 15:25:47] ADS value: 0.00
[2026-04-26 15:25:48] Ver: 1
[2026-04-26 15:25:49] ADS value: 0.00
[2026-04-26 15:25:50] Ver: 1
[2026-04-26 15:25:51] ADS value: 0.00
[2026-04-26 15:25:51] Ver: 1
[2026-04-26 15:25:52] ADS value: 0.00
[2026-04-26 15:25:53] Ver: 1
[2026-04-26 15:25:54] ADS value: 0.00
[2026-04-26 15:25:54] Ver: 1
[2026-04-26 15:25:55] ADS value: 0.00
[2026-04-26 15:25:59] Ver: 1
[2026-04-26 15:26:00] ADS value: 0.00
[2026-04-26 15:26:01] Ver: 1
[2026-04-26 15:26:02] ADS value: 0.00
[2026-04-26 15:26:03] Ver: 1
[2026-04-26 15:26:04] ADS value: 0.00
[2026-04-26 15:26:05] Ver: 1
[2026-04-26 15:26:06] ADS value: 0.00
[2026-04-26 15:26:07] Ver: 1
[2026-04-26 15:26:08] ADS value: 0.00
[2026-04-26 15:26:08] Ver: 1
[2026-04-26 15:26:09] ADS value: 0.00
[2026-04-26 15:26:10] Ver: 1
[2026-04-26 15:26:11] ADS value: 0.00
[2026-04-26 15:26:12] Ver: 1
[2026-04-26 15:26:13] ADS value: 0.00
[2026-04-26 15:26:13] Ver: 1
[2026-04-26 15:26:14] ADS value: 0.00
[2026-04-26 15:26:15] Ver: 1
[2026-04-26 15:26:16] ADS value: 0.00
[2026-04-26 15:26:17] Ver: 1
[2026-04-26 15:26:17] ADS value: 0.00
[2026-04-26 15:26:18] Ver: 1
[2026-04-26 15:26:19] ADS value: 0.00
[2026-04-26 15:26:20] Ver: 1
[2026-04-26 15:26:21] ADS value: 0.00
[2026-04-26 15:26:22] Ver: 1
[2026-04-26 15:26:23] ADS value: 0.00
[2026-04-26 15:26:23] Ver: 1
[2026-04-26 15:26:24] ADS value: 0.00
[2026-04-26 15:26:25] Ver: 1
[2026-04-26 15:26:26] ADS value: 0.00
[2026-04-26 15:26:27] Ver: 1
[2026-04-26 15:26:28] ADS value: 0.00
[2026-04-26 15:26:28] Ver: 1
[2026-04-26 15:26:29] ADS value: 0.00
[2026-04-26 15:26:30] Ver: 1
[2026-04-26 15:26:31] ADS value: 0.00
[2026-04-26 15:26:32] Ver: 1
[2026-04-26 15:26:33] ADS value: 0.00
[2026-04-26 15:26:33] Ver: 1
[2026-04-26 15:26:34] ADS value: 0.00
[2026-04-26 15:26:35] Ver: 1
[2026-04-26 15:26:36] ADS value: 0.00
[2026-04-26 15:26:37] Ver: 1
[2026-04-26 15:26:38] ADS value: 0.00
[2026-04-26 15:26:38] Ver: 1
[2026-04-26 15:26:40] ADS value: 0.00
[2026-04-26 15:26:43] Ver: 1
[2026-04-26 15:26:45] ADS value: 0.00
[2026-04-26 15:26:45] Ver: 1
[2026-04-26 15:26:46] ADS value: 0.00
[2026-04-26 15:26:47] Ver: 1
[2026-04-26 15:26:48] ADS value: 0.00
[2026-04-26 15:26:48] Ver: 1
[2026-04-26 15:26:49] ADS value: 0.00
[2026-04-26 15:26:50] Ver: 1
[2026-04-26 15:26:51] ADS value: 0.00
[2026-04-26 15:26:52] Ver: 1
[2026-04-26 15:26:53] ADS value: 0.00
[2026-04-26 15:26:53] Ver: 1
[2026-04-26 15:26:54] ADS value: 0.00
[2026-04-26 15:26:55] Ver: 1
[2026-04-26 15:26:56] ADS value: 0.00
[2026-04-26 15:26:57] Ver: 1
[2026-04-26 15:26:58] ADS value: 0.00
[2026-04-26 15:26:58] Ver: 1
[2026-04-26 15:26:59] ADS value: 0.00
[2026-04-26 15:27:00] Ver: 1
[2026-04-26 15:27:01] ADS value: 0.00
[2026-04-26 15:27:02] Ver: 1
[2026-04-26 15:27:03] ADS value: 0.00
[2026-04-26 15:27:04] Ver: 1
[2026-04-26 15:27:05] ADS value: 0.00
[2026-04-26 15:27:06] Ver: 1
[2026-04-26 15:27:07] ADS value: 0.00
[2026-04-26 15:27:07] Ver: 1
[2026-04-26 15:27:08] ADS value: 0.00
[2026-04-26 15:27:09] Ver: 1
[2026-04-26 15:27:10] ADS value: 0.00
[2026-04-26 15:27:11] Ver: 1
[2026-04-26 15:27:12] ADS value: 0.00
[2026-04-26 15:27:12] Ver: 1
[2026-04-26 15:27:13] ADS value: 0.00
[2026-04-26 15:27:14] Ver: 1
[2026-04-26 15:27:15] ADS value: 0.00
[2026-04-26 15:27:16] Ver: 1
[2026-04-26 15:27:17] ADS value: 0.00
[2026-04-26 15:27:18] Ver: 1
[2026-04-26 15:27:19] ADS value: 0.00
[2026-04-26 15:27:19] Ver: 1
[2026-04-26 15:27:20] ADS value: 0.00
[2026-04-26 15:27:21] Ver: 1
[2026-04-26 15:27:22] ADS value: 0.00
[2026-04-26 15:27:23] Ver: 1
[2026-04-26 15:27:24] ADS value: 0.00
[2026-04-26 15:27:24] Ver: 1
[2026-04-26 15:27:25] ADS value: 0.00
[2026-04-26 15:27:26] Ver: 1
[2026-04-26 15:27:27] ADS value: 0.00
[2026-04-26 15:27:28] Ver: 1
[2026-04-26 15:27:29] ADS value: 0.00
[2026-04-26 15:27:29] Ver: 1
[2026-04-26 15:27:31] ADS value: 0.00
[2026-04-26 15:27:32] Ver: 1
[2026-04-26 15:27:33] ADS value: 0.00
[2026-04-26 15:27:33] Ver: 1
[2026-04-26 15:27:34] ADS value: 0.00
[2026-04-26 15:27:35] Ver: 1
[2026-04-26 15:27:36] ADS value: 0.00
[2026-04-26 15:27:37] Ver: 1
[2026-04-26 15:27:38] ADS value: 0.00
[2026-04-26 15:27:39] Ver: 1
[2026-04-26 15:27:40] ADS value: 0.00
[2026-04-26 15:27:41] Ver: 1
[2026-04-26 15:27:42] ADS value: 0.00
[2026-04-26 15:27:42] Ver: 1
[2026-04-26 15:27:43] ADS value: 0.00
[2026-04-26 15:27:44] Ver: 1
[2026-04-26 15:27:45] ADS value: 0.00
[2026-04-26 15:27:46] Ver: 1
[2026-04-26 15:27:47] ADS value: 0.00
[2026-04-26 15:27:47] Ver: 1
[2026-04-26 15:27:48] ADS value: 0.00
[2026-04-26 15:27:49] Ver: 1
[2026-04-26 15:27:50] ADS value: 0.00
[2026-04-26 15:27:50] Ver: 1
[2026-04-26 15:27:51] ADS value: 0.00
[2026-04-26 15:27:52] Ver: 1
[2026-04-26 15:27:53] ADS value: 0.00
[2026-04-26 15:27:54] Ver: 1
[2026-04-26 15:27:55] ADS value: 0.00
[2026-04-26 15:27:55] Ver: 1
[2026-04-26 15:27:56] ADS value: 0.00
[2026-04-26 15:27:57] Ver: 1
[2026-04-26 15:27:58] ADS value: 0.00
[2026-04-26 15:27:59] Ver: 1
[2026-04-26 15:28:00] ADS value: 0.00
[2026-04-26 15:28:00] Ver: 1
[2026-04-26 15:28:01] ADS value: 0.00
[2026-04-26 15:28:02] Ver: 1
[2026-04-26 15:28:03] ADS value: 0.00
[2026-04-26 15:28:04] Ver: 1
[2026-04-26 15:28:05] ADS value: 0.00
[2026-04-26 15:28:05] Ver: 1
[2026-04-26 15:28:06] ADS value: 0.00
[2026-04-26 15:28:07] Ver: 1
[2026-04-26 15:28:08] ADS value: 0.00
[2026-04-26 15:28:08] Ver: 1
[2026-04-26 15:28:12] ADS value: 0.00
[2026-04-26 15:28:13] Ver: 1
[2026-04-26 15:28:14] ADS value: 0.00
[2026-04-26 15:28:15] Ver: 1
[2026-04-26 15:28:16] ADS value: 0.00
[2026-04-26 15:28:16] Ver: 1
[2026-04-26 15:28:17] ADS value: 0.00
[2026-04-26 15:28:18] Ver: 1
[2026-04-26 15:28:19] ADS value: 0.00
[2026-04-26 15:28:20] Ver: 1
[2026-04-26 15:28:21] ADS value: 0.00
[2026-04-26 15:28:22] Ver: 1
[2026-04-26 15:28:23] ADS value: 0.00
[2026-04-26 15:28:23] Ver: 1
[2026-04-26 15:28:24] ADS value: 0.00
[2026-04-26 15:28:25] Ver: 1
[2026-04-26 15:28:26] ADS value: 0.00
[2026-04-26 15:28:26] Ver: 1
[2026-04-26 15:28:28] ADS value: 0.00
[2026-04-26 15:28:28] Ver: 1
[2026-04-26 15:28:29] ADS value: 0.00
[2026-04-26 15:28:30] Ver: 1
[2026-04-26 15:28:31] ADS value: 0.00
[2026-04-26 15:28:32] Ver: 1
[2026-04-26 15:28:33] ADS value: 0.00
[2026-04-26 15:28:33] Ver: 1
[2026-04-26 15:28:35] ADS value: 0.00
[2026-04-26 15:28:35] Ver: 1
[2026-04-26 15:28:36] ADS value: 0.00
[2026-04-26 15:28:37] Ver: 1
[2026-04-26 15:28:38] ADS value: 0.00
[2026-04-26 15:28:39] Ver: 1
[2026-04-26 15:28:40] ADS value: 0.00
[2026-04-26 15:28:40] Ver: 1
[2026-04-26 15:28:41] ADS value: 0.00
[2026-04-26 15:28:42] Ver: 1
[2026-04-26 15:28:43] ADS value: 0.00
[2026-04-26 15:28:44] Ver: 1
[2026-04-26 15:28:45] ADS value: 0.00
[2026-04-26 15:28:45] Ver: 1
[2026-04-26 15:28:50] ADS value: 0.00
[2026-04-26 15:28:50] Ver: 1
[2026-04-26 15:28:50] ADS value: 0.00
[2026-04-26 15:28:51] Ver: 1
[2026-04-26 15:28:52] ADS value: 0.00
[2026-04-26 15:28:52] Ver: 1
[2026-04-26 15:28:53] ADS value: 0.00
[2026-04-26 15:28:54] Ver: 1
[2026-04-26 15:28:55] ADS value: 0.00
[2026-04-26 15:28:56] Ver: 1
[2026-04-26 15:28:57] ADS value: 0.00
[2026-04-26 15:28:57] Ver: 1
[2026-04-26 15:28:58] ADS value: 0.00
[2026-04-26 15:28:59] Ver: 1
[2026-04-26 15:29:00] ADS value: 0.00
[2026-04-26 15:29:01] Ver: 1
[2026-04-26 15:29:02] ADS value: 0.00
[2026-04-26 15:29:03] Ver: 1
[2026-04-26 15:29:04] ADS value: 0.00
[2026-04-26 15:29:05] Ver: 1
[2026-04-26 15:29:06] ADS value: 0.00
[2026-04-26 15:29:06] Ver: 1
[2026-04-26 15:29:09] ADS value: 0.00
[2026-04-26 15:29:09] Ver: 1
[2026-04-26 15:29:11] ADS value: 0.00
[2026-04-26 15:29:12] Ver: 1
[2026-04-26 15:29:13] ADS value: 0.00
[2026-04-26 15:29:14] Ver: 1
[2026-04-26 15:29:15] ADS value: 0.00
[2026-04-26 15:29:15] Ver: 1
[2026-04-26 15:29:16] ADS value: 0.00
[2026-04-26 15:29:17] Ver: 1
[2026-04-26 15:29:18] ADS value: 0.00
[2026-04-26 15:29:19] Ver: 1
[2026-04-26 15:29:20] ADS value: 0.00
[2026-04-26 15:29:20] Ver: 1
[2026-04-26 15:29:21] ADS value: 0.00
[2026-04-26 15:29:22] Ver: 1
[2026-04-26 15:29:23] ADS value: 0.00
[2026-04-26 15:29:23] Ver: 1
[2026-04-26 15:29:25] ADS value: 0.00
[2026-04-26 15:29:25] Ver: 1
[2026-04-26 15:29:26] ADS value: 0.00
[2026-04-26 15:29:27] Ver: 1
[2026-04-26 15:29:28] ADS value: 0.00
[2026-04-26 15:29:28] Ver: 1
[2026-04-26 15:29:30] ADS value: 0.00
[2026-04-26 15:29:30] Ver: 1
[2026-04-26 15:29:31] ADS value: 0.00
[2026-04-26 15:29:32] Ver: 1
[2026-04-26 15:29:33] ADS value: 0.00
[2026-04-26 15:29:34] Ver: 1
[2026-04-26 15:29:35] ADS value: 0.00
[2026-04-26 15:29:35] Ver: 1
[2026-04-26 15:29:36] ADS value: 0.00
[2026-04-26 15:29:37] Ver: 1
[2026-04-26 15:29:38] ADS value: 0.00
[2026-04-26 15:29:38] Ver: 1
[2026-04-26 15:29:39] ADS value: 0.00
[2026-04-26 15:29:40] Ver: 1
[2026-04-26 15:29:41] ADS value: 0.00
[2026-04-26 15:29:42] Ver: 1
[2026-04-26 15:29:43] ADS value: 0.00
[2026-04-26 15:29:44] Ver: 1
[2026-04-26 15:29:45] ADS value: 0.00
[2026-04-26 15:29:45] Ver: 1
[2026-04-26 15:29:46] ADS value: 0.00
[2026-04-26 15:29:47] Ver: 1
[2026-04-26 15:29:49] ADS value: 0.00
[2026-04-26 15:29:50] Ver: 1
