[2026-07-11 06:27:12] Boot complete
[2026-07-11 06:27:32] ADS value: 21.61, Ver: 106
[2026-07-11 06:27:34] running_front
[2026-07-11 06:28:59] Boot complete
[2026-07-11 06:29:21] ADS value: 21.58, Ver: 106
[2026-07-11 06:29:52] ADS value: 21.59, Ver: 106
[2026-07-11 06:29:57] running_opposite
[2026-07-11 06:35:49] running_front
[2026-07-11 06:56:27] Boot complete
[2026-07-11 06:56:50] ADS value: 23.87, Ver: 106
[2026-07-11 06:57:11] running_opposite
[2026-07-11 07:49:35] Boot complete
[2026-07-11 07:49:50] running_opposite
[2026-07-11 07:51:42] Boot complete
[2026-07-11 07:51:48] running_front
[2026-07-11 07:53:06] Boot complete
[2026-07-11 07:53:08] running_opposite
[2026-07-11 07:53:41] running_front
[2026-07-11 07:53:46] ADS value: 23.71, Ver: 106
[2026-07-11 07:54:17] ADS value: 23.75, Ver: 106
[2026-07-11 07:54:47] ADS value: 23.77, Ver: 106
[2026-07-11 07:55:17] ADS value: 23.77, Ver: 106
[2026-07-11 07:56:10] Boot complete
[2026-07-11 07:56:18] running_front
[2026-07-11 07:56:32] running_opposite
[2026-07-11 07:56:38] ADS value: 23.73, Ver: 106
[2026-07-11 07:57:08] ADS value: 23.76, Ver: 106
[2026-07-13 12:03:03] ADS value: 23.35, Ver: 109
[2026-07-13 12:03:34] ADS value: 23.35, Ver: 109
[2026-07-13 12:04:06] ADS value: 23.35, Ver: 109
[2026-07-13 12:04:37] ADS value: 23.34, Ver: 109
[2026-07-13 12:05:08] ADS value: 23.35, Ver: 109
[2026-07-13 12:05:40] ADS value: 23.35, Ver: 109
[2026-07-13 12:06:11] ADS value: 23.35, Ver: 109
[2026-07-13 12:06:42] ADS value: 23.35, Ver: 109
[2026-07-13 12:07:14] ADS value: 23.35, Ver: 109
[2026-07-13 12:07:45] ADS value: 23.35, Ver: 109
[2026-07-13 12:09:28] ADS value: 23.34, Ver: 109
[2026-07-13 12:09:59] ADS value: 23.35, Ver: 109
[2026-07-13 12:10:30] ADS value: 23.35, Ver: 109
[2026-07-13 12:11:01] ADS value: 23.35, Ver: 109
[2026-07-13 12:11:32] ADS value: 23.35, Ver: 109
[2026-07-13 12:12:04] ADS value: 23.35, Ver: 109
[2026-07-13 12:12:36] ADS value: 23.36, Ver: 109
[2026-07-13 12:13:07] ADS value: 23.35, Ver: 109
[2026-07-13 12:13:39] ADS value: 23.36, Ver: 109
[2026-07-13 12:14:10] ADS value: 23.36, Ver: 109
[2026-07-13 12:14:42] ADS value: 23.36, Ver: 109
[2026-07-13 12:15:15] ADS value: 23.35, Ver: 109
[2026-07-13 12:15:47] ADS value: 23.36, Ver: 109
[2026-07-13 12:16:18] ADS value: 23.36, Ver: 109
[2026-07-13 12:16:49] ADS value: 23.35, Ver: 109
[2026-07-13 12:17:21] ADS value: 23.36, Ver: 109
[2026-07-13 12:17:52] ADS value: 23.35, Ver: 109
[2026-07-13 12:18:26] ADS value: 23.35, Ver: 109
[2026-07-13 12:18:59] ADS value: 23.35, Ver: 109
[2026-07-13 12:19:29] ADS value: 23.35, Ver: 109
[2026-07-13 12:20:01] ADS value: 23.35, Ver: 109
[2026-07-13 12:20:32] ADS value: 23.35, Ver: 109
[2026-07-13 12:21:03] ADS value: 23.35, Ver: 109
[2026-07-13 12:21:35] ADS value: 23.35, Ver: 109
[2026-07-13 12:22:06] ADS value: 23.35, Ver: 109
[2026-07-13 12:22:37] ADS value: 23.35, Ver: 109
[2026-07-13 12:23:44] ADS value: 23.35, Ver: 109
[2026-07-13 12:24:15] ADS value: 23.35, Ver: 109
[2026-07-13 12:24:47] ADS value: 23.35, Ver: 109
[2026-07-13 12:25:18] ADS value: 23.35, Ver: 109
[2026-07-13 12:25:49] ADS value: 23.35, Ver: 109
[2026-07-13 12:26:21] ADS value: 23.35, Ver: 109
[2026-07-13 12:26:53] ADS value: 23.34, Ver: 109
[2026-07-13 12:27:24] ADS value: 23.34, Ver: 109
[2026-07-13 12:27:55] ADS value: 23.35, Ver: 109
[2026-07-13 12:28:27] ADS value: 23.35, Ver: 109
[2026-07-13 12:28:59] ADS value: 23.35, Ver: 109
[2026-07-13 12:29:30] ADS value: 23.35, Ver: 109
[2026-07-13 12:30:02] ADS value: 23.33, Ver: 109
[2026-07-13 12:30:33] ADS value: 23.33, Ver: 109
[2026-07-13 12:31:05] ADS value: 23.34, Ver: 109
[2026-07-13 12:31:37] ADS value: 23.33, Ver: 109
[2026-07-13 12:32:08] ADS value: 23.34, Ver: 109
[2026-07-13 12:33:50] ADS value: 23.34, Ver: 109
[2026-07-13 12:34:22] ADS value: 23.35, Ver: 109
[2026-07-13 12:34:53] ADS value: 23.34, Ver: 109
[2026-07-13 12:35:24] ADS value: 23.34, Ver: 109
[2026-07-13 12:35:56] ADS value: 23.34, Ver: 109
[2026-07-13 12:36:27] ADS value: 23.34, Ver: 109
[2026-07-13 12:36:58] ADS value: 23.33, Ver: 109
[2026-07-13 12:37:30] ADS value: 23.34, Ver: 109
[2026-07-13 12:38:01] ADS value: 23.34, Ver: 109
[2026-07-13 12:38:32] ADS value: 23.33, Ver: 109
[2026-07-13 12:39:04] ADS value: 23.33, Ver: 109
[2026-07-13 12:39:35] ADS value: 23.33, Ver: 109
[2026-07-13 12:40:06] ADS value: 23.33, Ver: 109
[2026-07-13 12:40:38] ADS value: 23.33, Ver: 109
[2026-07-13 12:41:09] ADS value: 23.34, Ver: 109
[2026-07-13 12:41:40] ADS value: 23.33, Ver: 109
[2026-07-13 12:42:11] ADS value: 23.33, Ver: 109
[2026-07-13 12:42:43] ADS value: 23.33, Ver: 109
[2026-07-13 12:43:14] ADS value: 23.33, Ver: 109
[2026-07-13 12:43:45] ADS value: 23.33, Ver: 109
[2026-07-13 12:44:16] ADS value: 23.33, Ver: 109
[2026-07-13 12:44:48] ADS value: 23.33, Ver: 109
[2026-07-13 12:45:19] ADS value: 23.32, Ver: 109
[2026-07-13 12:45:50] ADS value: 23.32, Ver: 109
[2026-07-13 12:46:22] ADS value: 23.32, Ver: 109
[2026-07-13 12:48:41] ADS value: 23.33, Ver: 109
[2026-07-13 12:49:13] ADS value: 23.32, Ver: 109
[2026-07-13 12:49:44] ADS value: 23.33, Ver: 109
[2026-07-13 12:50:16] ADS value: 23.32, Ver: 109
[2026-07-13 12:50:47] ADS value: 23.32, Ver: 109
[2026-07-13 12:51:18] ADS value: 23.32, Ver: 109
[2026-07-13 12:51:49] ADS value: 23.32, Ver: 109
[2026-07-13 12:52:21] ADS value: 23.32, Ver: 109
[2026-07-13 12:52:52] ADS value: 23.32, Ver: 109
[2026-07-13 12:53:23] ADS value: 23.33, Ver: 109
[2026-07-13 12:53:55] ADS value: 23.32, Ver: 109
[2026-07-13 12:54:26] ADS value: 23.32, Ver: 109
[2026-07-13 12:54:57] ADS value: 23.32, Ver: 109
[2026-07-13 12:55:29] ADS value: 23.32, Ver: 109
[2026-07-13 12:56:00] ADS value: 23.32, Ver: 109
[2026-07-13 12:56:31] ADS value: 23.32, Ver: 109
[2026-07-13 12:57:02] ADS value: 23.32, Ver: 109
[2026-07-13 12:57:34] ADS value: 23.32, Ver: 109
[2026-07-13 12:58:05] ADS value: 23.31, Ver: 109
[2026-07-13 12:58:36] ADS value: 23.31, Ver: 109
[2026-07-13 12:59:08] ADS value: 23.32, Ver: 109
[2026-07-13 12:59:39] ADS value: 23.31, Ver: 109
[2026-07-13 13:00:11] ADS value: 23.31, Ver: 109
[2026-07-13 13:00:42] ADS value: 23.30, Ver: 109
[2026-07-13 13:02:24] ADS value: 23.31, Ver: 109
[2026-07-13 13:02:56] ADS value: 23.30, Ver: 109
[2026-07-13 13:03:27] ADS value: 23.31, Ver: 109
[2026-07-13 13:03:58] ADS value: 23.31, Ver: 109
[2026-07-13 13:04:30] ADS value: 23.30, Ver: 109
[2026-07-13 13:05:01] ADS value: 23.30, Ver: 109
[2026-07-13 13:05:32] ADS value: 23.30, Ver: 109
[2026-07-13 13:06:04] ADS value: 23.31, Ver: 109
[2026-07-13 13:06:35] ADS value: 23.31, Ver: 109
[2026-07-13 13:07:06] ADS value: 23.29, Ver: 109
[2026-07-13 13:07:37] ADS value: 23.30, Ver: 109
[2026-07-13 13:08:09] ADS value: 23.31, Ver: 109
[2026-07-13 13:08:40] ADS value: 23.30, Ver: 109
[2026-07-13 13:09:11] ADS value: 23.30, Ver: 109
[2026-07-13 13:09:43] ADS value: 23.30, Ver: 109
[2026-07-13 13:10:14] ADS value: 23.30, Ver: 109
[2026-07-13 13:10:45] ADS value: 23.30, Ver: 109
[2026-07-13 13:11:17] ADS value: 23.29, Ver: 109
[2026-07-13 13:11:47] ADS value: 23.29, Ver: 109
[2026-07-13 13:12:19] ADS value: 23.30, Ver: 109
[2026-07-13 13:12:50] ADS value: 23.30, Ver: 109
[2026-07-13 13:13:21] ADS value: 23.29, Ver: 109
[2026-07-13 13:13:52] ADS value: 23.30, Ver: 109
[2026-07-13 13:14:24] ADS value: 23.30, Ver: 109
[2026-07-13 13:14:55] ADS value: 23.30, Ver: 109
[2026-07-13 13:16:38] ADS value: 23.29, Ver: 109
[2026-07-13 13:17:09] ADS value: 23.28, Ver: 109
[2026-07-13 13:17:40] ADS value: 23.29, Ver: 109
[2026-07-13 13:18:12] ADS value: 23.29, Ver: 109
[2026-07-13 13:18:44] ADS value: 23.29, Ver: 109
[2026-07-13 13:19:15] ADS value: 23.29, Ver: 109
[2026-07-13 13:19:47] ADS value: 23.29, Ver: 109
[2026-07-13 13:20:18] ADS value: 23.29, Ver: 109
[2026-07-13 13:20:50] ADS value: 23.29, Ver: 109
[2026-07-13 13:21:21] ADS value: 23.29, Ver: 109
[2026-07-13 13:21:53] ADS value: 23.29, Ver: 109
[2026-07-13 13:22:25] ADS value: 23.28, Ver: 109
[2026-07-13 13:22:56] ADS value: 23.28, Ver: 109
[2026-07-13 13:23:28] ADS value: 23.29, Ver: 109
[2026-07-13 13:23:59] ADS value: 23.28, Ver: 109
[2026-07-13 13:24:31] ADS value: 23.28, Ver: 109
[2026-07-13 13:25:02] ADS value: 23.29, Ver: 109
[2026-07-13 13:26:09] ADS value: 23.29, Ver: 109
[2026-07-13 13:26:41] ADS value: 23.28, Ver: 109
[2026-07-13 13:27:12] ADS value: 23.28, Ver: 109
[2026-07-13 13:27:43] ADS value: 23.28, Ver: 109
[2026-07-13 13:28:14] ADS value: 23.28, Ver: 109
[2026-07-13 13:57:11] ADS value: 23.27, Ver: 109
[2026-07-13 13:57:11] ADS value: 23.28, Ver: 109
[2026-07-13 13:58:11] ADS value: 23.26, Ver: 109
[2026-07-13 13:58:42] ADS value: 23.27, Ver: 109
[2026-07-13 13:59:14] ADS value: 23.27, Ver: 109
[2026-07-13 13:59:45] ADS value: 23.26, Ver: 109
[2026-07-13 14:00:16] ADS value: 23.26, Ver: 109
[2026-07-13 14:00:48] ADS value: 23.25, Ver: 109
[2026-07-13 14:01:19] ADS value: 23.25, Ver: 109
[2026-07-13 14:01:50] ADS value: 23.26, Ver: 109
[2026-07-13 14:02:22] ADS value: 23.25, Ver: 109
[2026-07-13 14:02:53] ADS value: 23.25, Ver: 109
[2026-07-13 14:03:25] ADS value: 23.26, Ver: 109
[2026-07-13 14:03:56] ADS value: 23.26, Ver: 109
[2026-07-13 14:04:28] ADS value: 23.26, Ver: 109
[2026-07-13 14:04:59] ADS value: 23.25, Ver: 109
[2026-07-13 14:05:31] ADS value: 23.26, Ver: 109
[2026-07-13 14:06:03] ADS value: 23.26, Ver: 109
[2026-07-13 14:06:35] ADS value: 23.27, Ver: 109
[2026-07-13 14:07:06] ADS value: 23.26, Ver: 109
[2026-07-13 14:07:37] ADS value: 23.27, Ver: 109
[2026-07-13 14:08:09] ADS value: 23.26, Ver: 109
[2026-07-13 14:08:40] ADS value: 23.26, Ver: 109
[2026-07-13 14:09:12] ADS value: 23.26, Ver: 109
[2026-07-13 14:09:44] ADS value: 23.26, Ver: 109
[2026-07-13 14:10:15] ADS value: 23.26, Ver: 109
[2026-07-13 14:10:47] ADS value: 23.26, Ver: 109
[2026-07-13 14:12:29] ADS value: 23.26, Ver: 109
[2026-07-13 14:13:00] ADS value: 23.26, Ver: 109
[2026-07-13 14:13:32] ADS value: 23.26, Ver: 109
[2026-07-13 14:14:03] ADS value: 23.26, Ver: 109
[2026-07-13 14:14:35] ADS value: 23.26, Ver: 109
[2026-07-13 14:15:06] ADS value: 23.26, Ver: 109
[2026-07-13 14:15:37] ADS value: 23.26, Ver: 109
[2026-07-13 14:16:09] ADS value: 23.26, Ver: 109
[2026-07-13 14:16:40] ADS value: 23.26, Ver: 109
[2026-07-13 14:17:11] ADS value: 23.25, Ver: 109
[2026-07-13 14:17:43] ADS value: 23.26, Ver: 109
[2026-07-13 14:18:14] ADS value: 23.26, Ver: 109
[2026-07-13 14:18:45] ADS value: 23.26, Ver: 109
[2026-07-13 14:19:17] ADS value: 23.25, Ver: 109
[2026-07-13 14:19:48] ADS value: 23.26, Ver: 109
[2026-07-13 14:20:19] ADS value: 23.25, Ver: 109
[2026-07-13 14:20:51] ADS value: 23.25, Ver: 109
[2026-07-13 14:21:22] ADS value: 23.26, Ver: 109
[2026-07-13 14:21:53] ADS value: 23.26, Ver: 109
[2026-07-13 14:22:25] ADS value: 23.26, Ver: 109
[2026-07-13 14:22:56] ADS value: 23.26, Ver: 109
[2026-07-13 14:23:27] ADS value: 23.26, Ver: 109
[2026-07-13 14:23:59] ADS value: 23.25, Ver: 109
[2026-07-13 14:24:50] ADS value: 23.25, Ver: 109
[2026-07-13 14:26:13] ADS value: 23.25, Ver: 109
[2026-07-13 14:26:44] ADS value: 23.25, Ver: 109
[2026-07-13 14:27:15] ADS value: 23.26, Ver: 109
[2026-07-13 14:27:46] ADS value: 23.25, Ver: 109
[2026-07-13 14:28:18] ADS value: 23.25, Ver: 109
[2026-07-13 14:28:49] ADS value: 23.25, Ver: 109
[2026-07-13 14:29:21] ADS value: 23.25, Ver: 109
[2026-07-13 14:29:52] ADS value: 23.25, Ver: 109
[2026-07-13 14:30:23] ADS value: 23.25, Ver: 109
[2026-07-13 14:30:55] ADS value: 23.25, Ver: 109
[2026-07-13 14:31:26] ADS value: 23.25, Ver: 109
[2026-07-13 14:31:57] ADS value: 23.25, Ver: 109
[2026-07-13 14:32:28] ADS value: 23.25, Ver: 109
[2026-07-13 14:33:00] ADS value: 23.25, Ver: 109
[2026-07-13 14:33:31] ADS value: 23.25, Ver: 109
[2026-07-13 14:34:02] ADS value: 23.25, Ver: 109
[2026-07-13 14:34:34] ADS value: 23.25, Ver: 109
[2026-07-13 14:35:05] ADS value: 23.25, Ver: 109
[2026-07-13 14:35:36] ADS value: 23.25, Ver: 109
[2026-07-13 14:36:08] ADS value: 23.25, Ver: 109
[2026-07-13 14:36:39] ADS value: 23.24, Ver: 109
[2026-07-13 14:37:11] ADS value: 23.24, Ver: 109
[2026-07-13 14:37:42] ADS value: 23.25, Ver: 109
[2026-07-13 14:38:13] ADS value: 23.25, Ver: 109
[2026-07-13 14:38:45] ADS value: 23.24, Ver: 109
[2026-07-13 14:39:16] ADS value: 23.24, Ver: 109
[2026-07-13 14:39:47] ADS value: 23.24, Ver: 109
[2026-07-13 14:40:19] ADS value: 23.25, Ver: 109
[2026-07-13 14:40:50] ADS value: 23.25, Ver: 109
[2026-07-13 14:41:22] ADS value: 23.25, Ver: 109
[2026-07-13 14:41:53] ADS value: 23.24, Ver: 109
[2026-07-13 14:42:26] ADS value: 23.25, Ver: 109
[2026-07-13 14:42:57] ADS value: 23.24, Ver: 109
[2026-07-13 14:43:28] ADS value: 23.24, Ver: 109
[2026-07-13 14:44:00] ADS value: 23.24, Ver: 109
[2026-07-13 14:44:31] ADS value: 23.24, Ver: 109
[2026-07-13 14:45:03] ADS value: 23.25, Ver: 109
[2026-07-13 14:45:35] ADS value: 23.25, Ver: 109
[2026-07-13 14:46:06] ADS value: 23.24, Ver: 109
[2026-07-13 14:46:38] ADS value: 23.25, Ver: 109
[2026-07-13 14:47:09] ADS value: 23.25, Ver: 109
[2026-07-13 14:47:40] ADS value: 23.25, Ver: 109
[2026-07-13 14:48:12] ADS value: 23.24, Ver: 109
[2026-07-13 14:48:44] ADS value: 23.25, Ver: 109
[2026-07-13 14:49:15] ADS value: 23.25, Ver: 109
[2026-07-13 14:49:47] ADS value: 23.24, Ver: 109
[2026-07-13 14:50:18] ADS value: 23.25, Ver: 109
[2026-07-13 14:50:50] ADS value: 23.24, Ver: 109
[2026-07-13 14:51:21] ADS value: 23.24, Ver: 109
[2026-07-13 14:51:53] ADS value: 23.24, Ver: 109
[2026-07-13 14:52:24] ADS value: 23.24, Ver: 109
[2026-07-13 14:52:55] ADS value: 23.24, Ver: 109
[2026-07-13 14:54:38] ADS value: 23.24, Ver: 109
[2026-07-13 14:55:09] ADS value: 23.23, Ver: 109
[2026-07-13 14:55:40] ADS value: 23.24, Ver: 109
[2026-07-13 14:56:12] ADS value: 23.24, Ver: 109
[2026-07-13 14:56:43] ADS value: 23.24, Ver: 109
[2026-07-13 14:57:14] ADS value: 23.24, Ver: 109
[2026-07-13 14:57:45] ADS value: 23.24, Ver: 109
[2026-07-13 14:58:17] ADS value: 23.24, Ver: 109
[2026-07-13 14:58:48] ADS value: 23.24, Ver: 109
[2026-07-13 14:59:20] ADS value: 23.23, Ver: 109
[2026-07-13 14:59:51] ADS value: 23.24, Ver: 109
[2026-07-13 15:00:22] ADS value: 23.24, Ver: 109
[2026-07-13 15:00:53] ADS value: 23.24, Ver: 109
[2026-07-13 15:01:25] ADS value: 23.23, Ver: 109
[2026-07-13 15:01:56] ADS value: 23.24, Ver: 109
[2026-07-13 15:02:28] ADS value: 23.24, Ver: 109
[2026-07-13 15:02:59] ADS value: 23.25, Ver: 109
[2026-07-13 15:04:06] ADS value: 23.23, Ver: 109
[2026-07-13 15:04:37] ADS value: 23.23, Ver: 109
[2026-07-13 15:05:09] ADS value: 23.24, Ver: 109
[2026-07-13 15:05:40] ADS value: 23.24, Ver: 109
[2026-07-13 15:06:12] ADS value: 23.24, Ver: 109
[2026-07-13 15:06:43] ADS value: 23.24, Ver: 109
[2026-07-13 15:07:14] ADS value: 23.24, Ver: 109
[2026-07-13 15:07:46] ADS value: 23.24, Ver: 109
[2026-07-13 15:08:53] ADS value: 23.24, Ver: 109
[2026-07-13 15:09:25] ADS value: 23.24, Ver: 109
[2026-07-13 15:10:32] ADS value: 23.24, Ver: 109
[2026-07-13 15:11:03] ADS value: 23.24, Ver: 109
[2026-07-13 15:11:34] ADS value: 23.24, Ver: 109
[2026-07-13 15:12:06] ADS value: 23.23, Ver: 109
[2026-07-13 15:12:37] ADS value: 23.23, Ver: 109
[2026-07-13 15:13:09] ADS value: 23.23, Ver: 109
[2026-07-13 15:13:40] ADS value: 23.23, Ver: 109
[2026-07-13 15:14:12] ADS value: 23.22, Ver: 109
[2026-07-13 15:14:43] ADS value: 23.24, Ver: 109
[2026-07-13 15:15:15] ADS value: 23.23, Ver: 109
[2026-07-13 15:15:46] ADS value: 23.24, Ver: 109
[2026-07-13 15:16:17] ADS value: 23.24, Ver: 109
[2026-07-13 15:16:49] ADS value: 23.24, Ver: 109
[2026-07-13 15:17:20] ADS value: 23.23, Ver: 109
[2026-07-13 15:17:56] ADS value: 23.24, Ver: 109
[2026-07-13 15:19:02] ADS value: 23.24, Ver: 109
[2026-07-13 15:19:34] ADS value: 23.23, Ver: 109
[2026-07-13 15:20:05] ADS value: 23.23, Ver: 109
[2026-07-13 15:20:37] ADS value: 23.23, Ver: 109
[2026-07-13 15:21:08] ADS value: 23.23, Ver: 109
[2026-07-13 15:21:40] ADS value: 23.22, Ver: 109
[2026-07-13 15:22:11] ADS value: 23.23, Ver: 109
[2026-07-13 15:22:42] ADS value: 23.23, Ver: 109
[2026-07-13 15:23:14] ADS value: 23.23, Ver: 109
[2026-07-13 15:23:45] ADS value: 23.23, Ver: 109
[2026-07-13 15:24:17] ADS value: 23.24, Ver: 109
[2026-07-13 15:24:48] ADS value: 23.22, Ver: 109
[2026-07-13 15:25:20] ADS value: 23.23, Ver: 109
[2026-07-13 15:25:51] ADS value: 23.23, Ver: 109
[2026-07-13 15:26:23] ADS value: 23.23, Ver: 109
[2026-07-13 15:26:55] ADS value: 23.24, Ver: 109
[2026-07-13 15:27:27] ADS value: 23.23, Ver: 109
[2026-07-13 15:27:58] ADS value: 23.23, Ver: 109
[2026-07-13 15:28:30] ADS value: 23.23, Ver: 109
[2026-07-13 15:29:02] ADS value: 23.23, Ver: 109
[2026-07-13 15:29:33] ADS value: 23.23, Ver: 109
[2026-07-13 15:30:05] ADS value: 23.23, Ver: 109
[2026-07-13 15:30:37] ADS value: 23.23, Ver: 109
[2026-07-13 15:31:08] ADS value: 23.23, Ver: 109
[2026-07-13 15:31:39] ADS value: 23.23, Ver: 109
[2026-07-13 15:33:21] ADS value: 23.23, Ver: 109
[2026-07-13 15:33:52] ADS value: 23.23, Ver: 109
[2026-07-13 15:34:24] ADS value: 23.23, Ver: 109
[2026-07-13 15:34:56] ADS value: 23.22, Ver: 109
[2026-07-13 15:35:27] ADS value: 23.23, Ver: 109
[2026-07-13 15:35:59] ADS value: 23.22, Ver: 109
[2026-07-13 15:36:30] ADS value: 23.22, Ver: 109
[2026-07-13 15:37:02] ADS value: 23.23, Ver: 109
[2026-07-13 15:37:34] ADS value: 23.23, Ver: 109
[2026-07-13 15:38:05] ADS value: 23.23, Ver: 109
[2026-07-13 15:38:38] ADS value: 23.23, Ver: 109
[2026-07-13 15:39:10] ADS value: 23.23, Ver: 109
[2026-07-13 15:39:41] ADS value: 23.23, Ver: 109
[2026-07-13 15:40:13] ADS value: 23.23, Ver: 109
[2026-07-13 15:40:44] ADS value: 23.23, Ver: 109
[2026-07-13 15:41:17] ADS value: 23.23, Ver: 109
[2026-07-13 15:41:49] ADS value: 23.23, Ver: 109
[2026-07-13 15:42:21] ADS value: 23.23, Ver: 109
[2026-07-13 15:42:53] ADS value: 23.23, Ver: 109
[2026-07-13 15:43:24] ADS value: 23.23, Ver: 109
[2026-07-13 15:43:56] ADS value: 23.22, Ver: 109
[2026-07-13 15:44:27] ADS value: 23.22, Ver: 109
[2026-07-13 15:44:59] ADS value: 23.23, Ver: 109
[2026-07-13 15:45:30] ADS value: 23.22, Ver: 109
[2026-07-13 15:46:02] ADS value: 23.22, Ver: 109
[2026-07-13 15:47:44] ADS value: 23.22, Ver: 109
[2026-07-13 15:48:16] ADS value: 23.22, Ver: 109
[2026-07-13 15:48:47] ADS value: 23.22, Ver: 109
[2026-07-13 15:49:18] ADS value: 23.23, Ver: 109
[2026-07-13 15:49:50] ADS value: 23.22, Ver: 109
[2026-07-13 15:50:21] ADS value: 23.21, Ver: 109
[2026-07-13 15:50:52] ADS value: 23.21, Ver: 109
[2026-07-13 15:51:25] ADS value: 23.23, Ver: 109
[2026-07-13 15:51:57] ADS value: 23.22, Ver: 109
[2026-07-13 15:52:28] ADS value: 23.21, Ver: 109
[2026-07-13 15:53:00] ADS value: 23.20, Ver: 109
[2026-07-13 15:53:31] ADS value: 23.21, Ver: 109
[2026-07-13 15:54:02] ADS value: 23.23, Ver: 109
[2026-07-13 15:54:34] ADS value: 23.22, Ver: 109
[2026-07-13 15:55:05] ADS value: 23.23, Ver: 109
[2026-07-13 15:55:38] ADS value: 23.22, Ver: 109
[2026-07-13 15:56:10] ADS value: 23.23, Ver: 109
[2026-07-13 15:56:42] ADS value: 23.22, Ver: 109
[2026-07-13 15:57:13] ADS value: 23.22, Ver: 109
[2026-07-13 15:57:45] ADS value: 23.23, Ver: 109
[2026-07-13 15:58:17] ADS value: 23.22, Ver: 109
[2026-07-13 15:58:48] ADS value: 23.22, Ver: 109
[2026-07-13 15:59:20] ADS value: 23.23, Ver: 109
[2026-07-13 15:59:52] ADS value: 23.22, Ver: 109
[2026-07-13 16:00:23] ADS value: 23.22, Ver: 109
[2026-07-13 16:02:06] ADS value: 23.22, Ver: 109
[2026-07-13 16:02:37] ADS value: 23.22, Ver: 109
[2026-07-13 16:03:08] ADS value: 23.22, Ver: 109
[2026-07-13 16:03:40] ADS value: 23.22, Ver: 109
[2026-07-13 16:04:11] ADS value: 23.22, Ver: 109
[2026-07-13 16:04:43] ADS value: 23.22, Ver: 109
[2026-07-13 16:05:14] ADS value: 23.22, Ver: 109
[2026-07-13 16:05:45] ADS value: 23.22, Ver: 109
[2026-07-13 16:06:17] ADS value: 23.22, Ver: 109
[2026-07-13 16:06:48] ADS value: 23.22, Ver: 109
[2026-07-13 16:07:19] ADS value: 23.22, Ver: 109
[2026-07-13 16:07:51] ADS value: 23.22, Ver: 109
[2026-07-13 16:08:22] ADS value: 23.22, Ver: 109
[2026-07-13 16:08:53] ADS value: 23.21, Ver: 109
[2026-07-13 16:09:25] ADS value: 23.22, Ver: 109
[2026-07-13 16:09:56] ADS value: 23.22, Ver: 109
[2026-07-13 16:10:28] ADS value: 23.21, Ver: 109
[2026-07-13 16:11:35] ADS value: 23.22, Ver: 109
[2026-07-13 16:12:08] ADS value: 23.22, Ver: 109
[2026-07-13 16:12:39] ADS value: 23.22, Ver: 109
[2026-07-13 16:13:11] ADS value: 23.22, Ver: 109
[2026-07-13 16:13:42] ADS value: 23.22, Ver: 109
[2026-07-13 16:14:13] ADS value: 23.22, Ver: 109
[2026-07-13 16:14:45] ADS value: 23.22, Ver: 109
[2026-07-13 16:15:16] ADS value: 23.21, Ver: 109
[2026-07-13 16:16:23] ADS value: 23.22, Ver: 109
[2026-07-13 16:16:54] ADS value: 23.22, Ver: 109
[2026-07-13 16:17:26] ADS value: 23.21, Ver: 109
[2026-07-13 16:17:58] ADS value: 23.21, Ver: 109
[2026-07-13 16:18:29] ADS value: 23.21, Ver: 109
[2026-07-13 16:19:01] ADS value: 23.22, Ver: 109
[2026-07-13 16:19:33] ADS value: 23.22, Ver: 109
[2026-07-13 16:20:04] ADS value: 23.21, Ver: 109
[2026-07-13 16:20:36] ADS value: 23.21, Ver: 109
[2026-07-13 16:21:08] ADS value: 23.21, Ver: 109
[2026-07-13 16:21:39] ADS value: 23.20, Ver: 109
[2026-07-13 16:22:10] ADS value: 23.21, Ver: 109
[2026-07-13 16:22:42] ADS value: 23.21, Ver: 109
[2026-07-13 16:23:14] ADS value: 23.21, Ver: 109
[2026-07-13 16:23:46] ADS value: 23.21, Ver: 109
[2026-07-13 16:24:17] ADS value: 23.21, Ver: 109
[2026-07-13 16:24:49] ADS value: 23.21, Ver: 109
[2026-07-13 16:25:20] ADS value: 23.21, Ver: 109
[2026-07-13 16:26:27] ADS value: 23.20, Ver: 109
[2026-07-13 16:26:58] ADS value: 23.21, Ver: 109
[2026-07-13 16:27:30] ADS value: 23.21, Ver: 109
[2026-07-13 16:28:02] ADS value: 23.21, Ver: 109
[2026-07-13 16:28:33] ADS value: 23.21, Ver: 109
[2026-07-13 16:29:05] ADS value: 23.21, Ver: 109
[2026-07-13 16:29:37] ADS value: 23.21, Ver: 109
[2026-07-13 16:30:08] ADS value: 23.21, Ver: 109
[2026-07-13 16:30:40] ADS value: 23.21, Ver: 109
[2026-07-13 16:31:12] ADS value: 23.21, Ver: 109
[2026-07-13 16:31:44] ADS value: 23.21, Ver: 109
[2026-07-13 16:32:15] ADS value: 23.20, Ver: 109
[2026-07-13 16:32:47] ADS value: 23.21, Ver: 109
[2026-07-13 16:33:19] ADS value: 23.21, Ver: 109
[2026-07-13 16:33:50] ADS value: 23.20, Ver: 109
[2026-07-13 16:34:22] ADS value: 23.19, Ver: 109
[2026-07-13 16:34:53] ADS value: 23.20, Ver: 109
[2026-07-13 16:35:25] ADS value: 23.20, Ver: 109
[2026-07-13 16:35:56] ADS value: 23.20, Ver: 109
[2026-07-13 16:36:28] ADS value: 23.20, Ver: 109
[2026-07-13 16:37:00] ADS value: 23.20, Ver: 109
[2026-07-13 16:37:31] ADS value: 23.21, Ver: 109
[2026-07-13 16:38:03] ADS value: 23.20, Ver: 109
[2026-07-13 16:38:35] ADS value: 23.20, Ver: 109
[2026-07-13 16:39:06] ADS value: 23.21, Ver: 109
[2026-07-13 16:39:38] ADS value: 23.21, Ver: 109
[2026-07-13 16:40:45] ADS value: 23.20, Ver: 109
[2026-07-13 16:41:16] ADS value: 23.19, Ver: 109
[2026-07-13 16:41:48] ADS value: 23.20, Ver: 109
[2026-07-13 16:42:19] ADS value: 23.20, Ver: 109
[2026-07-13 16:42:51] ADS value: 23.20, Ver: 109
[2026-07-13 16:43:23] ADS value: 23.20, Ver: 109
[2026-07-13 16:43:54] ADS value: 23.19, Ver: 109
[2026-07-13 16:44:26] ADS value: 23.19, Ver: 109
[2026-07-13 16:44:57] ADS value: 23.18, Ver: 109
[2026-07-13 16:45:29] ADS value: 23.20, Ver: 109
[2026-07-13 16:46:00] ADS value: 23.20, Ver: 109
[2026-07-13 16:46:33] ADS value: 23.19, Ver: 109
[2026-07-13 16:47:03] ADS value: 23.20, Ver: 109
[2026-07-13 16:47:35] ADS value: 23.19, Ver: 109
[2026-07-13 16:48:07] ADS value: 23.20, Ver: 109
[2026-07-13 16:48:38] ADS value: 23.20, Ver: 109
[2026-07-13 16:49:10] ADS value: 23.20, Ver: 109
[2026-07-13 16:49:42] ADS value: 23.19, Ver: 109
[2026-07-13 16:50:13] ADS value: 23.20, Ver: 109
[2026-07-13 16:50:45] ADS value: 23.19, Ver: 109
[2026-07-13 16:51:16] ADS value: 23.19, Ver: 109
[2026-07-13 16:51:48] ADS value: 23.19, Ver: 109
[2026-07-13 16:52:19] ADS value: 23.19, Ver: 109
[2026-07-13 16:52:50] ADS value: 23.20, Ver: 109
[2026-07-13 16:53:22] ADS value: 23.19, Ver: 109
[2026-07-13 16:53:54] ADS value: 23.19, Ver: 109
[2026-07-13 16:55:01] ADS value: 23.19, Ver: 109
[2026-07-13 16:55:33] ADS value: 23.19, Ver: 109
[2026-07-13 16:56:05] ADS value: 23.19, Ver: 109
[2026-07-13 16:56:36] ADS value: 23.19, Ver: 109
[2026-07-13 16:57:08] ADS value: 23.19, Ver: 109
[2026-07-13 16:57:40] ADS value: 23.19, Ver: 109
[2026-07-13 16:58:11] ADS value: 23.19, Ver: 109
[2026-07-13 16:58:43] ADS value: 23.19, Ver: 109
[2026-07-13 16:59:14] ADS value: 23.19, Ver: 109
[2026-07-13 16:59:46] ADS value: 23.19, Ver: 109
[2026-07-13 17:00:18] ADS value: 23.19, Ver: 109
[2026-07-13 17:00:49] ADS value: 23.18, Ver: 109
[2026-07-13 17:01:21] ADS value: 23.19, Ver: 109
[2026-07-13 17:01:53] ADS value: 23.19, Ver: 109
[2026-07-13 17:02:24] ADS value: 23.19, Ver: 109
[2026-07-13 17:02:56] ADS value: 23.19, Ver: 109
[2026-07-13 17:03:27] ADS value: 23.19, Ver: 109
[2026-07-13 17:03:59] ADS value: 23.19, Ver: 109
[2026-07-13 17:04:30] ADS value: 23.19, Ver: 109
[2026-07-13 17:05:02] ADS value: 23.19, Ver: 109
[2026-07-13 17:05:33] ADS value: 23.18, Ver: 109
[2026-07-13 17:06:05] ADS value: 23.19, Ver: 109
[2026-07-13 17:06:36] ADS value: 23.18, Ver: 109
[2026-07-13 17:07:07] ADS value: 23.18, Ver: 109
[2026-07-13 17:07:39] ADS value: 23.18, Ver: 109
[2026-07-13 17:08:10] ADS value: 23.19, Ver: 109
[2026-07-13 17:09:17] ADS value: 23.19, Ver: 109
[2026-07-13 17:09:49] ADS value: 23.19, Ver: 109
[2026-07-13 17:10:20] ADS value: 23.18, Ver: 109
[2026-07-13 17:10:52] ADS value: 23.19, Ver: 109
[2026-07-13 17:11:24] ADS value: 23.18, Ver: 109
[2026-07-13 17:11:55] ADS value: 23.18, Ver: 109
[2026-07-13 17:12:27] ADS value: 23.18, Ver: 109
[2026-07-13 17:12:59] ADS value: 23.18, Ver: 109
[2026-07-13 17:13:30] ADS value: 23.18, Ver: 109
[2026-07-13 17:14:02] ADS value: 23.17, Ver: 109
[2026-07-13 17:14:34] ADS value: 23.18, Ver: 109
[2026-07-13 17:15:05] ADS value: 23.18, Ver: 109
[2026-07-13 17:15:36] ADS value: 23.18, Ver: 109
[2026-07-13 17:16:08] ADS value: 23.18, Ver: 109
[2026-07-13 17:16:39] ADS value: 23.18, Ver: 109
[2026-07-13 17:17:11] ADS value: 23.18, Ver: 109
[2026-07-13 17:17:42] ADS value: 23.17, Ver: 109
[2026-07-13 17:18:14] ADS value: 23.17, Ver: 109
[2026-07-13 17:19:21] ADS value: 23.18, Ver: 109
[2026-07-13 17:19:52] ADS value: 23.18, Ver: 109
[2026-07-13 17:20:24] ADS value: 23.18, Ver: 109
[2026-07-13 17:20:56] ADS value: 23.18, Ver: 109
[2026-07-13 17:21:27] ADS value: 23.16, Ver: 109
[2026-07-13 17:21:58] ADS value: 23.17, Ver: 109
[2026-07-13 17:22:30] ADS value: 23.18, Ver: 109
[2026-07-13 17:23:01] ADS value: 23.16, Ver: 109
[2026-07-13 17:23:33] ADS value: 23.17, Ver: 109
[2026-07-13 17:24:05] ADS value: 23.17, Ver: 109
[2026-07-13 17:24:36] ADS value: 23.18, Ver: 109
[2026-07-13 17:25:08] ADS value: 23.16, Ver: 109
[2026-07-13 17:25:39] ADS value: 23.16, Ver: 109
[2026-07-13 17:26:10] ADS value: 23.16, Ver: 109
[2026-07-13 17:26:42] ADS value: 23.17, Ver: 109
[2026-07-13 17:27:13] ADS value: 23.16, Ver: 109
[2026-07-13 17:27:44] ADS value: 23.17, Ver: 109
[2026-07-13 17:28:16] ADS value: 23.17, Ver: 109
[2026-07-13 17:28:47] ADS value: 23.16, Ver: 109
[2026-07-13 17:29:18] ADS value: 23.16, Ver: 109
[2026-07-13 17:29:50] ADS value: 23.18, Ver: 109
[2026-07-13 17:30:22] ADS value: 23.17, Ver: 109
[2026-07-13 17:30:54] ADS value: 23.17, Ver: 109
[2026-07-13 17:31:25] ADS value: 23.16, Ver: 109
[2026-07-13 17:31:56] ADS value: 23.16, Ver: 109
[2026-07-13 17:32:28] ADS value: 23.17, Ver: 109
[2026-07-13 17:33:00] ADS value: 23.17, Ver: 109
[2026-07-13 17:33:31] ADS value: 23.17, Ver: 109
[2026-07-13 17:34:03] ADS value: 23.17, Ver: 109
[2026-07-13 17:34:34] ADS value: 23.17, Ver: 109
[2026-07-13 17:35:05] ADS value: 23.16, Ver: 109
[2026-07-13 17:35:37] ADS value: 23.16, Ver: 109
[2026-07-13 17:36:08] ADS value: 23.17, Ver: 109
[2026-07-13 17:42:19] ADS value: 23.16, Ver: 109
[2026-07-13 20:31:03] ADS value: 23.16, Ver: 109
[2026-07-13 20:34:43] ADS value: 23.16, Ver: 109
[2026-07-14 08:28:21] ADS value: 21.54, Ver: 109
[2026-07-14 08:28:58] ADS value: 21.54, Ver: 109
[2026-07-14 08:29:27] ADS value: 21.55, Ver: 109
[2026-07-14 08:29:59] ADS value: 21.55, Ver: 109
[2026-07-14 08:30:30] ADS value: 21.55, Ver: 109
[2026-07-14 08:31:01] ADS value: 21.54, Ver: 109
[2026-07-14 08:31:33] ADS value: 21.55, Ver: 109
[2026-07-14 08:32:04] ADS value: 21.55, Ver: 109
[2026-07-14 08:32:35] ADS value: 21.55, Ver: 109
[2026-07-14 08:33:06] ADS value: 21.55, Ver: 109
[2026-07-14 08:33:38] ADS value: 21.55, Ver: 109
[2026-07-14 08:34:09] ADS value: 21.55, Ver: 109
[2026-07-14 08:34:41] ADS value: 21.55, Ver: 109
[2026-07-14 08:35:15] ADS value: 21.55, Ver: 109
[2026-07-14 08:35:46] ADS value: 21.55, Ver: 109
[2026-07-14 08:36:17] ADS value: 21.55, Ver: 109
[2026-07-14 08:37:25] ADS value: 21.55, Ver: 109
[2026-07-14 08:37:56] ADS value: 21.55, Ver: 109
[2026-07-14 08:38:28] ADS value: 21.55, Ver: 109
[2026-07-14 08:38:59] ADS value: 21.55, Ver: 109
[2026-07-14 08:40:47] ADS value: 21.56, Ver: 109
[2026-07-14 08:41:18] ADS value: 21.56, Ver: 109
[2026-07-14 08:41:50] ADS value: 21.56, Ver: 109
[2026-07-14 08:42:21] ADS value: 21.55, Ver: 109
[2026-07-14 08:42:52] ADS value: 21.55, Ver: 109
[2026-07-14 08:43:23] ADS value: 21.56, Ver: 109
[2026-07-14 08:43:54] ADS value: 21.56, Ver: 109
[2026-07-14 08:44:26] ADS value: 21.56, Ver: 109
[2026-07-14 08:44:57] ADS value: 21.56, Ver: 109
[2026-07-14 08:45:35] ADS value: 21.56, Ver: 109
[2026-07-14 08:46:03] ADS value: 21.56, Ver: 109
[2026-07-14 08:47:04] running_front
[2026-07-14 08:51:47] ADS value: 21.55, Ver: 109
[2026-07-14 08:52:18] ADS value: 21.54, Ver: 109
[2026-07-14 08:52:49] ADS value: 21.54, Ver: 109
[2026-07-14 08:53:21] ADS value: 21.54, Ver: 109
[2026-07-14 08:53:52] ADS value: 21.54, Ver: 109
[2026-07-14 08:54:24] ADS value: 21.54, Ver: 109
[2026-07-14 08:55:31] ADS value: 21.54, Ver: 109
[2026-07-14 08:56:02] ADS value: 21.54, Ver: 109
[2026-07-14 08:57:09] ADS value: 21.54, Ver: 109
[2026-07-14 08:57:41] ADS value: 21.54, Ver: 109
[2026-07-14 08:58:13] ADS value: 21.54, Ver: 109
[2026-07-14 08:58:45] ADS value: 21.54, Ver: 109
[2026-07-14 08:59:16] ADS value: 21.54, Ver: 109
[2026-07-14 08:59:48] ADS value: 21.54, Ver: 109
[2026-07-14 09:00:20] ADS value: 21.54, Ver: 109
[2026-07-14 09:00:52] ADS value: 21.53, Ver: 109
[2026-07-14 09:01:24] ADS value: 21.54, Ver: 109
[2026-07-14 09:01:55] ADS value: 21.54, Ver: 109
[2026-07-14 09:02:35] Boot complete
[2026-07-14 09:02:54] ADS value: 21.53, Ver: 109
[2026-07-14 09:03:26] ADS value: 21.24, Ver: 109
[2026-07-14 09:03:56] ADS value: 21.38, Ver: 109
[2026-07-14 09:04:27] ADS value: 21.49, Ver: 109
[2026-07-14 09:04:59] ADS value: 21.49, Ver: 109
[2026-07-14 09:05:29] ADS value: 21.48, Ver: 109
[2026-07-14 09:06:01] ADS value: 21.49, Ver: 109
[2026-07-14 09:06:32] ADS value: 21.48, Ver: 109
[2026-07-14 09:07:03] ADS value: 21.50, Ver: 109
[2026-07-14 09:07:35] ADS value: 21.50, Ver: 109
[2026-07-14 09:08:06] ADS value: 21.50, Ver: 109
[2026-07-14 09:08:37] ADS value: 21.15, Ver: 109
[2026-07-14 09:09:09] ADS value: 21.49, Ver: 109
[2026-07-14 11:59:03] ADS value: 21.49, Ver: 109
[2026-07-14 11:59:34] ADS value: 21.50, Ver: 109
[2026-07-14 12:00:06] ADS value: 21.51, Ver: 109
[2026-07-14 12:00:08] running_opposite
[2026-07-14 12:33:21] ADS value: 21.41, Ver: 109
[2026-07-14 12:34:28] ADS value: 21.44, Ver: 109
[2026-07-14 12:34:59] ADS value: 21.44, Ver: 109
[2026-07-14 12:38:34] running_front
[2026-07-14 12:38:44] ADS value: 21.32, Ver: 109
[2026-07-14 12:38:47] running_front
[2026-07-14 12:41:07] running_opposite
[2026-07-14 12:41:11] ADS value: 21.29, Ver: 109
[2026-07-14 12:41:29] running_front
[2026-07-14 12:41:39] running_opposite
[2026-07-14 12:41:42] ADS value: 21.31, Ver: 109
[2026-07-14 12:42:14] ADS value: 21.34, Ver: 109
[2026-07-14 12:42:45] ADS value: 21.35, Ver: 109
[2026-07-14 12:43:17] ADS value: 21.37, Ver: 109
[2026-07-14 12:43:49] ADS value: 21.37, Ver: 109
[2026-07-14 12:44:20] ADS value: 21.38, Ver: 109
[2026-07-14 12:44:52] ADS value: 21.37, Ver: 109
[2026-07-14 12:45:23] ADS value: 21.38, Ver: 109
[2026-07-14 12:45:55] ADS value: 21.38, Ver: 109
[2026-07-14 12:46:27] ADS value: 21.39, Ver: 109
[2026-07-14 12:46:58] ADS value: 21.38, Ver: 109
[2026-07-14 12:48:05] ADS value: 21.38, Ver: 109
[2026-07-14 12:48:37] ADS value: 21.39, Ver: 109
[2026-07-14 12:49:08] ADS value: 21.38, Ver: 109
[2026-07-14 12:49:40] ADS value: 21.38, Ver: 109
[2026-07-14 12:50:47] ADS value: 21.40, Ver: 109
[2026-07-14 12:51:18] ADS value: 21.39, Ver: 109
[2026-07-14 12:51:50] ADS value: 21.39, Ver: 109
[2026-07-14 12:52:21] ADS value: 21.39, Ver: 109
[2026-07-14 12:52:53] ADS value: 21.40, Ver: 109
[2026-07-14 12:53:25] ADS value: 21.39, Ver: 109
[2026-07-14 12:53:56] ADS value: 21.40, Ver: 109
[2026-07-14 12:54:28] ADS value: 21.40, Ver: 109
[2026-07-14 12:54:59] ADS value: 21.39, Ver: 109
[2026-07-14 12:55:31] ADS value: 21.40, Ver: 109
[2026-07-14 12:56:02] ADS value: 21.39, Ver: 109
[2026-07-14 12:56:34] ADS value: 21.39, Ver: 109
[2026-07-14 12:57:06] ADS value: 21.40, Ver: 109
[2026-07-14 12:57:37] ADS value: 21.39, Ver: 109
[2026-07-14 12:58:09] ADS value: 21.40, Ver: 109
[2026-07-14 12:58:40] ADS value: 21.40, Ver: 109
[2026-07-14 12:59:12] ADS value: 21.40, Ver: 109
[2026-07-14 12:59:44] ADS value: 21.39, Ver: 109
[2026-07-14 13:00:51] ADS value: 21.39, Ver: 109
[2026-07-14 13:01:22] ADS value: 21.40, Ver: 109
[2026-07-14 13:02:29] ADS value: 21.40, Ver: 109
[2026-07-14 13:03:01] ADS value: 21.40, Ver: 109
[2026-07-14 13:03:33] ADS value: 21.40, Ver: 109
[2026-07-14 13:04:04] ADS value: 21.39, Ver: 109
[2026-07-14 13:04:36] ADS value: 21.39, Ver: 109
[2026-07-14 13:05:07] ADS value: 21.39, Ver: 109
[2026-07-14 13:05:39] ADS value: 21.39, Ver: 109
[2026-07-14 13:06:10] ADS value: 21.39, Ver: 109
[2026-07-14 13:06:42] ADS value: 21.40, Ver: 109
[2026-07-14 13:07:14] ADS value: 21.39, Ver: 109
[2026-07-14 13:07:45] ADS value: 21.39, Ver: 109
[2026-07-14 13:08:16] ADS value: 21.39, Ver: 109
[2026-07-14 13:08:48] ADS value: 21.39, Ver: 109
[2026-07-14 13:09:19] ADS value: 21.38, Ver: 109
[2026-07-14 13:09:51] ADS value: 21.39, Ver: 109
[2026-07-14 13:10:22] ADS value: 21.39, Ver: 109
[2026-07-14 13:10:54] ADS value: 21.38, Ver: 109
[2026-07-14 13:11:26] ADS value: 21.38, Ver: 109
[2026-07-14 13:11:57] ADS value: 21.39, Ver: 109
[2026-07-14 13:12:28] ADS value: 21.39, Ver: 109
[2026-07-14 13:12:59] ADS value: 21.38, Ver: 109
[2026-07-14 13:13:31] ADS value: 21.38, Ver: 109
[2026-07-14 13:14:02] ADS value: 21.39, Ver: 109
[2026-07-14 13:15:08] ADS value: 21.38, Ver: 109
[2026-07-14 13:15:40] ADS value: 21.38, Ver: 109
[2026-07-14 13:16:47] ADS value: 21.38, Ver: 109
[2026-07-14 13:17:19] ADS value: 21.37, Ver: 109
[2026-07-14 13:17:50] ADS value: 21.38, Ver: 109
[2026-07-14 13:18:22] ADS value: 21.38, Ver: 109
[2026-07-14 13:18:53] ADS value: 21.38, Ver: 109
[2026-07-14 13:19:25] ADS value: 21.38, Ver: 109
[2026-07-14 13:19:56] ADS value: 21.38, Ver: 109
[2026-07-14 13:20:28] ADS value: 21.37, Ver: 109
[2026-07-14 13:20:59] ADS value: 21.37, Ver: 109
[2026-07-14 13:21:31] ADS value: 21.37, Ver: 109
[2026-07-14 13:22:02] ADS value: 21.37, Ver: 109
[2026-07-14 13:22:34] ADS value: 21.37, Ver: 109
[2026-07-14 13:23:05] ADS value: 21.37, Ver: 109
[2026-07-14 13:23:36] ADS value: 21.38, Ver: 109
[2026-07-14 13:24:08] ADS value: 21.38, Ver: 109
[2026-07-14 13:24:39] ADS value: 21.37, Ver: 109
[2026-07-14 13:25:10] ADS value: 21.37, Ver: 109
[2026-07-14 13:25:42] ADS value: 21.37, Ver: 109
[2026-07-14 13:26:14] ADS value: 21.37, Ver: 109
[2026-07-14 13:26:45] ADS value: 21.37, Ver: 109
[2026-07-14 13:27:17] ADS value: 21.37, Ver: 109
[2026-07-14 13:27:48] ADS value: 21.37, Ver: 109
[2026-07-14 13:28:19] ADS value: 21.37, Ver: 109
[2026-07-14 13:30:02] ADS value: 21.36, Ver: 109
[2026-07-14 13:31:09] ADS value: 21.36, Ver: 109
[2026-07-14 13:31:40] ADS value: 21.37, Ver: 109
[2026-07-14 13:32:12] ADS value: 21.36, Ver: 109
[2026-07-14 13:32:43] ADS value: 21.36, Ver: 109
[2026-07-14 13:33:14] ADS value: 21.37, Ver: 109
[2026-07-14 13:33:46] ADS value: 21.36, Ver: 109
[2026-07-14 13:34:18] ADS value: 21.36, Ver: 109
[2026-07-14 13:34:49] ADS value: 21.36, Ver: 109
[2026-07-14 13:35:21] ADS value: 21.36, Ver: 109
[2026-07-14 13:35:52] ADS value: 21.35, Ver: 109
[2026-07-14 13:36:24] ADS value: 21.36, Ver: 109
[2026-07-14 13:36:55] ADS value: 21.35, Ver: 109
[2026-07-14 13:37:27] ADS value: 21.35, Ver: 109
[2026-07-14 13:37:58] ADS value: 21.35, Ver: 109
[2026-07-14 13:38:29] ADS value: 21.35, Ver: 109
[2026-07-14 13:39:01] ADS value: 21.36, Ver: 109
[2026-07-14 13:39:33] ADS value: 21.35, Ver: 109
[2026-07-14 13:40:04] ADS value: 21.35, Ver: 109
[2026-07-14 13:41:11] ADS value: 21.36, Ver: 109
[2026-07-14 13:41:43] ADS value: 21.35, Ver: 109
[2026-07-14 13:42:14] ADS value: 21.35, Ver: 109
[2026-07-14 13:42:46] ADS value: 21.35, Ver: 109
[2026-07-14 13:44:28] ADS value: 21.35, Ver: 109
[2026-07-14 13:45:00] ADS value: 21.34, Ver: 109
[2026-07-14 13:45:31] ADS value: 21.35, Ver: 109
[2026-07-14 13:46:03] ADS value: 21.34, Ver: 109
[2026-07-14 13:46:34] ADS value: 21.34, Ver: 109
[2026-07-14 13:47:06] ADS value: 21.34, Ver: 109
[2026-07-14 13:47:37] ADS value: 21.34, Ver: 109
[2026-07-14 13:48:09] ADS value: 21.34, Ver: 109
[2026-07-14 13:48:40] ADS value: 21.34, Ver: 109
[2026-07-14 13:49:12] ADS value: 21.34, Ver: 109
[2026-07-14 13:49:44] ADS value: 21.33, Ver: 109
[2026-07-14 13:50:16] ADS value: 21.33, Ver: 109
[2026-07-14 13:50:47] ADS value: 21.34, Ver: 109
[2026-07-14 13:51:19] ADS value: 21.33, Ver: 109
[2026-07-14 13:51:50] ADS value: 21.33, Ver: 109
[2026-07-14 13:52:22] ADS value: 21.33, Ver: 109
[2026-07-14 13:52:53] ADS value: 21.33, Ver: 109
[2026-07-14 13:53:27] ADS value: 21.33, Ver: 109
[2026-07-14 13:53:59] ADS value: 21.33, Ver: 109
[2026-07-14 13:54:31] ADS value: 21.33, Ver: 109
[2026-07-14 13:55:02] ADS value: 21.33, Ver: 109
[2026-07-14 13:55:34] ADS value: 21.33, Ver: 109
[2026-07-14 13:56:05] ADS value: 21.33, Ver: 109
[2026-07-14 13:56:37] ADS value: 21.33, Ver: 109
[2026-07-14 13:57:11] ADS value: 21.32, Ver: 109
[2026-07-14 13:58:18] ADS value: 21.32, Ver: 109
[2026-07-14 13:59:25] ADS value: 21.32, Ver: 109
[2026-07-14 13:59:56] ADS value: 21.33, Ver: 109
[2026-07-14 14:00:28] ADS value: 21.32, Ver: 109
[2026-07-14 14:00:59] ADS value: 21.32, Ver: 109
[2026-07-14 14:01:31] ADS value: 21.32, Ver: 109
[2026-07-14 14:02:02] ADS value: 21.31, Ver: 109
[2026-07-14 14:02:34] ADS value: 21.32, Ver: 109
[2026-07-14 14:03:06] ADS value: 21.32, Ver: 109
[2026-07-14 14:03:37] ADS value: 21.32, Ver: 109
[2026-07-14 14:04:09] ADS value: 21.32, Ver: 109
[2026-07-14 14:04:41] ADS value: 21.31, Ver: 109
[2026-07-14 14:05:12] ADS value: 21.32, Ver: 109
[2026-07-14 14:05:44] ADS value: 21.31, Ver: 109
[2026-07-14 14:06:15] ADS value: 21.32, Ver: 109
[2026-07-14 14:06:46] ADS value: 21.31, Ver: 109
[2026-07-14 14:07:17] ADS value: 21.31, Ver: 109
[2026-07-14 14:07:49] ADS value: 21.31, Ver: 109
[2026-07-14 14:08:20] ADS value: 21.31, Ver: 109
[2026-07-14 14:08:52] ADS value: 21.31, Ver: 109
[2026-07-14 14:09:24] ADS value: 21.31, Ver: 109
[2026-07-14 14:09:55] ADS value: 21.30, Ver: 109
[2026-07-14 14:10:26] ADS value: 21.31, Ver: 109
[2026-07-14 14:10:58] ADS value: 21.31, Ver: 109
[2026-07-14 14:11:30] ADS value: 21.31, Ver: 109
[2026-07-14 14:12:37] ADS value: 21.31, Ver: 109
[2026-07-14 14:13:44] ADS value: 21.30, Ver: 109
[2026-07-14 14:14:15] ADS value: 21.31, Ver: 109
[2026-07-14 14:14:47] ADS value: 21.30, Ver: 109
[2026-07-14 14:15:19] ADS value: 21.30, Ver: 109
[2026-07-14 14:15:53] ADS value: 21.30, Ver: 109
[2026-07-14 14:16:25] ADS value: 21.30, Ver: 109
[2026-07-14 14:16:57] ADS value: 21.30, Ver: 109
[2026-07-14 14:17:28] ADS value: 21.30, Ver: 109
[2026-07-14 14:18:00] ADS value: 21.30, Ver: 109
[2026-07-14 14:18:32] ADS value: 21.30, Ver: 109
[2026-07-14 14:19:03] ADS value: 21.30, Ver: 109
[2026-07-14 14:19:35] ADS value: 21.30, Ver: 109
[2026-07-14 14:20:06] ADS value: 21.29, Ver: 109
[2026-07-14 14:20:38] ADS value: 21.30, Ver: 109
[2026-07-14 14:21:10] ADS value: 21.30, Ver: 109
[2026-07-14 14:21:41] ADS value: 21.29, Ver: 109
[2026-07-14 14:22:13] ADS value: 21.29, Ver: 109
[2026-07-14 14:22:45] ADS value: 21.29, Ver: 109
[2026-07-14 14:23:15] ADS value: 21.29, Ver: 109
[2026-07-14 14:23:47] ADS value: 21.29, Ver: 109
[2026-07-14 14:24:18] ADS value: 21.28, Ver: 109
[2026-07-14 14:24:50] ADS value: 21.29, Ver: 109
[2026-07-14 14:25:21] ADS value: 21.29, Ver: 109
[2026-07-14 14:25:53] ADS value: 21.29, Ver: 109
[2026-07-14 14:26:27] ADS value: 21.29, Ver: 109
[2026-07-14 14:26:59] ADS value: 21.28, Ver: 109
[2026-07-14 14:27:30] ADS value: 21.28, Ver: 109
[2026-07-14 14:28:02] ADS value: 21.28, Ver: 109
[2026-07-14 14:28:33] ADS value: 21.29, Ver: 109
[2026-07-14 14:29:05] ADS value: 21.28, Ver: 109
[2026-07-14 14:29:37] ADS value: 21.28, Ver: 109
[2026-07-14 14:30:09] ADS value: 21.28, Ver: 109
[2026-07-14 14:30:40] ADS value: 21.28, Ver: 109
[2026-07-14 14:31:11] ADS value: 21.28, Ver: 109
[2026-07-14 14:31:43] ADS value: 21.28, Ver: 109
[2026-07-14 14:32:14] ADS value: 21.28, Ver: 109
[2026-07-14 14:32:45] ADS value: 21.28, Ver: 109
[2026-07-14 14:33:17] ADS value: 21.28, Ver: 109
[2026-07-14 14:33:48] ADS value: 21.28, Ver: 109
[2026-07-14 14:34:20] ADS value: 21.27, Ver: 109
[2026-07-14 14:34:51] ADS value: 21.27, Ver: 109
[2026-07-14 14:35:23] ADS value: 21.27, Ver: 109
[2026-07-14 14:35:54] ADS value: 21.27, Ver: 109
[2026-07-14 14:36:26] ADS value: 21.27, Ver: 109
[2026-07-14 14:36:57] ADS value: 21.27, Ver: 109
[2026-07-14 14:38:04] ADS value: 21.27, Ver: 109
[2026-07-14 14:38:36] ADS value: 21.27, Ver: 109
[2026-07-14 14:39:07] ADS value: 21.27, Ver: 109
[2026-07-14 14:39:39] ADS value: 21.27, Ver: 109
[2026-07-14 14:40:10] ADS value: 21.27, Ver: 109
[2026-07-14 14:41:17] ADS value: 21.26, Ver: 109
[2026-07-14 14:41:48] ADS value: 21.27, Ver: 109
[2026-07-14 14:42:19] ADS value: 21.26, Ver: 109
[2026-07-14 14:42:51] ADS value: 21.26, Ver: 109
[2026-07-14 14:43:23] ADS value: 21.26, Ver: 109
[2026-07-14 14:43:54] ADS value: 21.26, Ver: 109
[2026-07-14 14:44:26] ADS value: 21.26, Ver: 109
[2026-07-14 14:44:57] ADS value: 21.26, Ver: 109
[2026-07-14 14:45:28] ADS value: 21.25, Ver: 109
[2026-07-14 14:46:00] ADS value: 21.26, Ver: 109
[2026-07-14 14:46:32] ADS value: 21.26, Ver: 109
[2026-07-14 14:47:04] ADS value: 21.26, Ver: 109
[2026-07-14 14:47:35] ADS value: 21.26, Ver: 109
[2026-07-14 14:48:07] ADS value: 21.25, Ver: 109
[2026-07-14 14:48:38] ADS value: 21.25, Ver: 109
[2026-07-14 14:49:10] ADS value: 21.25, Ver: 109
[2026-07-14 14:49:41] ADS value: 21.26, Ver: 109
[2026-07-14 14:50:51] ADS value: 21.25, Ver: 109
[2026-07-14 14:51:23] ADS value: 21.25, Ver: 109
[2026-07-14 14:51:57] ADS value: 21.25, Ver: 109
[2026-07-14 14:53:04] ADS value: 21.25, Ver: 109
[2026-07-14 14:53:36] ADS value: 21.24, Ver: 109
[2026-07-14 14:54:07] ADS value: 21.25, Ver: 109
[2026-07-14 14:54:39] ADS value: 21.25, Ver: 109
[2026-07-14 14:55:10] ADS value: 21.24, Ver: 109
[2026-07-14 14:55:42] ADS value: 21.24, Ver: 109
[2026-07-14 14:56:13] ADS value: 21.24, Ver: 109
[2026-07-14 14:56:45] ADS value: 21.24, Ver: 109
[2026-07-14 14:57:17] ADS value: 21.24, Ver: 109
[2026-07-14 14:57:48] ADS value: 21.24, Ver: 109
[2026-07-14 14:58:20] ADS value: 21.24, Ver: 109
[2026-07-14 14:58:51] ADS value: 21.24, Ver: 109
[2026-07-14 14:59:23] ADS value: 21.24, Ver: 109
[2026-07-14 14:59:55] ADS value: 21.24, Ver: 109
[2026-07-14 15:00:26] ADS value: 21.24, Ver: 109
[2026-07-14 15:00:57] ADS value: 21.24, Ver: 109
[2026-07-14 15:01:29] ADS value: 21.24, Ver: 109
[2026-07-14 15:02:01] ADS value: 21.23, Ver: 109
[2026-07-14 15:02:32] ADS value: 21.24, Ver: 109
[2026-07-14 15:03:04] ADS value: 21.24, Ver: 109
[2026-07-14 15:03:35] ADS value: 21.24, Ver: 109
[2026-07-14 15:04:07] ADS value: 21.24, Ver: 109
[2026-07-14 15:04:41] ADS value: 21.23, Ver: 109
[2026-07-14 15:05:13] ADS value: 21.23, Ver: 109
[2026-07-14 15:05:44] ADS value: 21.23, Ver: 109
[2026-07-14 15:07:27] ADS value: 21.23, Ver: 109
[2026-07-14 15:07:59] ADS value: 21.23, Ver: 109
[2026-07-14 15:08:30] ADS value: 21.23, Ver: 109
[2026-07-14 15:09:02] ADS value: 21.23, Ver: 109
[2026-07-14 15:09:33] ADS value: 21.23, Ver: 109
[2026-07-14 15:10:05] ADS value: 21.22, Ver: 109
[2026-07-14 15:10:36] ADS value: 21.22, Ver: 109
[2026-07-14 15:11:08] ADS value: 21.22, Ver: 109
[2026-07-14 15:11:40] ADS value: 21.22, Ver: 109
[2026-07-14 15:12:11] ADS value: 21.22, Ver: 109
[2026-07-14 15:12:47] ADS value: 21.22, Ver: 109
[2026-07-14 15:13:16] ADS value: 21.22, Ver: 109
[2026-07-14 15:13:48] ADS value: 21.22, Ver: 109
[2026-07-14 15:14:20] ADS value: 21.22, Ver: 109
[2026-07-14 15:14:51] ADS value: 21.22, Ver: 109
[2026-07-14 15:15:23] ADS value: 21.22, Ver: 109
[2026-07-14 15:15:54] ADS value: 21.22, Ver: 109
[2026-07-14 15:17:01] ADS value: 21.22, Ver: 109
[2026-07-14 15:17:33] ADS value: 21.22, Ver: 109
[2026-07-14 15:18:05] ADS value: 21.21, Ver: 109
[2026-07-14 15:18:36] ADS value: 21.22, Ver: 109
[2026-07-14 15:19:08] ADS value: 21.22, Ver: 109
[2026-07-14 15:19:40] ADS value: 21.21, Ver: 109
[2026-07-14 15:20:11] ADS value: 21.21, Ver: 109
[2026-07-14 15:20:43] ADS value: 21.21, Ver: 109
[2026-07-14 15:21:50] ADS value: 21.21, Ver: 109
[2026-07-14 15:22:21] ADS value: 21.21, Ver: 109
[2026-07-14 15:22:53] ADS value: 21.20, Ver: 109
[2026-07-14 15:23:24] ADS value: 21.21, Ver: 109
[2026-07-14 15:23:56] ADS value: 21.21, Ver: 109
[2026-07-14 15:24:28] ADS value: 21.20, Ver: 109
[2026-07-14 15:24:59] ADS value: 21.20, Ver: 109
[2026-07-14 15:25:31] ADS value: 21.21, Ver: 109
[2026-07-14 15:26:03] ADS value: 21.20, Ver: 109
[2026-07-14 15:26:37] ADS value: 21.21, Ver: 109
[2026-07-14 15:27:08] ADS value: 21.20, Ver: 109
[2026-07-14 15:27:39] ADS value: 21.20, Ver: 109
[2026-07-14 15:28:11] ADS value: 21.20, Ver: 109
[2026-07-14 15:28:43] ADS value: 21.20, Ver: 109
[2026-07-14 15:29:14] ADS value: 21.19, Ver: 109
[2026-07-14 15:29:46] ADS value: 21.19, Ver: 109
[2026-07-14 15:30:18] ADS value: 21.19, Ver: 109
[2026-07-14 15:31:25] ADS value: 21.19, Ver: 109
[2026-07-14 15:31:56] ADS value: 21.19, Ver: 109
[2026-07-14 15:32:28] ADS value: 21.19, Ver: 109
[2026-07-14 15:33:00] ADS value: 21.19, Ver: 109
[2026-07-14 15:33:31] ADS value: 21.18, Ver: 109
[2026-07-14 15:34:06] ADS value: 21.19, Ver: 109
[2026-07-14 15:34:37] ADS value: 21.18, Ver: 109
[2026-07-14 15:35:09] ADS value: 21.19, Ver: 109
[2026-07-14 15:36:52] ADS value: 21.18, Ver: 109
[2026-07-14 15:37:23] ADS value: 21.18, Ver: 109
[2026-07-14 15:37:55] ADS value: 21.18, Ver: 109
[2026-07-14 15:38:26] ADS value: 21.18, Ver: 109
[2026-07-14 15:38:58] ADS value: 21.18, Ver: 109
[2026-07-14 15:39:29] ADS value: 21.18, Ver: 109
[2026-07-14 15:40:02] ADS value: 21.18, Ver: 109
[2026-07-14 15:40:34] ADS value: 21.18, Ver: 109
[2026-07-14 15:41:05] ADS value: 21.18, Ver: 109
[2026-07-14 15:41:37] ADS value: 21.17, Ver: 109
[2026-07-14 15:42:08] ADS value: 21.17, Ver: 109
[2026-07-14 15:42:40] ADS value: 21.17, Ver: 109
[2026-07-14 15:43:12] ADS value: 21.17, Ver: 109
[2026-07-14 15:43:43] ADS value: 21.17, Ver: 109
[2026-07-14 15:44:15] ADS value: 21.17, Ver: 109
[2026-07-14 15:44:46] ADS value: 21.17, Ver: 109
[2026-07-14 15:45:18] ADS value: 21.17, Ver: 109
[2026-07-14 15:46:25] ADS value: 21.17, Ver: 109
[2026-07-14 15:46:57] ADS value: 21.17, Ver: 109
[2026-07-14 15:47:28] ADS value: 21.16, Ver: 109
[2026-07-14 15:48:00] ADS value: 21.16, Ver: 109
[2026-07-14 15:48:32] ADS value: 21.16, Ver: 109
[2026-07-14 15:49:03] ADS value: 21.16, Ver: 109
[2026-07-14 15:49:35] ADS value: 21.16, Ver: 109
[2026-07-14 15:50:07] ADS value: 21.16, Ver: 109
[2026-07-14 15:50:39] ADS value: 21.16, Ver: 109
[2026-07-14 15:51:11] ADS value: 21.15, Ver: 109
[2026-07-14 15:51:42] ADS value: 21.15, Ver: 109
[2026-07-14 15:52:14] ADS value: 21.16, Ver: 109
[2026-07-14 15:52:46] ADS value: 21.15, Ver: 109
[2026-07-14 15:53:17] ADS value: 21.16, Ver: 109
[2026-07-14 15:53:49] ADS value: 21.15, Ver: 109
[2026-07-14 15:54:21] ADS value: 21.16, Ver: 109
[2026-07-14 15:54:52] ADS value: 21.15, Ver: 109
[2026-07-14 15:55:24] ADS value: 21.16, Ver: 109
[2026-07-14 15:55:56] ADS value: 21.15, Ver: 109
[2026-07-14 15:56:28] ADS value: 21.16, Ver: 109
[2026-07-14 15:57:35] ADS value: 21.15, Ver: 109
[2026-07-14 15:58:07] ADS value: 21.15, Ver: 109
[2026-07-14 15:58:38] ADS value: 21.14, Ver: 109
[2026-07-14 15:59:10] ADS value: 21.14, Ver: 109
[2026-07-14 16:00:17] ADS value: 21.14, Ver: 109
[2026-07-14 16:00:49] ADS value: 21.13, Ver: 109
[2026-07-14 16:01:20] ADS value: 21.14, Ver: 109
[2026-07-14 16:01:52] ADS value: 21.15, Ver: 109
[2026-07-14 16:02:24] ADS value: 21.14, Ver: 109
[2026-07-14 16:02:56] ADS value: 21.14, Ver: 109
[2026-07-14 16:03:27] ADS value: 21.14, Ver: 109
[2026-07-14 16:03:58] ADS value: 21.14, Ver: 109
[2026-07-14 16:04:30] ADS value: 21.14, Ver: 109
[2026-07-14 16:05:02] ADS value: 21.14, Ver: 109
[2026-07-14 16:05:33] ADS value: 21.13, Ver: 109
[2026-07-14 16:06:05] ADS value: 21.13, Ver: 109
[2026-07-14 16:06:37] ADS value: 21.13, Ver: 109
[2026-07-14 16:07:08] ADS value: 21.13, Ver: 109
[2026-07-14 16:07:40] ADS value: 21.14, Ver: 109
[2026-07-14 16:08:11] ADS value: 21.13, Ver: 109
[2026-07-14 16:08:43] ADS value: 21.13, Ver: 109
[2026-07-14 16:09:14] ADS value: 21.13, Ver: 109
[2026-07-14 16:09:46] ADS value: 21.13, Ver: 109
[2026-07-14 16:10:18] ADS value: 21.13, Ver: 109
[2026-07-14 16:10:49] ADS value: 21.13, Ver: 109
[2026-07-14 16:11:21] ADS value: 21.12, Ver: 109
[2026-07-14 16:11:52] ADS value: 21.12, Ver: 109
[2026-07-14 16:12:24] ADS value: 21.13, Ver: 109
[2026-07-14 16:12:55] ADS value: 21.13, Ver: 109
[2026-07-14 16:13:27] ADS value: 21.13, Ver: 109
[2026-07-14 16:14:01] ADS value: 21.12, Ver: 109
[2026-07-14 16:14:33] ADS value: 21.12, Ver: 109
[2026-07-14 16:15:04] ADS value: 21.13, Ver: 109
[2026-07-14 16:15:36] ADS value: 21.13, Ver: 109
[2026-07-14 16:16:07] ADS value: 21.11, Ver: 109
[2026-07-14 16:16:39] ADS value: 21.12, Ver: 109
[2026-07-14 16:17:11] ADS value: 21.12, Ver: 109
[2026-07-14 16:17:42] ADS value: 21.12, Ver: 109
[2026-07-14 16:18:14] ADS value: 21.12, Ver: 109
[2026-07-14 16:18:46] ADS value: 21.12, Ver: 109
[2026-07-14 16:19:17] ADS value: 21.12, Ver: 109
[2026-07-14 16:19:49] ADS value: 21.11, Ver: 109
[2026-07-14 16:20:21] ADS value: 21.12, Ver: 109
[2026-07-14 16:20:52] ADS value: 21.11, Ver: 109
[2026-07-14 16:21:23] ADS value: 21.11, Ver: 109
[2026-07-14 16:21:55] ADS value: 21.11, Ver: 109
[2026-07-14 16:22:26] ADS value: 21.11, Ver: 109
[2026-07-14 16:22:58] ADS value: 21.11, Ver: 109
[2026-07-14 16:23:30] ADS value: 21.10, Ver: 109
[2026-07-14 16:24:04] ADS value: 21.10, Ver: 109
[2026-07-14 16:24:36] ADS value: 21.10, Ver: 109
[2026-07-14 16:25:07] ADS value: 21.10, Ver: 109
[2026-07-14 16:25:39] ADS value: 21.11, Ver: 109
[2026-07-14 16:26:10] ADS value: 21.10, Ver: 109
[2026-07-14 16:26:42] ADS value: 21.10, Ver: 109
[2026-07-14 16:27:49] ADS value: 21.10, Ver: 109
[2026-07-14 16:28:20] ADS value: 21.10, Ver: 109
[2026-07-14 16:29:27] ADS value: 21.10, Ver: 109
[2026-07-14 16:29:59] ADS value: 21.09, Ver: 109
[2026-07-14 16:30:30] ADS value: 21.09, Ver: 109
[2026-07-14 16:31:02] ADS value: 21.10, Ver: 109
[2026-07-14 16:31:33] ADS value: 21.09, Ver: 109
[2026-07-14 16:32:05] ADS value: 21.09, Ver: 109
[2026-07-14 16:32:36] ADS value: 21.10, Ver: 109
[2026-07-14 16:33:08] ADS value: 21.09, Ver: 109
[2026-07-14 16:33:40] ADS value: 21.09, Ver: 109
[2026-07-14 16:34:12] ADS value: 21.10, Ver: 109
[2026-07-14 16:34:43] ADS value: 21.09, Ver: 109
[2026-07-14 16:35:15] ADS value: 21.09, Ver: 109
[2026-07-14 16:35:46] ADS value: 21.09, Ver: 109
[2026-07-14 16:36:18] ADS value: 21.09, Ver: 109
[2026-07-14 16:36:49] ADS value: 21.09, Ver: 109
[2026-07-14 16:37:21] ADS value: 21.09, Ver: 109
[2026-07-14 16:37:53] ADS value: 21.09, Ver: 109
[2026-07-14 16:39:35] ADS value: 21.08, Ver: 109
[2026-07-14 16:40:07] ADS value: 21.08, Ver: 109
[2026-07-14 16:40:38] ADS value: 21.08, Ver: 109
[2026-07-14 16:41:10] ADS value: 21.08, Ver: 109
[2026-07-14 16:42:55] ADS value: 21.08, Ver: 109
[2026-07-14 16:43:27] ADS value: 21.08, Ver: 109
[2026-07-14 16:43:59] ADS value: 21.08, Ver: 109
[2026-07-14 16:44:30] ADS value: 21.07, Ver: 109
[2026-07-14 16:45:02] ADS value: 21.08, Ver: 109
[2026-07-14 16:45:34] ADS value: 21.08, Ver: 109
[2026-07-14 16:46:05] ADS value: 21.08, Ver: 109
[2026-07-14 16:46:37] ADS value: 21.08, Ver: 109
[2026-07-14 16:47:08] ADS value: 21.07, Ver: 109
[2026-07-14 16:47:40] ADS value: 21.07, Ver: 109
[2026-07-14 16:48:11] ADS value: 21.07, Ver: 109
[2026-07-14 16:48:43] ADS value: 21.07, Ver: 109
[2026-07-14 16:49:14] ADS value: 21.07, Ver: 109
[2026-07-14 16:49:46] ADS value: 21.07, Ver: 109
[2026-07-14 16:50:17] ADS value: 21.06, Ver: 109
[2026-07-14 16:50:49] ADS value: 21.07, Ver: 109
[2026-07-14 16:51:21] ADS value: 21.07, Ver: 109
[2026-07-14 16:51:52] ADS value: 21.06, Ver: 109
[2026-07-14 16:52:24] ADS value: 21.06, Ver: 109
[2026-07-14 16:52:58] ADS value: 21.07, Ver: 109
[2026-07-14 16:54:05] ADS value: 21.06, Ver: 109
[2026-07-14 16:54:37] ADS value: 21.06, Ver: 109
[2026-07-14 16:55:08] ADS value: 21.06, Ver: 109
[2026-07-14 16:55:40] ADS value: 21.06, Ver: 109
[2026-07-14 16:56:12] ADS value: 21.06, Ver: 109
[2026-07-14 16:57:54] ADS value: 21.06, Ver: 109
[2026-07-14 16:58:26] ADS value: 21.06, Ver: 109
[2026-07-14 16:58:58] ADS value: 21.06, Ver: 109
[2026-07-14 16:59:29] ADS value: 21.05, Ver: 109
[2026-07-14 17:00:01] ADS value: 21.05, Ver: 109
[2026-07-14 17:00:33] ADS value: 21.06, Ver: 109
[2026-07-14 17:01:04] ADS value: 21.05, Ver: 109
[2026-07-14 17:01:36] ADS value: 21.05, Ver: 109
[2026-07-14 17:02:08] ADS value: 21.05, Ver: 109
[2026-07-14 17:02:39] ADS value: 21.05, Ver: 109
[2026-07-14 17:03:11] ADS value: 21.05, Ver: 109
[2026-07-14 17:03:43] ADS value: 21.05, Ver: 109
[2026-07-14 17:04:14] ADS value: 21.04, Ver: 109
[2026-07-14 17:04:46] ADS value: 21.04, Ver: 109
[2026-07-14 17:05:17] ADS value: 21.05, Ver: 109
[2026-07-14 17:05:49] ADS value: 21.04, Ver: 109
[2026-07-14 17:06:21] ADS value: 21.04, Ver: 109
[2026-07-14 17:07:28] ADS value: 21.04, Ver: 109
[2026-07-14 17:07:59] ADS value: 21.04, Ver: 109
[2026-07-14 17:08:30] ADS value: 21.03, Ver: 109
[2026-07-14 17:09:02] ADS value: 21.04, Ver: 109
[2026-07-14 17:09:35] ADS value: 21.03, Ver: 109
[2026-07-14 17:10:43] ADS value: 21.04, Ver: 109
[2026-07-14 17:11:14] ADS value: 21.03, Ver: 109
[2026-07-14 17:12:21] ADS value: 21.03, Ver: 109
[2026-07-14 17:12:53] ADS value: 21.03, Ver: 109
[2026-07-14 17:13:24] ADS value: 21.02, Ver: 109
[2026-07-14 17:13:55] ADS value: 21.03, Ver: 109
[2026-07-14 17:14:26] ADS value: 21.03, Ver: 109
[2026-07-14 17:14:59] ADS value: 21.02, Ver: 109
[2026-07-14 17:15:29] ADS value: 21.03, Ver: 109
[2026-07-14 17:16:03] ADS value: 21.02, Ver: 109
[2026-07-14 17:16:33] ADS value: 21.03, Ver: 109
[2026-07-14 17:17:05] ADS value: 21.03, Ver: 109
[2026-07-14 17:17:36] ADS value: 21.02, Ver: 109
[2026-07-14 17:18:09] ADS value: 21.03, Ver: 109
[2026-07-14 17:18:39] ADS value: 21.02, Ver: 109
[2026-07-14 17:19:11] ADS value: 21.03, Ver: 109
[2026-07-14 17:19:43] ADS value: 21.02, Ver: 109
[2026-07-14 17:20:15] ADS value: 21.02, Ver: 109
[2026-07-14 17:20:49] ADS value: 21.02, Ver: 109
[2026-07-14 17:22:30] ADS value: 21.02, Ver: 109
[2026-07-14 17:23:03] ADS value: 21.01, Ver: 109
[2026-07-14 17:23:33] ADS value: 21.02, Ver: 109
[2026-07-14 17:24:05] ADS value: 21.01, Ver: 109
[2026-07-14 17:25:12] ADS value: 21.01, Ver: 109
[2026-07-14 17:25:44] ADS value: 21.01, Ver: 109
[2026-07-14 17:26:15] ADS value: 21.01, Ver: 109
[2026-07-14 17:26:47] ADS value: 21.01, Ver: 109
[2026-07-14 17:27:18] ADS value: 21.01, Ver: 109
[2026-07-14 17:27:50] ADS value: 21.01, Ver: 109
[2026-07-14 17:28:21] ADS value: 21.01, Ver: 109
[2026-07-14 17:28:54] ADS value: 21.01, Ver: 109
[2026-07-14 17:29:26] ADS value: 21.00, Ver: 109
[2026-07-14 17:29:58] ADS value: 21.01, Ver: 109
[2026-07-14 17:30:29] ADS value: 21.00, Ver: 109
[2026-07-14 17:31:01] ADS value: 21.00, Ver: 109
[2026-07-14 17:31:34] ADS value: 21.01, Ver: 109
[2026-07-14 17:32:05] ADS value: 21.01, Ver: 109
[2026-07-14 17:32:37] ADS value: 21.00, Ver: 109
[2026-07-14 17:33:10] ADS value: 21.00, Ver: 109
[2026-07-14 17:33:41] ADS value: 21.00, Ver: 109
[2026-07-14 17:34:13] ADS value: 21.00, Ver: 109
[2026-07-14 17:34:44] ADS value: 20.99, Ver: 109
[2026-07-14 17:35:17] ADS value: 21.00, Ver: 109
[2026-07-14 17:37:00] ADS value: 20.99, Ver: 109
[2026-07-14 17:37:32] ADS value: 21.00, Ver: 109
[2026-07-14 17:38:04] ADS value: 21.00, Ver: 109
[2026-07-14 17:38:36] ADS value: 20.99, Ver: 109
[2026-07-14 17:39:07] ADS value: 20.99, Ver: 109
[2026-07-14 17:39:38] ADS value: 20.99, Ver: 109
[2026-07-14 17:40:10] ADS value: 20.99, Ver: 109
[2026-07-14 17:40:41] ADS value: 20.99, Ver: 109
[2026-07-14 17:41:14] ADS value: 20.98, Ver: 109
[2026-07-14 17:41:45] ADS value: 20.98, Ver: 109
[2026-07-14 17:42:17] ADS value: 20.98, Ver: 109
[2026-07-14 17:42:48] ADS value: 20.99, Ver: 109
[2026-07-14 17:43:20] ADS value: 20.99, Ver: 109
[2026-07-14 17:43:52] ADS value: 20.99, Ver: 109
[2026-07-14 17:44:25] ADS value: 20.98, Ver: 109
[2026-07-14 17:44:58] ADS value: 20.98, Ver: 109
[2026-07-14 17:45:30] ADS value: 20.98, Ver: 109
[2026-07-14 17:46:02] ADS value: 20.98, Ver: 109
[2026-07-14 17:46:34] ADS value: 20.97, Ver: 109
[2026-07-14 17:47:05] ADS value: 20.97, Ver: 109
[2026-07-14 17:47:37] ADS value: 20.98, Ver: 109
[2026-07-14 17:48:08] ADS value: 20.98, Ver: 109
[2026-07-14 17:48:40] ADS value: 20.97, Ver: 109
[2026-07-14 17:49:47] ADS value: 20.98, Ver: 109
[2026-07-14 17:51:30] ADS value: 20.97, Ver: 109
[2026-07-14 17:52:01] ADS value: 20.97, Ver: 109
[2026-07-14 17:52:33] ADS value: 20.97, Ver: 109
[2026-07-14 17:53:05] ADS value: 20.97, Ver: 109
[2026-07-14 17:53:36] ADS value: 20.97, Ver: 109
[2026-07-14 17:54:08] ADS value: 20.97, Ver: 109
[2026-07-14 17:54:40] ADS value: 20.96, Ver: 109
[2026-07-14 17:55:11] ADS value: 20.97, Ver: 109
[2026-07-14 17:55:43] ADS value: 20.97, Ver: 109
[2026-07-14 17:56:14] ADS value: 20.96, Ver: 109
[2026-07-14 17:56:46] ADS value: 20.96, Ver: 109
[2026-07-14 17:57:17] ADS value: 20.96, Ver: 109
[2026-07-14 17:57:49] ADS value: 20.96, Ver: 109
[2026-07-14 17:58:21] ADS value: 20.96, Ver: 109
[2026-07-14 17:58:52] ADS value: 20.96, Ver: 109
[2026-07-14 17:59:24] ADS value: 20.95, Ver: 109
[2026-07-14 17:59:57] ADS value: 20.96, Ver: 109
[2026-07-14 18:00:29] ADS value: 20.95, Ver: 109
[2026-07-14 18:01:00] ADS value: 20.96, Ver: 109
[2026-07-14 18:01:32] ADS value: 20.96, Ver: 109
[2026-07-14 18:02:03] ADS value: 20.96, Ver: 109
[2026-07-14 18:02:35] ADS value: 20.95, Ver: 109
[2026-07-14 18:03:07] ADS value: 20.95, Ver: 109
[2026-07-14 18:04:15] ADS value: 20.95, Ver: 109
[2026-07-14 18:04:46] ADS value: 20.95, Ver: 109
[2026-07-14 18:05:21] ADS value: 20.95, Ver: 109
[2026-07-14 18:05:52] ADS value: 20.95, Ver: 109
[2026-07-14 18:06:24] ADS value: 20.94, Ver: 109
[2026-07-14 18:06:57] ADS value: 20.95, Ver: 109
[2026-07-14 18:07:28] ADS value: 20.95, Ver: 109
[2026-07-14 18:08:00] ADS value: 20.95, Ver: 109
[2026-07-14 18:08:31] ADS value: 20.94, Ver: 109
[2026-07-14 18:09:03] ADS value: 20.94, Ver: 109
[2026-07-14 18:09:35] ADS value: 20.94, Ver: 109
[2026-07-14 18:10:09] ADS value: 20.94, Ver: 109
[2026-07-14 18:10:41] ADS value: 20.94, Ver: 109
[2026-07-14 18:11:12] ADS value: 20.94, Ver: 109
[2026-07-14 18:11:44] ADS value: 20.94, Ver: 109
[2026-07-14 18:12:15] ADS value: 20.93, Ver: 109
[2026-07-14 18:12:47] ADS value: 20.94, Ver: 109
[2026-07-14 18:13:18] ADS value: 20.94, Ver: 109
[2026-07-14 18:13:50] ADS value: 20.93, Ver: 109
[2026-07-14 18:14:21] ADS value: 20.93, Ver: 109
[2026-07-14 18:16:04] ADS value: 20.93, Ver: 109
[2026-07-14 18:16:35] ADS value: 20.93, Ver: 109
[2026-07-14 18:17:06] ADS value: 20.93, Ver: 109
[2026-07-14 18:17:37] ADS value: 20.93, Ver: 109
[2026-07-14 18:18:08] ADS value: 20.93, Ver: 109
[2026-07-14 18:18:40] ADS value: 20.93, Ver: 109
[2026-07-14 18:19:11] ADS value: 20.93, Ver: 109
[2026-07-14 18:19:42] ADS value: 20.93, Ver: 109
[2026-07-14 18:20:14] ADS value: 20.93, Ver: 109
[2026-07-14 18:20:46] ADS value: 20.93, Ver: 109
[2026-07-14 18:21:17] ADS value: 20.92, Ver: 109
[2026-07-14 18:21:49] ADS value: 20.92, Ver: 109
[2026-07-14 18:22:21] ADS value: 20.92, Ver: 109
[2026-07-14 18:22:52] ADS value: 20.92, Ver: 109
[2026-07-14 18:23:24] ADS value: 20.92, Ver: 109
[2026-07-14 18:23:56] ADS value: 20.91, Ver: 109
[2026-07-14 18:24:27] ADS value: 20.91, Ver: 109
[2026-07-14 18:24:59] ADS value: 20.92, Ver: 109
[2026-07-14 18:25:30] ADS value: 20.92, Ver: 109
[2026-07-14 18:26:02] ADS value: 20.92, Ver: 109
[2026-07-14 18:26:34] ADS value: 20.91, Ver: 109
[2026-07-14 18:27:05] ADS value: 20.91, Ver: 109
[2026-07-14 18:27:37] ADS value: 20.91, Ver: 109
[2026-07-14 18:28:08] ADS value: 20.91, Ver: 109
[2026-07-14 18:28:39] ADS value: 20.91, Ver: 109
[2026-07-14 18:30:21] ADS value: 20.91, Ver: 109
[2026-07-14 18:30:52] ADS value: 20.91, Ver: 109
[2026-07-14 18:31:24] ADS value: 20.90, Ver: 109
[2026-07-14 18:31:57] ADS value: 20.90, Ver: 109
[2026-07-14 18:33:04] ADS value: 20.90, Ver: 109
[2026-07-14 18:33:35] ADS value: 20.90, Ver: 109
[2026-07-14 18:34:07] ADS value: 20.90, Ver: 109
[2026-07-14 18:34:38] ADS value: 20.90, Ver: 109
[2026-07-14 18:35:10] ADS value: 20.90, Ver: 109
[2026-07-14 18:35:41] ADS value: 20.90, Ver: 109
[2026-07-14 18:36:13] ADS value: 20.90, Ver: 109
[2026-07-14 18:36:45] ADS value: 20.90, Ver: 109
[2026-07-14 18:37:16] ADS value: 20.90, Ver: 109
[2026-07-14 18:37:48] ADS value: 20.90, Ver: 109
[2026-07-14 18:38:20] ADS value: 20.90, Ver: 109
[2026-07-14 18:38:51] ADS value: 20.89, Ver: 109
[2026-07-14 18:39:23] ADS value: 20.90, Ver: 109
[2026-07-14 18:39:55] ADS value: 20.89, Ver: 109
[2026-07-14 18:40:26] ADS value: 20.89, Ver: 109
[2026-07-14 18:40:58] ADS value: 20.89, Ver: 109
[2026-07-14 18:41:29] ADS value: 20.89, Ver: 109
[2026-07-14 18:42:01] ADS value: 20.89, Ver: 109
[2026-07-14 18:43:08] ADS value: 20.89, Ver: 109
[2026-07-14 18:44:50] ADS value: 20.88, Ver: 109
[2026-07-14 18:45:22] ADS value: 20.88, Ver: 109
[2026-07-14 18:45:54] ADS value: 20.88, Ver: 109
[2026-07-14 18:46:25] ADS value: 20.88, Ver: 109
[2026-07-14 18:46:56] ADS value: 20.88, Ver: 109
[2026-07-14 18:47:28] ADS value: 20.88, Ver: 109
[2026-07-14 18:47:59] ADS value: 20.88, Ver: 109
[2026-07-14 18:48:30] ADS value: 20.88, Ver: 109
[2026-07-14 18:49:02] ADS value: 20.87, Ver: 109
[2026-07-14 18:49:33] ADS value: 20.88, Ver: 109
[2026-07-14 18:50:05] ADS value: 20.88, Ver: 109
[2026-07-14 18:50:37] ADS value: 20.87, Ver: 109
[2026-07-14 18:51:08] ADS value: 20.87, Ver: 109
[2026-07-14 18:51:40] ADS value: 20.88, Ver: 109
[2026-07-14 18:52:12] ADS value: 20.87, Ver: 109
[2026-07-14 18:52:43] ADS value: 20.87, Ver: 109
[2026-07-14 18:53:15] ADS value: 20.87, Ver: 109
[2026-07-14 18:53:47] ADS value: 20.87, Ver: 109
[2026-07-14 18:54:18] ADS value: 20.86, Ver: 109
[2026-07-14 18:54:50] ADS value: 20.86, Ver: 109
[2026-07-14 18:55:21] ADS value: 20.87, Ver: 109
[2026-07-14 18:55:53] ADS value: 20.86, Ver: 109
[2026-07-14 18:56:24] ADS value: 20.86, Ver: 109
[2026-07-14 18:57:31] ADS value: 20.86, Ver: 109
[2026-07-14 18:59:14] ADS value: 20.86, Ver: 109
[2026-07-14 18:59:46] ADS value: 20.85, Ver: 109
[2026-07-14 19:00:17] ADS value: 20.86, Ver: 109
[2026-07-14 19:00:49] ADS value: 20.85, Ver: 109
[2026-07-14 19:01:20] ADS value: 20.85, Ver: 109
[2026-07-14 19:01:52] ADS value: 20.85, Ver: 109
[2026-07-14 19:02:24] ADS value: 20.85, Ver: 109
[2026-07-14 19:02:55] ADS value: 20.85, Ver: 109
[2026-07-14 19:03:27] ADS value: 20.85, Ver: 109
[2026-07-14 19:03:58] ADS value: 20.85, Ver: 109
[2026-07-14 19:04:30] ADS value: 20.85, Ver: 109
[2026-07-14 19:05:01] ADS value: 20.84, Ver: 109
[2026-07-14 19:05:32] ADS value: 20.85, Ver: 109
[2026-07-14 19:06:04] ADS value: 20.85, Ver: 109
[2026-07-14 19:06:35] ADS value: 20.84, Ver: 109
[2026-07-14 19:07:07] ADS value: 20.85, Ver: 109
[2026-07-14 19:07:38] ADS value: 20.85, Ver: 109
[2026-07-14 19:08:13] ADS value: 20.84, Ver: 109
[2026-07-14 19:08:44] ADS value: 20.84, Ver: 109
[2026-07-14 19:09:15] ADS value: 20.83, Ver: 109
[2026-07-14 19:09:47] ADS value: 20.84, Ver: 109
[2026-07-14 19:10:18] ADS value: 20.84, Ver: 109
[2026-07-14 19:10:49] ADS value: 20.83, Ver: 109
[2026-07-14 19:11:56] ADS value: 20.83, Ver: 109
[2026-07-14 19:12:28] ADS value: 20.84, Ver: 109
[2026-07-14 19:13:35] ADS value: 20.83, Ver: 109
[2026-07-14 19:14:06] ADS value: 20.83, Ver: 109
[2026-07-14 19:14:38] ADS value: 20.83, Ver: 109
[2026-07-14 19:15:09] ADS value: 20.83, Ver: 109
[2026-07-14 19:15:40] ADS value: 20.83, Ver: 109
[2026-07-14 19:16:12] ADS value: 20.82, Ver: 109
[2026-07-14 19:16:43] ADS value: 20.83, Ver: 109
[2026-07-14 19:17:15] ADS value: 20.83, Ver: 109
[2026-07-14 19:17:46] ADS value: 20.82, Ver: 109
[2026-07-14 19:18:17] ADS value: 20.82, Ver: 109
[2026-07-14 19:18:48] ADS value: 20.83, Ver: 109
[2026-07-14 19:19:20] ADS value: 20.82, Ver: 109
[2026-07-14 19:19:51] ADS value: 20.82, Ver: 109
[2026-07-14 19:20:22] ADS value: 20.82, Ver: 109
[2026-07-14 19:20:54] ADS value: 20.82, Ver: 109
[2026-07-14 19:21:25] ADS value: 20.82, Ver: 109
[2026-07-14 19:21:56] ADS value: 20.82, Ver: 109
[2026-07-14 19:23:03] ADS value: 20.81, Ver: 109
[2026-07-14 19:23:35] ADS value: 20.81, Ver: 109
[2026-07-14 19:24:06] ADS value: 20.81, Ver: 109
[2026-07-14 19:24:37] ADS value: 20.81, Ver: 109
[2026-07-14 19:25:09] ADS value: 20.81, Ver: 109
[2026-07-14 19:26:16] ADS value: 20.80, Ver: 109
[2026-07-14 19:26:47] ADS value: 20.81, Ver: 109
[2026-07-14 19:27:19] ADS value: 20.81, Ver: 109
[2026-07-14 19:27:50] ADS value: 20.80, Ver: 109
[2026-07-14 19:28:22] ADS value: 20.80, Ver: 109
[2026-07-14 19:28:53] ADS value: 20.80, Ver: 109
[2026-07-14 19:29:25] ADS value: 20.80, Ver: 109
[2026-07-14 19:29:57] ADS value: 20.80, Ver: 109
[2026-07-14 19:30:28] ADS value: 20.80, Ver: 109
[2026-07-14 19:31:00] ADS value: 20.80, Ver: 109
[2026-07-14 19:31:32] ADS value: 20.80, Ver: 109
[2026-07-14 19:32:03] ADS value: 20.80, Ver: 109
[2026-07-14 19:32:34] ADS value: 20.80, Ver: 109
[2026-07-14 19:33:06] ADS value: 20.79, Ver: 109
[2026-07-14 19:33:37] ADS value: 20.79, Ver: 109
[2026-07-14 19:34:09] ADS value: 20.79, Ver: 109
[2026-07-14 19:34:41] ADS value: 20.79, Ver: 109
[2026-07-14 19:35:12] ADS value: 20.79, Ver: 109
[2026-07-14 19:36:19] ADS value: 20.79, Ver: 109
[2026-07-14 19:38:02] ADS value: 20.78, Ver: 109
[2026-07-14 19:38:34] ADS value: 20.78, Ver: 109
[2026-07-14 19:39:05] ADS value: 20.78, Ver: 109
[2026-07-14 19:39:37] ADS value: 20.78, Ver: 109
[2026-07-14 19:40:09] ADS value: 20.78, Ver: 109
[2026-07-14 19:40:40] ADS value: 20.78, Ver: 109
[2026-07-14 19:41:12] ADS value: 20.78, Ver: 109
[2026-07-14 19:41:43] ADS value: 20.77, Ver: 109
[2026-07-14 19:42:15] ADS value: 20.78, Ver: 109
[2026-07-14 19:42:47] ADS value: 20.78, Ver: 109
[2026-07-14 19:43:18] ADS value: 20.77, Ver: 109
[2026-07-14 19:43:50] ADS value: 20.78, Ver: 109
[2026-07-14 19:44:21] ADS value: 20.78, Ver: 109
[2026-07-14 19:44:53] ADS value: 20.77, Ver: 109
[2026-07-14 19:45:25] ADS value: 20.78, Ver: 109
[2026-07-14 19:45:56] ADS value: 20.77, Ver: 109
[2026-07-14 19:46:28] ADS value: 20.77, Ver: 109
[2026-07-14 19:46:59] ADS value: 20.77, Ver: 109
[2026-07-14 19:47:31] ADS value: 20.76, Ver: 109
[2026-07-14 19:48:03] ADS value: 20.76, Ver: 109
[2026-07-14 19:48:34] ADS value: 20.77, Ver: 109
[2026-07-14 19:49:06] ADS value: 20.76, Ver: 109
[2026-07-14 19:49:37] ADS value: 20.76, Ver: 109
[2026-07-14 19:50:44] ADS value: 20.76, Ver: 109
[2026-07-14 19:51:19] ADS value: 20.76, Ver: 109
[2026-07-14 19:52:26] ADS value: 20.75, Ver: 109
[2026-07-14 19:52:57] ADS value: 20.76, Ver: 109
[2026-07-14 19:53:29] ADS value: 20.75, Ver: 109
[2026-07-14 19:54:01] ADS value: 20.75, Ver: 109
[2026-07-14 19:54:32] ADS value: 20.76, Ver: 109
[2026-07-14 19:55:04] ADS value: 20.75, Ver: 109
[2026-07-14 19:55:36] ADS value: 20.75, Ver: 109
[2026-07-14 19:56:07] ADS value: 20.75, Ver: 109
[2026-07-14 19:56:39] ADS value: 20.75, Ver: 109
[2026-07-14 19:57:10] ADS value: 20.75, Ver: 109
[2026-07-14 19:57:41] ADS value: 20.75, Ver: 109
[2026-07-14 19:58:13] ADS value: 20.74, Ver: 109
[2026-07-14 19:58:45] ADS value: 20.74, Ver: 109
[2026-07-14 19:59:16] ADS value: 20.75, Ver: 109
[2026-07-14 19:59:48] ADS value: 20.75, Ver: 109
[2026-07-14 20:00:20] ADS value: 20.74, Ver: 109
[2026-07-14 20:00:51] ADS value: 20.74, Ver: 109
[2026-07-14 20:01:23] ADS value: 20.75, Ver: 109
[2026-07-14 20:01:54] ADS value: 20.74, Ver: 109
[2026-07-14 20:02:26] ADS value: 20.74, Ver: 109
[2026-07-14 20:02:57] ADS value: 20.74, Ver: 109
[2026-07-14 20:03:29] ADS value: 20.73, Ver: 109
[2026-07-14 20:04:01] ADS value: 20.74, Ver: 109
[2026-07-14 20:04:32] ADS value: 20.74, Ver: 109
[2026-07-14 20:06:15] ADS value: 20.73, Ver: 109
[2026-07-14 20:06:47] ADS value: 20.74, Ver: 109
[2026-07-14 20:07:18] ADS value: 20.73, Ver: 109
[2026-07-14 20:07:50] ADS value: 20.73, Ver: 109
[2026-07-14 20:08:57] ADS value: 20.73, Ver: 109
[2026-07-14 20:09:29] ADS value: 20.73, Ver: 109
[2026-07-14 20:10:00] ADS value: 20.72, Ver: 109
[2026-07-14 20:10:32] ADS value: 20.72, Ver: 109
[2026-07-14 20:11:03] ADS value: 20.72, Ver: 109
[2026-07-14 20:11:35] ADS value: 20.73, Ver: 109
[2026-07-14 20:12:07] ADS value: 20.73, Ver: 109
[2026-07-14 20:12:38] ADS value: 20.72, Ver: 109
[2026-07-14 20:13:10] ADS value: 20.72, Ver: 109
[2026-07-14 20:13:41] ADS value: 20.73, Ver: 109
[2026-07-14 20:14:13] ADS value: 20.71, Ver: 109
[2026-07-14 20:14:45] ADS value: 20.72, Ver: 109
[2026-07-14 20:15:16] ADS value: 20.72, Ver: 109
[2026-07-14 20:15:48] ADS value: 20.72, Ver: 109
[2026-07-14 20:16:20] ADS value: 20.72, Ver: 109
[2026-07-14 20:16:51] ADS value: 20.71, Ver: 109
[2026-07-14 20:17:23] ADS value: 20.71, Ver: 109
[2026-07-14 20:17:54] ADS value: 20.72, Ver: 109
[2026-07-14 20:18:28] ADS value: 20.71, Ver: 109
[2026-07-14 20:19:00] ADS value: 20.71, Ver: 109
[2026-07-14 20:20:42] ADS value: 20.70, Ver: 109
[2026-07-14 20:21:14] ADS value: 20.70, Ver: 109
[2026-07-14 20:21:46] ADS value: 20.70, Ver: 109
[2026-07-14 20:22:17] ADS value: 20.70, Ver: 109
[2026-07-14 20:22:49] ADS value: 20.71, Ver: 109
[2026-07-14 20:23:21] ADS value: 20.70, Ver: 109
[2026-07-14 20:23:52] ADS value: 20.70, Ver: 109
[2026-07-14 20:24:24] ADS value: 20.70, Ver: 109
[2026-07-14 20:24:57] ADS value: 20.70, Ver: 109
[2026-07-14 20:25:28] ADS value: 20.70, Ver: 109
[2026-07-14 20:26:00] ADS value: 20.69, Ver: 109
[2026-07-14 20:26:31] ADS value: 20.69, Ver: 109
[2026-07-14 20:27:03] ADS value: 20.70, Ver: 109
[2026-07-14 20:27:34] ADS value: 20.69, Ver: 109
[2026-07-14 20:28:05] ADS value: 20.69, Ver: 109
[2026-07-14 20:28:37] ADS value: 20.69, Ver: 109
[2026-07-14 20:29:09] ADS value: 20.69, Ver: 109
[2026-07-14 20:29:40] ADS value: 20.69, Ver: 109
[2026-07-14 20:30:12] ADS value: 20.69, Ver: 109
[2026-07-14 20:30:44] ADS value: 20.69, Ver: 109
[2026-07-14 20:31:15] ADS value: 20.69, Ver: 109
[2026-07-14 20:31:47] ADS value: 20.69, Ver: 109
[2026-07-14 20:32:19] ADS value: 20.68, Ver: 109
[2026-07-14 20:32:53] ADS value: 20.68, Ver: 109
[2026-07-14 20:33:24] ADS value: 20.68, Ver: 109
[2026-07-14 20:34:34] ADS value: 20.68, Ver: 109
[2026-07-14 20:35:05] ADS value: 20.68, Ver: 109
[2026-07-14 20:35:37] ADS value: 20.68, Ver: 109
[2026-07-14 20:36:09] ADS value: 20.67, Ver: 109
[2026-07-14 20:36:40] ADS value: 20.68, Ver: 109
[2026-07-14 20:37:12] ADS value: 20.67, Ver: 109
[2026-07-14 20:37:43] ADS value: 20.67, Ver: 109
[2026-07-14 20:38:15] ADS value: 20.67, Ver: 109
[2026-07-14 20:38:47] ADS value: 20.67, Ver: 109
[2026-07-14 20:39:19] ADS value: 20.67, Ver: 109
[2026-07-14 20:39:50] ADS value: 20.67, Ver: 109
[2026-07-14 20:40:22] ADS value: 20.67, Ver: 109
[2026-07-14 20:40:53] ADS value: 20.66, Ver: 109
[2026-07-14 20:41:25] ADS value: 20.66, Ver: 109
[2026-07-14 20:41:56] ADS value: 20.67, Ver: 109
[2026-07-14 20:42:28] ADS value: 20.66, Ver: 109
[2026-07-14 20:43:00] ADS value: 20.66, Ver: 109
[2026-07-14 20:43:31] ADS value: 20.66, Ver: 109
[2026-07-14 20:44:38] ADS value: 20.66, Ver: 109
[2026-07-14 20:45:10] ADS value: 20.65, Ver: 109
[2026-07-14 20:45:41] ADS value: 20.66, Ver: 109
[2026-07-14 20:46:13] ADS value: 20.65, Ver: 109
[2026-07-14 20:46:45] ADS value: 20.65, Ver: 109
[2026-07-14 20:47:52] ADS value: 20.66, Ver: 109
[2026-07-14 20:48:23] ADS value: 20.65, Ver: 109
[2026-07-14 20:49:30] ADS value: 20.65, Ver: 109
[2026-07-14 20:50:02] ADS value: 20.66, Ver: 109
[2026-07-14 20:50:33] ADS value: 20.65, Ver: 109
[2026-07-14 20:51:05] ADS value: 20.65, Ver: 109
[2026-07-14 20:51:36] ADS value: 20.65, Ver: 109
[2026-07-14 20:52:08] ADS value: 20.65, Ver: 109
[2026-07-14 20:52:40] ADS value: 20.65, Ver: 109
[2026-07-14 20:53:11] ADS value: 20.64, Ver: 109
[2026-07-14 20:53:43] ADS value: 20.65, Ver: 109
[2026-07-14 20:54:14] ADS value: 20.64, Ver: 109
[2026-07-14 20:54:46] ADS value: 20.64, Ver: 109
[2026-07-14 20:55:18] ADS value: 20.64, Ver: 109
[2026-07-14 20:55:49] ADS value: 20.64, Ver: 109
[2026-07-14 20:56:21] ADS value: 20.64, Ver: 109
[2026-07-14 20:56:53] ADS value: 20.63, Ver: 109
[2026-07-14 20:57:24] ADS value: 20.63, Ver: 109
[2026-07-14 20:57:57] ADS value: 20.64, Ver: 109
[2026-07-14 20:59:07] ADS value: 20.63, Ver: 109
[2026-07-14 20:59:38] ADS value: 20.63, Ver: 109
[2026-07-14 21:00:10] ADS value: 20.63, Ver: 109
[2026-07-14 21:00:42] ADS value: 20.62, Ver: 109
[2026-07-14 21:01:13] ADS value: 20.63, Ver: 109
[2026-07-14 21:02:20] ADS value: 20.63, Ver: 109
[2026-07-14 21:02:52] ADS value: 20.63, Ver: 109
[2026-07-14 21:03:24] ADS value: 20.63, Ver: 109
[2026-07-14 21:03:56] ADS value: 20.62, Ver: 109
[2026-07-14 21:04:27] ADS value: 20.62, Ver: 109
[2026-07-14 21:04:59] ADS value: 20.62, Ver: 109
[2026-07-14 21:05:31] ADS value: 20.62, Ver: 109
[2026-07-14 21:06:02] ADS value: 20.62, Ver: 109
[2026-07-14 21:06:34] ADS value: 20.62, Ver: 109
[2026-07-14 21:07:05] ADS value: 20.62, Ver: 109
[2026-07-14 21:07:37] ADS value: 20.62, Ver: 109
[2026-07-14 21:08:09] ADS value: 20.62, Ver: 109
[2026-07-14 21:08:40] ADS value: 20.62, Ver: 109
[2026-07-14 21:09:12] ADS value: 20.61, Ver: 109
[2026-07-14 21:09:44] ADS value: 20.62, Ver: 109
[2026-07-14 21:10:15] ADS value: 20.61, Ver: 109
[2026-07-14 21:10:47] ADS value: 20.61, Ver: 109
[2026-07-14 21:11:19] ADS value: 20.61, Ver: 109
[2026-07-14 21:12:26] ADS value: 20.61, Ver: 109
[2026-07-14 21:14:08] ADS value: 20.60, Ver: 109
[2026-07-14 21:14:40] ADS value: 20.60, Ver: 109
[2026-07-14 21:15:11] ADS value: 20.60, Ver: 109
[2026-07-14 21:15:43] ADS value: 20.60, Ver: 109
[2026-07-14 21:16:14] ADS value: 20.60, Ver: 109
[2026-07-14 21:16:46] ADS value: 20.60, Ver: 109
[2026-07-14 21:17:18] ADS value: 20.60, Ver: 109
[2026-07-14 21:17:49] ADS value: 20.59, Ver: 109
[2026-07-14 21:18:21] ADS value: 20.60, Ver: 109
[2026-07-14 21:18:53] ADS value: 20.59, Ver: 109
[2026-07-14 21:19:24] ADS value: 20.59, Ver: 109
[2026-07-14 21:19:55] ADS value: 20.59, Ver: 109
[2026-07-14 21:20:27] ADS value: 20.60, Ver: 109
[2026-07-14 21:20:59] ADS value: 20.59, Ver: 109
[2026-07-14 21:21:30] ADS value: 20.59, Ver: 109
[2026-07-14 21:22:02] ADS value: 20.59, Ver: 109
[2026-07-14 21:22:33] ADS value: 20.59, Ver: 109
[2026-07-14 21:23:05] ADS value: 20.58, Ver: 109
[2026-07-14 21:23:37] ADS value: 20.58, Ver: 109
[2026-07-14 21:24:08] ADS value: 20.59, Ver: 109
[2026-07-14 21:24:40] ADS value: 20.59, Ver: 109
[2026-07-14 21:25:11] ADS value: 20.58, Ver: 109
[2026-07-14 21:25:43] ADS value: 20.58, Ver: 109
[2026-07-14 21:28:37] ADS value: 20.58, Ver: 109
[2026-07-14 21:29:08] ADS value: 20.58, Ver: 109
[2026-07-14 21:29:40] ADS value: 20.58, Ver: 109
[2026-07-14 21:30:11] ADS value: 20.57, Ver: 109
[2026-07-14 21:30:43] ADS value: 20.56, Ver: 109
[2026-07-14 21:31:15] ADS value: 20.57, Ver: 109
[2026-07-14 21:31:46] ADS value: 20.56, Ver: 109
[2026-07-14 21:32:18] ADS value: 20.56, Ver: 109
[2026-07-14 21:32:49] ADS value: 20.57, Ver: 109
[2026-07-14 21:33:21] ADS value: 20.56, Ver: 109
[2026-07-14 21:33:52] ADS value: 20.56, Ver: 109
[2026-07-14 21:34:24] ADS value: 20.57, Ver: 109
[2026-07-14 21:34:55] ADS value: 20.57, Ver: 109
[2026-07-14 21:35:26] ADS value: 20.56, Ver: 109
[2026-07-14 21:35:58] ADS value: 20.56, Ver: 109
[2026-07-14 21:36:30] ADS value: 20.56, Ver: 109
[2026-07-14 21:37:01] ADS value: 20.55, Ver: 109
[2026-07-14 21:37:33] ADS value: 20.56, Ver: 109
[2026-07-14 21:38:05] ADS value: 20.56, Ver: 109
[2026-07-14 21:38:36] ADS value: 20.55, Ver: 109
[2026-07-14 21:39:08] ADS value: 20.56, Ver: 109
[2026-07-14 21:39:39] ADS value: 20.55, Ver: 109
[2026-07-14 21:40:11] ADS value: 20.55, Ver: 109
[2026-07-14 21:41:18] ADS value: 20.55, Ver: 109
[2026-07-14 21:43:00] ADS value: 20.54, Ver: 109
[2026-07-14 21:43:32] ADS value: 20.54, Ver: 109
[2026-07-14 21:44:04] ADS value: 20.54, Ver: 109
[2026-07-14 21:44:35] ADS value: 20.54, Ver: 109
[2026-07-14 21:45:07] ADS value: 20.54, Ver: 109
[2026-07-14 21:45:39] ADS value: 20.54, Ver: 109
[2026-07-14 21:46:10] ADS value: 20.54, Ver: 109
[2026-07-14 21:46:42] ADS value: 20.54, Ver: 109
[2026-07-14 21:47:14] ADS value: 20.54, Ver: 109
[2026-07-14 21:47:45] ADS value: 20.54, Ver: 109
[2026-07-14 21:48:17] ADS value: 20.54, Ver: 109
[2026-07-14 21:48:48] ADS value: 20.54, Ver: 109
[2026-07-14 21:49:20] ADS value: 20.53, Ver: 109
[2026-07-14 21:49:51] ADS value: 20.53, Ver: 109
[2026-07-14 21:50:23] ADS value: 20.53, Ver: 109
[2026-07-14 21:50:54] ADS value: 20.53, Ver: 109
[2026-07-14 21:51:26] ADS value: 20.53, Ver: 109
[2026-07-14 21:52:33] ADS value: 20.52, Ver: 109
[2026-07-14 21:53:04] ADS value: 20.52, Ver: 109
[2026-07-14 21:53:36] ADS value: 20.52, Ver: 109
[2026-07-14 21:54:07] ADS value: 20.52, Ver: 109
[2026-07-14 21:54:39] ADS value: 20.52, Ver: 109
[2026-07-14 21:55:46] ADS value: 20.52, Ver: 109
[2026-07-14 21:56:18] ADS value: 20.52, Ver: 109
[2026-07-14 21:57:25] ADS value: 20.51, Ver: 109
[2026-07-14 21:57:56] ADS value: 20.52, Ver: 109
[2026-07-14 21:58:28] ADS value: 20.51, Ver: 109
[2026-07-14 21:59:00] ADS value: 20.52, Ver: 109
[2026-07-14 21:59:31] ADS value: 20.51, Ver: 109
[2026-07-14 22:00:03] ADS value: 20.50, Ver: 109
[2026-07-14 22:00:34] ADS value: 20.51, Ver: 109
[2026-07-14 22:01:06] ADS value: 20.51, Ver: 109
[2026-07-14 22:01:38] ADS value: 20.50, Ver: 109
[2026-07-14 22:02:09] ADS value: 20.51, Ver: 109
[2026-07-14 22:02:41] ADS value: 20.50, Ver: 109
[2026-07-14 22:03:12] ADS value: 20.50, Ver: 109
[2026-07-14 22:03:44] ADS value: 20.49, Ver: 109
[2026-07-14 22:04:16] ADS value: 20.50, Ver: 109
[2026-07-14 22:04:47] ADS value: 20.49, Ver: 109
[2026-07-14 22:05:19] ADS value: 20.50, Ver: 109
[2026-07-14 22:05:50] ADS value: 20.50, Ver: 109
[2026-07-14 22:07:33] ADS value: 20.49, Ver: 109
[2026-07-14 22:08:05] ADS value: 20.49, Ver: 109
[2026-07-14 22:08:36] ADS value: 20.49, Ver: 109
[2026-07-14 22:09:08] ADS value: 20.49, Ver: 109
[2026-07-14 22:09:39] ADS value: 20.49, Ver: 109
[2026-07-14 22:10:11] ADS value: 20.49, Ver: 109
[2026-07-14 22:10:43] ADS value: 20.48, Ver: 109
[2026-07-14 22:11:14] ADS value: 20.48, Ver: 109
[2026-07-14 22:11:46] ADS value: 20.48, Ver: 109
[2026-07-14 22:12:18] ADS value: 20.48, Ver: 109
[2026-07-14 22:12:49] ADS value: 20.47, Ver: 109
[2026-07-14 22:13:21] ADS value: 20.48, Ver: 109
[2026-07-14 22:13:53] ADS value: 20.47, Ver: 109
[2026-07-14 22:14:24] ADS value: 20.48, Ver: 109
[2026-07-14 22:14:57] ADS value: 20.47, Ver: 109
[2026-07-14 22:15:28] ADS value: 20.48, Ver: 109
[2026-07-14 22:16:00] ADS value: 20.47, Ver: 109
[2026-07-14 22:16:31] ADS value: 20.47, Ver: 109
[2026-07-14 22:17:03] ADS value: 20.46, Ver: 109
[2026-07-14 22:17:35] ADS value: 20.47, Ver: 109
[2026-07-14 22:18:06] ADS value: 20.46, Ver: 109
[2026-07-14 22:18:38] ADS value: 20.46, Ver: 109
[2026-07-14 22:19:10] ADS value: 20.46, Ver: 109
[2026-07-14 22:20:17] ADS value: 20.46, Ver: 109
[2026-07-14 22:22:00] ADS value: 20.46, Ver: 109
[2026-07-14 22:22:31] ADS value: 20.46, Ver: 109
[2026-07-14 22:23:03] ADS value: 20.46, Ver: 109
[2026-07-14 22:23:34] ADS value: 20.45, Ver: 109
[2026-07-14 22:24:06] ADS value: 20.45, Ver: 109
[2026-07-14 22:24:38] ADS value: 20.45, Ver: 109
[2026-07-14 22:25:10] ADS value: 20.45, Ver: 109
[2026-07-14 22:25:41] ADS value: 20.44, Ver: 109
[2026-07-14 22:26:13] ADS value: 20.45, Ver: 109
[2026-07-14 22:26:45] ADS value: 20.45, Ver: 109
[2026-07-14 22:27:16] ADS value: 20.45, Ver: 109
[2026-07-14 22:27:48] ADS value: 20.44, Ver: 109
[2026-07-14 22:28:20] ADS value: 20.44, Ver: 109
[2026-07-14 22:28:51] ADS value: 20.44, Ver: 109
[2026-07-14 22:29:23] ADS value: 20.44, Ver: 109
[2026-07-14 22:29:54] ADS value: 20.44, Ver: 109
[2026-07-14 22:30:26] ADS value: 20.44, Ver: 109
[2026-07-14 22:30:58] ADS value: 20.43, Ver: 109
[2026-07-14 22:31:29] ADS value: 20.44, Ver: 109
[2026-07-14 22:32:01] ADS value: 20.44, Ver: 109
[2026-07-14 22:32:33] ADS value: 20.43, Ver: 109
[2026-07-14 22:33:04] ADS value: 20.43, Ver: 109
[2026-07-14 22:33:36] ADS value: 20.43, Ver: 109
[2026-07-14 22:34:43] ADS value: 20.43, Ver: 109
[2026-07-14 22:35:15] ADS value: 20.42, Ver: 109
[2026-07-14 22:35:46] ADS value: 20.43, Ver: 109
[2026-07-14 22:36:18] ADS value: 20.42, Ver: 109
[2026-07-14 22:36:50] ADS value: 20.42, Ver: 109
[2026-07-14 22:37:21] ADS value: 20.42, Ver: 109
[2026-07-14 22:37:53] ADS value: 20.42, Ver: 109
[2026-07-14 22:38:25] ADS value: 20.42, Ver: 109
[2026-07-14 22:38:56] ADS value: 20.42, Ver: 109
[2026-07-14 22:39:28] ADS value: 20.41, Ver: 109
[2026-07-14 22:40:00] ADS value: 20.42, Ver: 109
[2026-07-14 22:40:31] ADS value: 20.41, Ver: 109
[2026-07-14 22:41:03] ADS value: 20.41, Ver: 109
[2026-07-14 22:41:35] ADS value: 20.41, Ver: 109
[2026-07-14 22:42:06] ADS value: 20.41, Ver: 109
[2026-07-14 22:42:38] ADS value: 20.40, Ver: 109
[2026-07-14 22:43:10] ADS value: 20.40, Ver: 109
[2026-07-14 22:43:41] ADS value: 20.40, Ver: 109
[2026-07-14 22:44:13] ADS value: 20.40, Ver: 109
[2026-07-14 22:44:45] ADS value: 20.41, Ver: 109
[2026-07-14 22:45:52] ADS value: 20.40, Ver: 109
[2026-07-14 22:46:24] ADS value: 20.39, Ver: 109
[2026-07-14 22:46:56] ADS value: 20.40, Ver: 109
[2026-07-14 22:47:27] ADS value: 20.39, Ver: 109
[2026-07-14 22:47:59] ADS value: 20.39, Ver: 109
[2026-07-14 22:49:06] ADS value: 20.39, Ver: 109
[2026-07-14 22:49:38] ADS value: 20.38, Ver: 109
[2026-07-14 22:50:12] ADS value: 20.39, Ver: 109
[2026-07-14 22:50:43] ADS value: 20.39, Ver: 109
[2026-07-14 22:51:15] ADS value: 20.38, Ver: 109
[2026-07-14 22:51:47] ADS value: 20.38, Ver: 109
[2026-07-14 22:52:18] ADS value: 20.38, Ver: 109
[2026-07-14 22:52:50] ADS value: 20.38, Ver: 109
[2026-07-14 22:53:21] ADS value: 20.38, Ver: 109
[2026-07-14 22:53:53] ADS value: 20.38, Ver: 109
[2026-07-14 22:54:25] ADS value: 20.37, Ver: 109
[2026-07-14 22:54:56] ADS value: 20.37, Ver: 109
[2026-07-14 22:55:28] ADS value: 20.38, Ver: 109
[2026-07-14 22:55:59] ADS value: 20.37, Ver: 109
[2026-07-14 22:56:31] ADS value: 20.37, Ver: 109
[2026-07-14 22:57:02] ADS value: 20.37, Ver: 109
[2026-07-14 22:57:34] ADS value: 20.37, Ver: 109
[2026-07-14 22:58:06] ADS value: 20.37, Ver: 109
[2026-07-14 22:58:37] ADS value: 20.37, Ver: 109
[2026-07-14 22:59:09] ADS value: 20.36, Ver: 109
[2026-07-14 22:59:41] ADS value: 20.36, Ver: 109
[2026-07-14 23:00:12] ADS value: 20.36, Ver: 109
[2026-07-14 23:00:44] ADS value: 20.36, Ver: 109
[2026-07-14 23:01:16] ADS value: 20.35, Ver: 109
[2026-07-14 23:01:47] ADS value: 20.36, Ver: 109
[2026-07-14 23:02:54] ADS value: 20.35, Ver: 109
[2026-07-14 23:04:37] ADS value: 20.35, Ver: 109
[2026-07-14 23:05:08] ADS value: 20.35, Ver: 109
[2026-07-14 23:05:40] ADS value: 20.35, Ver: 109
[2026-07-14 23:06:11] ADS value: 20.35, Ver: 109
[2026-07-14 23:06:43] ADS value: 20.34, Ver: 109
[2026-07-14 23:07:15] ADS value: 20.34, Ver: 109
[2026-07-14 23:07:46] ADS value: 20.34, Ver: 109
[2026-07-14 23:08:18] ADS value: 20.34, Ver: 109
[2026-07-14 23:08:49] ADS value: 20.35, Ver: 109
[2026-07-14 23:09:21] ADS value: 20.34, Ver: 109
[2026-07-14 23:09:53] ADS value: 20.34, Ver: 109
[2026-07-14 23:10:24] ADS value: 20.34, Ver: 109
[2026-07-14 23:10:56] ADS value: 20.33, Ver: 109
[2026-07-14 23:11:27] ADS value: 20.33, Ver: 109
[2026-07-14 23:11:59] ADS value: 20.33, Ver: 109
[2026-07-14 23:12:31] ADS value: 20.33, Ver: 109
[2026-07-14 23:13:02] ADS value: 20.33, Ver: 109
[2026-07-14 23:13:34] ADS value: 20.33, Ver: 109
[2026-07-14 23:14:06] ADS value: 20.32, Ver: 109
[2026-07-14 23:14:37] ADS value: 20.33, Ver: 109
[2026-07-14 23:15:09] ADS value: 20.32, Ver: 109
[2026-07-14 23:15:41] ADS value: 20.32, Ver: 109
[2026-07-14 23:16:12] ADS value: 20.32, Ver: 109
[2026-07-14 23:17:19] ADS value: 20.32, Ver: 109
[2026-07-14 23:19:02] ADS value: 20.31, Ver: 109
[2026-07-14 23:19:33] ADS value: 20.31, Ver: 109
[2026-07-14 23:20:05] ADS value: 20.31, Ver: 109
[2026-07-14 23:20:37] ADS value: 20.31, Ver: 109
[2026-07-14 23:21:09] ADS value: 20.31, Ver: 109
[2026-07-14 23:21:40] ADS value: 20.31, Ver: 109
[2026-07-14 23:22:12] ADS value: 20.31, Ver: 109
[2026-07-14 23:22:44] ADS value: 20.31, Ver: 109
[2026-07-14 23:23:15] ADS value: 20.31, Ver: 109
[2026-07-14 23:23:47] ADS value: 20.30, Ver: 109
[2026-07-14 23:24:19] ADS value: 20.30, Ver: 109
[2026-07-14 23:24:50] ADS value: 20.30, Ver: 109
[2026-07-14 23:25:22] ADS value: 20.30, Ver: 109
[2026-07-14 23:25:53] ADS value: 20.30, Ver: 109
[2026-07-14 23:26:25] ADS value: 20.30, Ver: 109
[2026-07-14 23:26:57] ADS value: 20.29, Ver: 109
[2026-07-14 23:27:28] ADS value: 20.30, Ver: 109
[2026-07-14 23:28:35] ADS value: 20.29, Ver: 109
[2026-07-14 23:29:07] ADS value: 20.28, Ver: 109
[2026-07-14 23:29:39] ADS value: 20.28, Ver: 109
[2026-07-14 23:30:10] ADS value: 20.28, Ver: 109
[2026-07-14 23:30:42] ADS value: 20.28, Ver: 109
[2026-07-14 23:31:49] ADS value: 20.28, Ver: 109
[2026-07-14 23:32:21] ADS value: 20.27, Ver: 109
[2026-07-14 23:33:28] ADS value: 20.28, Ver: 109
[2026-07-14 23:33:59] ADS value: 20.28, Ver: 109
[2026-07-14 23:34:31] ADS value: 20.27, Ver: 109
[2026-07-14 23:35:03] ADS value: 20.27, Ver: 109
[2026-07-14 23:35:34] ADS value: 20.27, Ver: 109
[2026-07-14 23:36:06] ADS value: 20.27, Ver: 109
[2026-07-14 23:36:38] ADS value: 20.27, Ver: 109
[2026-07-14 23:37:09] ADS value: 20.26, Ver: 109
[2026-07-14 23:37:41] ADS value: 20.27, Ver: 109
[2026-07-14 23:38:13] ADS value: 20.26, Ver: 109
[2026-07-14 23:38:44] ADS value: 20.26, Ver: 109
[2026-07-14 23:39:18] ADS value: 20.26, Ver: 109
[2026-07-14 23:39:50] ADS value: 20.26, Ver: 109
[2026-07-14 23:40:22] ADS value: 20.25, Ver: 109
[2026-07-14 23:40:53] ADS value: 20.25, Ver: 109
[2026-07-14 23:41:25] ADS value: 20.26, Ver: 109
[2026-07-14 23:41:57] ADS value: 20.25, Ver: 109
[2026-07-14 23:43:39] ADS value: 20.25, Ver: 109
[2026-07-14 23:44:11] ADS value: 20.25, Ver: 109
[2026-07-14 23:44:43] ADS value: 20.24, Ver: 109
[2026-07-14 23:45:14] ADS value: 20.24, Ver: 109
[2026-07-14 23:45:48] ADS value: 20.24, Ver: 109
[2026-07-14 23:46:20] ADS value: 20.25, Ver: 109
[2026-07-14 23:46:52] ADS value: 20.24, Ver: 109
[2026-07-14 23:47:23] ADS value: 20.24, Ver: 109
[2026-07-14 23:47:54] ADS value: 20.24, Ver: 109
[2026-07-14 23:48:26] ADS value: 20.23, Ver: 109
[2026-07-14 23:48:57] ADS value: 20.23, Ver: 109
[2026-07-14 23:49:29] ADS value: 20.23, Ver: 109
[2026-07-14 23:50:00] ADS value: 20.23, Ver: 109
[2026-07-14 23:50:31] ADS value: 20.23, Ver: 109
[2026-07-14 23:51:02] ADS value: 20.23, Ver: 109
[2026-07-14 23:51:34] ADS value: 20.23, Ver: 109
[2026-07-14 23:52:06] ADS value: 20.22, Ver: 109
[2026-07-14 23:52:38] ADS value: 20.23, Ver: 109
[2026-07-14 23:53:10] ADS value: 20.22, Ver: 109
[2026-07-14 23:53:41] ADS value: 20.22, Ver: 109
[2026-07-14 23:54:13] ADS value: 20.23, Ver: 109
[2026-07-14 23:54:45] ADS value: 20.22, Ver: 109
[2026-07-14 23:55:16] ADS value: 20.22, Ver: 109
[2026-07-14 23:56:23] ADS value: 20.21, Ver: 109
[2026-07-14 23:58:05] ADS value: 20.21, Ver: 109
[2026-07-14 23:58:37] ADS value: 20.21, Ver: 109
[2026-07-14 23:59:08] ADS value: 20.21, Ver: 109
[2026-07-14 23:59:40] ADS value: 20.21, Ver: 109
[2026-07-15 00:00:11] ADS value: 20.21, Ver: 109
[2026-07-15 00:00:43] ADS value: 20.20, Ver: 109
[2026-07-15 00:01:15] ADS value: 20.20, Ver: 109
[2026-07-15 00:01:46] ADS value: 20.20, Ver: 109
[2026-07-15 00:02:18] ADS value: 20.20, Ver: 109
[2026-07-15 00:02:50] ADS value: 20.20, Ver: 109
[2026-07-15 00:03:21] ADS value: 20.20, Ver: 109
[2026-07-15 00:03:53] ADS value: 20.20, Ver: 109
[2026-07-15 00:04:25] ADS value: 20.20, Ver: 109
[2026-07-15 00:04:56] ADS value: 20.20, Ver: 109
[2026-07-15 00:05:28] ADS value: 20.19, Ver: 109
[2026-07-15 00:05:59] ADS value: 20.19, Ver: 109
[2026-07-15 00:06:31] ADS value: 20.19, Ver: 109
[2026-07-15 00:07:03] ADS value: 20.19, Ver: 109
[2026-07-15 00:07:34] ADS value: 20.19, Ver: 109
[2026-07-15 00:08:06] ADS value: 20.19, Ver: 109
[2026-07-15 00:08:37] ADS value: 20.19, Ver: 109
[2026-07-15 00:09:09] ADS value: 20.19, Ver: 109
[2026-07-15 00:09:40] ADS value: 20.18, Ver: 109
[2026-07-15 00:10:14] ADS value: 20.18, Ver: 109
[2026-07-15 00:10:46] ADS value: 20.18, Ver: 109
[2026-07-15 00:11:53] ADS value: 20.18, Ver: 109
[2026-07-15 00:12:24] ADS value: 20.17, Ver: 109
[2026-07-15 00:12:57] ADS value: 20.17, Ver: 109
[2026-07-15 00:13:29] ADS value: 20.17, Ver: 109
[2026-07-15 00:14:00] ADS value: 20.18, Ver: 109
[2026-07-15 00:14:32] ADS value: 20.17, Ver: 109
[2026-07-15 00:15:04] ADS value: 20.17, Ver: 109
[2026-07-15 00:15:35] ADS value: 20.17, Ver: 109
[2026-07-15 00:16:07] ADS value: 20.17, Ver: 109
[2026-07-15 00:16:39] ADS value: 20.16, Ver: 109
[2026-07-15 00:17:10] ADS value: 20.16, Ver: 109
[2026-07-15 00:17:42] ADS value: 20.17, Ver: 109
[2026-07-15 00:18:14] ADS value: 20.17, Ver: 109
[2026-07-15 00:18:45] ADS value: 20.16, Ver: 109
[2026-07-15 00:19:16] ADS value: 20.16, Ver: 109
[2026-07-15 00:19:48] ADS value: 20.15, Ver: 109
[2026-07-15 00:20:19] ADS value: 20.16, Ver: 109
[2026-07-15 00:20:50] ADS value: 20.16, Ver: 109
[2026-07-15 00:21:22] ADS value: 20.16, Ver: 109
[2026-07-15 00:21:53] ADS value: 20.16, Ver: 109
[2026-07-15 00:22:25] ADS value: 20.15, Ver: 109
[2026-07-15 00:22:57] ADS value: 20.16, Ver: 109
[2026-07-15 00:23:28] ADS value: 20.14, Ver: 109
[2026-07-15 00:24:00] ADS value: 20.16, Ver: 109
[2026-07-15 00:25:07] ADS value: 20.14, Ver: 109
[2026-07-15 00:25:39] ADS value: 20.14, Ver: 109
[2026-07-15 00:26:46] ADS value: 20.15, Ver: 109
[2026-07-15 00:27:17] ADS value: 20.15, Ver: 109
[2026-07-15 00:27:49] ADS value: 20.15, Ver: 109
[2026-07-15 00:28:21] ADS value: 20.15, Ver: 109
[2026-07-15 00:28:53] ADS value: 20.14, Ver: 109
[2026-07-15 00:29:24] ADS value: 20.15, Ver: 109
[2026-07-15 00:29:56] ADS value: 20.14, Ver: 109
[2026-07-15 00:30:28] ADS value: 20.13, Ver: 109
[2026-07-15 00:30:59] ADS value: 20.15, Ver: 109
[2026-07-15 00:31:31] ADS value: 20.13, Ver: 109
[2026-07-15 00:32:02] ADS value: 20.13, Ver: 109
[2026-07-15 00:32:34] ADS value: 20.14, Ver: 109
[2026-07-15 00:33:05] ADS value: 20.14, Ver: 109
[2026-07-15 00:33:37] ADS value: 20.13, Ver: 109
[2026-07-15 00:34:09] ADS value: 20.13, Ver: 109
[2026-07-15 00:34:40] ADS value: 20.13, Ver: 109
[2026-07-15 00:35:12] ADS value: 20.13, Ver: 109
[2026-07-15 00:35:43] ADS value: 20.13, Ver: 109
[2026-07-15 00:36:15] ADS value: 20.13, Ver: 109
[2026-07-15 00:36:46] ADS value: 20.13, Ver: 109
[2026-07-15 00:37:17] ADS value: 20.13, Ver: 109
[2026-07-15 00:37:49] ADS value: 20.13, Ver: 109
[2026-07-15 00:38:20] ADS value: 20.14, Ver: 109
[2026-07-15 00:39:27] ADS value: 20.13, Ver: 109
[2026-07-15 00:39:59] ADS value: 20.15, Ver: 109
[2026-07-15 00:41:06] ADS value: 20.12, Ver: 109
[2026-07-15 00:41:38] ADS value: 20.11, Ver: 109
[2026-07-15 00:42:09] ADS value: 20.13, Ver: 109
[2026-07-15 00:42:41] ADS value: 20.12, Ver: 109
[2026-07-15 00:43:12] ADS value: 20.12, Ver: 109
[2026-07-15 00:43:44] ADS value: 20.12, Ver: 109
[2026-07-15 00:44:16] ADS value: 20.11, Ver: 109
[2026-07-15 00:44:47] ADS value: 20.12, Ver: 109
[2026-07-15 00:45:19] ADS value: 20.12, Ver: 109
[2026-07-15 00:45:51] ADS value: 20.12, Ver: 109
[2026-07-15 00:46:22] ADS value: 20.12, Ver: 109
[2026-07-15 00:46:57] ADS value: 20.12, Ver: 109
[2026-07-15 00:47:25] ADS value: 20.11, Ver: 109
[2026-07-15 00:47:57] ADS value: 20.11, Ver: 109
[2026-07-15 00:48:28] ADS value: 20.12, Ver: 109
[2026-07-15 00:49:00] ADS value: 20.12, Ver: 109
[2026-07-15 00:49:32] ADS value: 20.11, Ver: 109
[2026-07-15 00:50:03] ADS value: 20.12, Ver: 109
[2026-07-15 00:51:10] ADS value: 20.13, Ver: 109
[2026-07-15 00:51:42] ADS value: 20.12, Ver: 109
[2026-07-15 00:52:14] ADS value: 20.12, Ver: 109
[2026-07-15 00:52:45] ADS value: 20.12, Ver: 109
[2026-07-15 00:53:53] ADS value: 20.11, Ver: 109
[2026-07-15 00:54:25] ADS value: 20.10, Ver: 109
[2026-07-15 00:54:56] ADS value: 20.11, Ver: 109
[2026-07-15 00:55:28] ADS value: 20.11, Ver: 109
[2026-07-15 00:56:00] ADS value: 20.11, Ver: 109
[2026-07-15 00:56:31] ADS value: 20.11, Ver: 109
[2026-07-15 00:57:02] ADS value: 20.10, Ver: 109
[2026-07-15 00:57:34] ADS value: 20.12, Ver: 109
[2026-07-15 00:58:05] ADS value: 20.12, Ver: 109
[2026-07-15 00:58:37] ADS value: 20.10, Ver: 109
[2026-07-15 00:59:08] ADS value: 20.10, Ver: 109
[2026-07-15 00:59:40] ADS value: 20.11, Ver: 109
[2026-07-15 01:00:11] ADS value: 20.11, Ver: 109
[2026-07-15 01:00:43] ADS value: 20.11, Ver: 109
[2026-07-15 01:01:14] ADS value: 20.11, Ver: 109
[2026-07-15 01:01:46] ADS value: 20.10, Ver: 109
[2026-07-15 01:02:18] ADS value: 20.10, Ver: 109
[2026-07-15 01:02:49] ADS value: 20.11, Ver: 109
[2026-07-15 01:03:56] ADS value: 20.10, Ver: 109
[2026-07-15 01:05:39] ADS value: 20.11, Ver: 109
[2026-07-15 01:06:11] ADS value: 20.11, Ver: 109
[2026-07-15 01:06:42] ADS value: 20.09, Ver: 109
[2026-07-15 01:07:13] ADS value: 20.11, Ver: 109
[2026-07-15 01:07:45] ADS value: 20.09, Ver: 109
[2026-07-15 01:08:17] ADS value: 20.10, Ver: 109
[2026-07-15 01:08:48] ADS value: 20.12, Ver: 109
[2026-07-15 01:09:20] ADS value: 20.09, Ver: 109
[2026-07-15 01:09:51] ADS value: 20.09, Ver: 109
[2026-07-15 01:10:23] ADS value: 20.11, Ver: 109
[2026-07-15 01:10:54] ADS value: 20.12, Ver: 109
[2026-07-15 01:11:26] ADS value: 20.12, Ver: 109
[2026-07-15 01:11:57] ADS value: 20.12, Ver: 109
[2026-07-15 01:12:28] ADS value: 20.09, Ver: 109
[2026-07-15 01:13:00] ADS value: 20.09, Ver: 109
[2026-07-15 01:13:31] ADS value: 20.08, Ver: 109
[2026-07-15 01:14:03] ADS value: 20.08, Ver: 109
[2026-07-15 01:14:35] ADS value: 20.09, Ver: 109
[2026-07-15 01:15:07] ADS value: 20.08, Ver: 109
[2026-07-15 01:15:39] ADS value: 20.09, Ver: 109
[2026-07-15 01:16:10] ADS value: 20.09, Ver: 109
[2026-07-15 01:16:42] ADS value: 20.10, Ver: 109
[2026-07-15 01:17:14] ADS value: 20.09, Ver: 109
[2026-07-15 01:18:21] ADS value: 20.12, Ver: 109
[2026-07-15 01:19:28] ADS value: 20.08, Ver: 109
[2026-07-15 01:20:00] ADS value: 20.12, Ver: 109
[2026-07-15 01:20:31] ADS value: 20.11, Ver: 109
[2026-07-15 01:21:03] ADS value: 20.09, Ver: 109
[2026-07-15 01:21:35] ADS value: 20.08, Ver: 109
[2026-07-15 01:22:06] ADS value: 20.11, Ver: 109
[2026-07-15 01:22:38] ADS value: 20.09, Ver: 109
[2026-07-15 01:23:10] ADS value: 20.07, Ver: 109
[2026-07-15 01:23:41] ADS value: 20.11, Ver: 109
[2026-07-15 01:24:13] ADS value: 20.08, Ver: 109
[2026-07-15 01:24:44] ADS value: 20.10, Ver: 109
[2026-07-15 01:25:16] ADS value: 20.10, Ver: 109
[2026-07-15 01:25:47] ADS value: 20.09, Ver: 109
[2026-07-15 01:26:19] ADS value: 20.10, Ver: 109
[2026-07-15 01:26:51] ADS value: 20.09, Ver: 109
[2026-07-15 01:27:23] ADS value: 20.11, Ver: 109
[2026-07-15 01:27:55] ADS value: 20.11, Ver: 109
[2026-07-15 01:28:26] ADS value: 20.10, Ver: 109
[2026-07-15 01:29:33] ADS value: 20.09, Ver: 109
[2026-07-15 01:30:05] ADS value: 20.10, Ver: 109
[2026-07-15 01:30:36] ADS value: 20.09, Ver: 109
[2026-07-15 01:31:08] ADS value: 20.09, Ver: 109
[2026-07-15 01:31:40] ADS value: 20.11, Ver: 109
[2026-07-15 01:32:47] ADS value: 20.10, Ver: 109
[2026-07-15 01:33:18] ADS value: 20.10, Ver: 109
[2026-07-15 01:33:50] ADS value: 20.10, Ver: 109
[2026-07-15 01:34:21] ADS value: 20.10, Ver: 109
[2026-07-15 01:34:53] ADS value: 20.09, Ver: 109
[2026-07-15 01:35:25] ADS value: 20.09, Ver: 109
[2026-07-15 01:35:56] ADS value: 20.10, Ver: 109
[2026-07-15 01:36:28] ADS value: 20.11, Ver: 109
[2026-07-15 01:37:00] ADS value: 20.10, Ver: 109
[2026-07-15 01:37:31] ADS value: 20.10, Ver: 109
[2026-07-15 01:38:03] ADS value: 20.11, Ver: 109
[2026-07-15 01:38:35] ADS value: 20.10, Ver: 109
[2026-07-15 01:39:06] ADS value: 20.11, Ver: 109
[2026-07-15 01:39:38] ADS value: 20.10, Ver: 109
[2026-07-15 01:40:09] ADS value: 20.10, Ver: 109
[2026-07-15 01:40:41] ADS value: 20.11, Ver: 109
[2026-07-15 01:41:12] ADS value: 20.11, Ver: 109
[2026-07-15 01:41:44] ADS value: 20.12, Ver: 109
[2026-07-15 01:42:16] ADS value: 20.10, Ver: 109
[2026-07-15 01:42:47] ADS value: 20.12, Ver: 109
[2026-07-15 01:44:31] ADS value: 20.12, Ver: 109
[2026-07-15 01:45:02] ADS value: 20.12, Ver: 109
[2026-07-15 01:45:34] ADS value: 20.12, Ver: 109
[2026-07-15 01:46:06] ADS value: 20.11, Ver: 109
[2026-07-15 01:46:40] ADS value: 20.12, Ver: 109
[2026-07-15 01:47:12] ADS value: 20.12, Ver: 109
[2026-07-15 01:47:44] ADS value: 20.12, Ver: 109
[2026-07-15 01:48:15] ADS value: 20.12, Ver: 109
[2026-07-15 01:48:47] ADS value: 20.12, Ver: 109
[2026-07-15 01:49:18] ADS value: 20.12, Ver: 109
[2026-07-15 01:49:50] ADS value: 20.10, Ver: 109
[2026-07-15 01:50:22] ADS value: 20.11, Ver: 109
[2026-07-15 01:50:53] ADS value: 20.11, Ver: 109
[2026-07-15 01:51:25] ADS value: 20.12, Ver: 109
[2026-07-15 01:51:57] ADS value: 20.12, Ver: 109
[2026-07-15 01:52:29] ADS value: 20.12, Ver: 109
[2026-07-15 01:53:00] ADS value: 20.13, Ver: 109
[2026-07-15 01:53:32] ADS value: 20.13, Ver: 109
[2026-07-15 01:54:04] ADS value: 20.12, Ver: 109
[2026-07-15 01:54:35] ADS value: 20.13, Ver: 109
[2026-07-15 01:55:07] ADS value: 20.12, Ver: 109
[2026-07-15 01:55:38] ADS value: 20.14, Ver: 109
[2026-07-15 01:56:13] ADS value: 20.13, Ver: 109
[2026-07-15 01:57:20] ADS value: 20.14, Ver: 109
[2026-07-15 01:59:02] ADS value: 20.16, Ver: 109
[2026-07-15 01:59:34] ADS value: 20.13, Ver: 109
[2026-07-15 02:00:09] ADS value: 20.17, Ver: 109
[2026-07-15 02:01:16] ADS value: 20.18, Ver: 109
[2026-07-15 02:02:59] ADS value: 20.14, Ver: 109
[2026-07-15 02:03:30] ADS value: 20.19, Ver: 109
[2026-07-15 02:04:02] ADS value: 20.17, Ver: 109
[2026-07-15 02:04:34] ADS value: 20.19, Ver: 109
[2026-07-15 02:05:05] ADS value: 20.16, Ver: 109
[2026-07-15 02:05:37] ADS value: 20.17, Ver: 109
[2026-07-15 02:06:08] ADS value: 20.17, Ver: 109
[2026-07-15 02:06:40] ADS value: 20.18, Ver: 109
[2026-07-15 02:07:12] ADS value: 20.18, Ver: 109
[2026-07-15 02:07:43] ADS value: 20.18, Ver: 109
[2026-07-15 02:08:15] ADS value: 20.18, Ver: 109
[2026-07-15 02:08:46] ADS value: 20.19, Ver: 109
[2026-07-15 02:09:18] ADS value: 20.18, Ver: 109
[2026-07-15 02:09:50] ADS value: 20.19, Ver: 109
[2026-07-15 02:10:21] ADS value: 20.18, Ver: 109
[2026-07-15 02:10:53] ADS value: 20.19, Ver: 109
[2026-07-15 02:11:25] ADS value: 20.20, Ver: 109
[2026-07-15 02:12:32] ADS value: 20.21, Ver: 109
[2026-07-15 02:13:03] ADS value: 20.20, Ver: 109
[2026-07-15 02:13:35] ADS value: 20.21, Ver: 109
[2026-07-15 02:14:06] ADS value: 20.21, Ver: 109
[2026-07-15 02:15:48] ADS value: 20.22, Ver: 109
[2026-07-15 02:16:20] ADS value: 20.22, Ver: 109
[2026-07-15 02:16:54] ADS value: 20.24, Ver: 109
[2026-07-15 02:17:26] ADS value: 20.23, Ver: 109
[2026-07-15 02:17:58] ADS value: 20.24, Ver: 109
[2026-07-15 02:18:29] ADS value: 20.24, Ver: 109
[2026-07-15 02:19:01] ADS value: 20.25, Ver: 109
[2026-07-15 02:19:33] ADS value: 20.24, Ver: 109
[2026-07-15 02:20:03] ADS value: 20.24, Ver: 109
[2026-07-15 02:20:35] ADS value: 20.25, Ver: 109
[2026-07-15 02:21:06] ADS value: 20.25, Ver: 109
[2026-07-15 02:21:38] ADS value: 20.24, Ver: 109
[2026-07-15 02:22:10] ADS value: 20.25, Ver: 109
[2026-07-15 02:22:41] ADS value: 20.25, Ver: 109
[2026-07-15 02:23:13] ADS value: 20.26, Ver: 109
[2026-07-15 02:23:45] ADS value: 20.25, Ver: 109
[2026-07-15 02:24:16] ADS value: 20.27, Ver: 109
[2026-07-15 02:25:24] ADS value: 20.28, Ver: 109
[2026-07-15 02:25:55] ADS value: 20.26, Ver: 109
[2026-07-15 02:27:38] ADS value: 20.29, Ver: 109
[2026-07-15 02:28:09] ADS value: 20.29, Ver: 109
[2026-07-15 02:28:41] ADS value: 20.30, Ver: 109
[2026-07-15 02:29:12] ADS value: 20.31, Ver: 109
[2026-07-15 02:30:20] ADS value: 20.30, Ver: 109
[2026-07-15 02:30:51] ADS value: 20.32, Ver: 109
[2026-07-15 02:31:23] ADS value: 20.32, Ver: 109
[2026-07-15 02:31:55] ADS value: 20.33, Ver: 109
[2026-07-15 02:32:26] ADS value: 20.32, Ver: 109
[2026-07-15 02:32:58] ADS value: 20.33, Ver: 109
[2026-07-15 02:33:30] ADS value: 20.35, Ver: 109
[2026-07-15 02:34:01] ADS value: 20.36, Ver: 109
[2026-07-15 02:34:33] ADS value: 20.36, Ver: 109
[2026-07-15 02:35:05] ADS value: 20.37, Ver: 109
[2026-07-15 02:35:36] ADS value: 20.37, Ver: 109
[2026-07-15 02:36:08] ADS value: 20.38, Ver: 109
[2026-07-15 02:36:39] ADS value: 20.38, Ver: 109
[2026-07-15 02:37:10] ADS value: 20.39, Ver: 109
[2026-07-15 02:37:42] ADS value: 20.36, Ver: 109
[2026-07-15 02:38:14] ADS value: 20.35, Ver: 109
[2026-07-15 02:38:45] ADS value: 20.39, Ver: 109
[2026-07-15 02:40:28] ADS value: 20.40, Ver: 109
[2026-07-15 02:41:00] ADS value: 20.38, Ver: 109
[2026-07-15 02:42:07] ADS value: 20.40, Ver: 109
[2026-07-15 02:42:39] ADS value: 20.43, Ver: 109
[2026-07-15 02:43:10] ADS value: 20.44, Ver: 109
[2026-07-15 02:43:42] ADS value: 20.42, Ver: 109
[2026-07-15 02:44:14] ADS value: 20.42, Ver: 109
[2026-07-15 02:44:45] ADS value: 20.45, Ver: 109
[2026-07-15 02:45:16] ADS value: 20.44, Ver: 109
[2026-07-15 02:45:48] ADS value: 20.41, Ver: 109
[2026-07-15 02:46:19] ADS value: 20.43, Ver: 109
[2026-07-15 02:46:51] ADS value: 20.44, Ver: 109
[2026-07-15 02:47:23] ADS value: 20.47, Ver: 109
[2026-07-15 02:47:54] ADS value: 20.47, Ver: 109
[2026-07-15 02:48:26] ADS value: 20.47, Ver: 109
[2026-07-15 02:48:58] ADS value: 20.48, Ver: 109
[2026-07-15 02:49:29] ADS value: 20.48, Ver: 109
[2026-07-15 02:50:01] ADS value: 20.49, Ver: 109
[2026-07-15 02:50:33] ADS value: 20.50, Ver: 109
[2026-07-15 02:51:04] ADS value: 20.50, Ver: 109
[2026-07-15 02:51:36] ADS value: 20.50, Ver: 109
[2026-07-15 02:52:08] ADS value: 20.52, Ver: 109
[2026-07-15 02:52:39] ADS value: 20.52, Ver: 109
[2026-07-15 02:53:11] ADS value: 20.52, Ver: 109
[2026-07-15 02:53:42] ADS value: 20.53, Ver: 109
[2026-07-15 02:54:49] ADS value: 20.54, Ver: 109
[2026-07-15 02:56:32] ADS value: 20.56, Ver: 109
[2026-07-15 02:57:03] ADS value: 20.56, Ver: 109
[2026-07-15 02:57:35] ADS value: 20.57, Ver: 109
[2026-07-15 02:58:06] ADS value: 20.56, Ver: 109
[2026-07-15 02:58:38] ADS value: 20.57, Ver: 109
[2026-07-15 02:59:09] ADS value: 20.59, Ver: 109
[2026-07-15 02:59:41] ADS value: 20.59, Ver: 109
[2026-07-15 03:00:12] ADS value: 20.60, Ver: 109
[2026-07-15 03:00:44] ADS value: 20.60, Ver: 109
[2026-07-15 03:01:15] ADS value: 20.60, Ver: 109
[2026-07-15 03:01:47] ADS value: 20.62, Ver: 109
[2026-07-15 03:02:19] ADS value: 20.62, Ver: 109
[2026-07-15 03:02:50] ADS value: 20.63, Ver: 109
[2026-07-15 03:03:22] ADS value: 20.63, Ver: 109
[2026-07-15 03:03:53] ADS value: 20.64, Ver: 109
[2026-07-15 03:04:25] ADS value: 20.66, Ver: 109
[2026-07-15 03:04:57] ADS value: 20.66, Ver: 109
[2026-07-15 03:06:03] ADS value: 20.67, Ver: 109
[2026-07-15 03:06:35] ADS value: 20.68, Ver: 109
[2026-07-15 03:07:07] ADS value: 20.69, Ver: 109
[2026-07-15 03:07:38] ADS value: 20.69, Ver: 109
[2026-07-15 03:09:21] ADS value: 20.72, Ver: 109
[2026-07-15 03:09:53] ADS value: 20.74, Ver: 109
[2026-07-15 03:10:27] ADS value: 20.75, Ver: 109
[2026-07-15 03:10:59] ADS value: 20.75, Ver: 109
[2026-07-15 03:11:31] ADS value: 20.75, Ver: 109
[2026-07-15 03:12:02] ADS value: 20.77, Ver: 109
[2026-07-15 03:12:34] ADS value: 20.77, Ver: 109
[2026-07-15 03:13:06] ADS value: 20.78, Ver: 109
[2026-07-15 03:13:37] ADS value: 20.79, Ver: 109
[2026-07-15 03:14:09] ADS value: 20.80, Ver: 109
[2026-07-15 03:14:40] ADS value: 20.80, Ver: 109
[2026-07-15 03:15:12] ADS value: 20.82, Ver: 109
[2026-07-15 03:15:43] ADS value: 20.83, Ver: 109
[2026-07-15 03:16:14] ADS value: 20.82, Ver: 109
[2026-07-15 03:16:46] ADS value: 20.84, Ver: 109
[2026-07-15 03:17:17] ADS value: 20.84, Ver: 109
[2026-07-15 03:17:49] ADS value: 20.86, Ver: 109
[2026-07-15 03:18:56] ADS value: 20.87, Ver: 109
[2026-07-15 03:19:28] ADS value: 20.88, Ver: 109
[2026-07-15 03:19:59] ADS value: 20.89, Ver: 109
[2026-07-15 03:21:07] ADS value: 20.91, Ver: 109
[2026-07-15 03:21:38] ADS value: 20.91, Ver: 109
[2026-07-15 03:22:09] ADS value: 20.92, Ver: 109
[2026-07-15 03:22:41] ADS value: 20.93, Ver: 109
[2026-07-15 03:23:48] ADS value: 20.95, Ver: 109
[2026-07-15 03:24:19] ADS value: 20.96, Ver: 109
[2026-07-15 03:24:51] ADS value: 20.96, Ver: 109
[2026-07-15 03:25:22] ADS value: 20.97, Ver: 109
[2026-07-15 03:25:54] ADS value: 20.97, Ver: 109
[2026-07-15 03:26:25] ADS value: 20.98, Ver: 109
[2026-07-15 03:27:00] ADS value: 20.99, Ver: 109
[2026-07-15 03:27:31] ADS value: 21.00, Ver: 109
[2026-07-15 03:28:03] ADS value: 21.01, Ver: 109
[2026-07-15 03:28:34] ADS value: 21.01, Ver: 109
[2026-07-15 03:29:06] ADS value: 21.02, Ver: 109
[2026-07-15 03:29:37] ADS value: 21.02, Ver: 109
[2026-07-15 03:30:09] ADS value: 21.03, Ver: 109
[2026-07-15 03:30:40] ADS value: 21.04, Ver: 109
[2026-07-15 03:31:12] ADS value: 21.05, Ver: 109
[2026-07-15 03:31:44] ADS value: 21.05, Ver: 109
[2026-07-15 03:32:16] ADS value: 21.06, Ver: 109
[2026-07-15 03:33:23] ADS value: 21.08, Ver: 109
[2026-07-15 03:33:54] ADS value: 21.09, Ver: 109
[2026-07-15 03:35:37] ADS value: 21.12, Ver: 109
[2026-07-15 03:36:09] ADS value: 21.13, Ver: 109
[2026-07-15 03:36:40] ADS value: 21.13, Ver: 109
[2026-07-15 03:37:11] ADS value: 21.14, Ver: 109
[2026-07-15 03:38:18] ADS value: 21.16, Ver: 109
[2026-07-15 03:38:50] ADS value: 21.16, Ver: 109
[2026-07-15 03:39:22] ADS value: 21.17, Ver: 109
[2026-07-15 03:39:53] ADS value: 21.18, Ver: 109
[2026-07-15 03:40:25] ADS value: 21.18, Ver: 109
[2026-07-15 03:40:57] ADS value: 21.19, Ver: 109
[2026-07-15 03:41:29] ADS value: 21.20, Ver: 109
[2026-07-15 03:42:00] ADS value: 21.21, Ver: 109
[2026-07-15 03:42:32] ADS value: 21.22, Ver: 109
[2026-07-15 03:43:04] ADS value: 21.22, Ver: 109
[2026-07-15 03:43:35] ADS value: 21.23, Ver: 109
[2026-07-15 03:44:07] ADS value: 21.24, Ver: 109
[2026-07-15 03:44:38] ADS value: 21.25, Ver: 109
[2026-07-15 03:45:10] ADS value: 21.25, Ver: 109
[2026-07-15 03:45:42] ADS value: 21.26, Ver: 109
[2026-07-15 03:46:13] ADS value: 21.26, Ver: 109
[2026-07-15 03:46:45] ADS value: 21.27, Ver: 109
[2026-07-15 03:48:27] ADS value: 21.29, Ver: 109
[2026-07-15 03:50:10] ADS value: 21.31, Ver: 109
[2026-07-15 03:50:42] ADS value: 21.32, Ver: 109
[2026-07-15 03:51:13] ADS value: 21.33, Ver: 109
[2026-07-15 03:51:45] ADS value: 21.32, Ver: 109
[2026-07-15 03:52:17] ADS value: 21.33, Ver: 109
[2026-07-15 03:52:48] ADS value: 21.34, Ver: 109
[2026-07-15 03:53:20] ADS value: 21.35, Ver: 109
[2026-07-15 03:53:52] ADS value: 21.36, Ver: 109
[2026-07-15 03:54:23] ADS value: 21.36, Ver: 109
[2026-07-15 03:54:55] ADS value: 21.37, Ver: 109
[2026-07-15 03:55:27] ADS value: 21.38, Ver: 109
[2026-07-15 03:55:58] ADS value: 21.38, Ver: 109
[2026-07-15 03:56:30] ADS value: 21.38, Ver: 109
[2026-07-15 03:57:01] ADS value: 21.39, Ver: 109
[2026-07-15 03:57:33] ADS value: 21.40, Ver: 109
[2026-07-15 03:58:05] ADS value: 21.40, Ver: 109
[2026-07-15 03:58:36] ADS value: 21.41, Ver: 109
[2026-07-15 03:59:08] ADS value: 21.41, Ver: 109
[2026-07-15 03:59:40] ADS value: 21.42, Ver: 109
[2026-07-15 04:00:11] ADS value: 21.43, Ver: 109
[2026-07-15 04:00:43] ADS value: 21.43, Ver: 109
[2026-07-15 04:01:14] ADS value: 21.44, Ver: 109
[2026-07-15 04:01:46] ADS value: 21.45, Ver: 109
[2026-07-15 04:02:53] ADS value: 21.46, Ver: 109
[2026-07-15 04:04:35] ADS value: 21.48, Ver: 109
[2026-07-15 04:05:07] ADS value: 21.49, Ver: 109
[2026-07-15 04:05:39] ADS value: 21.50, Ver: 109
[2026-07-15 04:06:10] ADS value: 21.50, Ver: 109
[2026-07-15 04:06:42] ADS value: 21.50, Ver: 109
[2026-07-15 04:07:13] ADS value: 21.52, Ver: 109
[2026-07-15 04:07:44] ADS value: 21.52, Ver: 109
[2026-07-15 04:08:16] ADS value: 21.53, Ver: 109
[2026-07-15 04:08:48] ADS value: 21.53, Ver: 109
[2026-07-15 04:09:19] ADS value: 21.54, Ver: 109
[2026-07-15 04:09:51] ADS value: 21.54, Ver: 109
[2026-07-15 04:10:22] ADS value: 21.55, Ver: 109
[2026-07-15 04:10:54] ADS value: 21.55, Ver: 109
[2026-07-15 04:11:26] ADS value: 21.56, Ver: 109
[2026-07-15 04:11:58] ADS value: 21.56, Ver: 109
[2026-07-15 04:12:29] ADS value: 21.57, Ver: 109
[2026-07-15 04:13:01] ADS value: 21.57, Ver: 109
[2026-07-15 04:14:08] ADS value: 21.59, Ver: 109
[2026-07-15 04:14:40] ADS value: 21.60, Ver: 109
[2026-07-15 04:15:12] ADS value: 21.60, Ver: 109
[2026-07-15 04:15:43] ADS value: 21.61, Ver: 109
[2026-07-15 04:17:26] ADS value: 21.63, Ver: 109
[2026-07-15 04:17:57] ADS value: 21.63, Ver: 109
[2026-07-15 04:19:03] ADS value: 21.65, Ver: 109
[2026-07-15 04:19:35] ADS value: 21.65, Ver: 109
[2026-07-15 04:20:06] ADS value: 21.65, Ver: 109
[2026-07-15 04:20:38] ADS value: 21.66, Ver: 109
[2026-07-15 04:21:12] ADS value: 21.67, Ver: 109
[2026-07-15 04:21:44] ADS value: 21.67, Ver: 109
[2026-07-15 04:22:16] ADS value: 21.68, Ver: 109
[2026-07-15 04:22:47] ADS value: 21.69, Ver: 109
[2026-07-15 04:23:19] ADS value: 21.69, Ver: 109
[2026-07-15 04:23:50] ADS value: 21.70, Ver: 109
[2026-07-15 04:24:23] ADS value: 21.71, Ver: 109
[2026-07-15 04:24:54] ADS value: 21.71, Ver: 109
[2026-07-15 04:25:26] ADS value: 21.72, Ver: 109
[2026-07-15 04:25:57] ADS value: 21.72, Ver: 109
[2026-07-15 04:27:05] ADS value: 21.74, Ver: 109
[2026-07-15 04:27:36] ADS value: 21.74, Ver: 109
[2026-07-15 04:29:19] ADS value: 21.76, Ver: 109
[2026-07-15 04:29:50] ADS value: 21.76, Ver: 109
[2026-07-15 04:30:22] ADS value: 21.77, Ver: 109
[2026-07-15 04:30:53] ADS value: 21.78, Ver: 109
[2026-07-15 04:32:00] ADS value: 21.78, Ver: 109
[2026-07-15 04:32:32] ADS value: 21.79, Ver: 109
[2026-07-15 04:33:03] ADS value: 21.80, Ver: 109
[2026-07-15 04:33:35] ADS value: 21.81, Ver: 109
[2026-07-15 04:34:07] ADS value: 21.81, Ver: 109
[2026-07-15 04:34:38] ADS value: 21.82, Ver: 109
[2026-07-15 04:35:10] ADS value: 21.83, Ver: 109
[2026-07-15 04:35:42] ADS value: 21.84, Ver: 109
[2026-07-15 04:36:13] ADS value: 21.84, Ver: 109
[2026-07-15 04:36:45] ADS value: 21.85, Ver: 109
[2026-07-15 04:37:17] ADS value: 21.85, Ver: 109
[2026-07-15 04:37:48] ADS value: 21.85, Ver: 109
[2026-07-15 04:38:20] ADS value: 21.86, Ver: 109
[2026-07-15 04:38:51] ADS value: 21.86, Ver: 109
[2026-07-15 04:39:23] ADS value: 21.88, Ver: 109
[2026-07-15 04:39:54] ADS value: 21.87, Ver: 109
[2026-07-15 04:40:26] ADS value: 21.89, Ver: 109
[2026-07-15 04:42:09] ADS value: 21.91, Ver: 109
[2026-07-15 04:43:51] ADS value: 21.94, Ver: 109
[2026-07-15 04:44:23] ADS value: 21.95, Ver: 109
[2026-07-15 04:44:55] ADS value: 21.95, Ver: 109
[2026-07-15 04:45:26] ADS value: 21.95, Ver: 109
[2026-07-15 04:45:58] ADS value: 21.97, Ver: 109
[2026-07-15 04:46:29] ADS value: 21.96, Ver: 109
[2026-07-15 04:47:01] ADS value: 21.98, Ver: 109
[2026-07-15 04:47:33] ADS value: 21.99, Ver: 109
[2026-07-15 04:48:05] ADS value: 21.99, Ver: 109
[2026-07-15 04:48:36] ADS value: 22.00, Ver: 109
[2026-07-15 04:49:08] ADS value: 22.00, Ver: 109
[2026-07-15 04:49:39] ADS value: 22.01, Ver: 109
[2026-07-15 04:50:11] ADS value: 22.02, Ver: 109
[2026-07-15 04:50:43] ADS value: 22.02, Ver: 109
[2026-07-15 04:51:14] ADS value: 22.04, Ver: 109
[2026-07-15 04:51:46] ADS value: 22.05, Ver: 109
[2026-07-15 04:52:17] ADS value: 22.05, Ver: 109
[2026-07-15 04:52:49] ADS value: 22.05, Ver: 109
[2026-07-15 04:53:21] ADS value: 22.07, Ver: 109
[2026-07-15 04:53:52] ADS value: 22.07, Ver: 109
[2026-07-15 04:54:24] ADS value: 22.08, Ver: 109
[2026-07-15 04:54:55] ADS value: 22.09, Ver: 109
[2026-07-15 04:56:38] ADS value: 22.12, Ver: 109
[2026-07-15 04:58:21] ADS value: 22.14, Ver: 109
[2026-07-15 04:58:52] ADS value: 22.15, Ver: 109
[2026-07-15 04:59:24] ADS value: 22.16, Ver: 109
[2026-07-15 04:59:56] ADS value: 22.17, Ver: 109
[2026-07-15 05:00:27] ADS value: 22.18, Ver: 109
[2026-07-15 05:00:59] ADS value: 22.19, Ver: 109
[2026-07-15 05:01:31] ADS value: 22.20, Ver: 109
[2026-07-15 05:02:02] ADS value: 22.21, Ver: 109
[2026-07-15 05:02:34] ADS value: 22.22, Ver: 109
[2026-07-15 05:03:05] ADS value: 22.23, Ver: 109
[2026-07-15 05:03:37] ADS value: 22.24, Ver: 109
[2026-07-15 05:04:08] ADS value: 22.25, Ver: 109
[2026-07-15 05:04:49] ADS value: 22.25, Ver: 109
[2026-07-15 05:05:14] ADS value: 22.26, Ver: 109
[2026-07-15 05:05:45] ADS value: 22.27, Ver: 109
[2026-07-15 05:06:17] ADS value: 22.28, Ver: 109
[2026-07-15 05:06:48] ADS value: 22.29, Ver: 109
[2026-07-15 05:07:23] ADS value: 22.30, Ver: 109
[2026-07-15 05:07:54] ADS value: 22.31, Ver: 109
[2026-07-15 05:08:25] ADS value: 22.32, Ver: 109
[2026-07-15 05:08:57] ADS value: 22.34, Ver: 109
[2026-07-15 05:09:31] ADS value: 22.34, Ver: 109
[2026-07-15 05:10:03] ADS value: 22.34, Ver: 109
[2026-07-15 05:10:35] ADS value: 22.36, Ver: 109
[2026-07-15 05:12:17] ADS value: 22.39, Ver: 109
[2026-07-15 05:12:49] ADS value: 22.41, Ver: 109
[2026-07-15 05:13:20] ADS value: 22.42, Ver: 109
[2026-07-15 05:13:52] ADS value: 22.43, Ver: 109
[2026-07-15 05:14:59] ADS value: 22.45, Ver: 109
[2026-07-15 05:15:30] ADS value: 22.46, Ver: 109
[2026-07-15 05:16:02] ADS value: 22.47, Ver: 109
[2026-07-15 05:16:34] ADS value: 22.48, Ver: 109
[2026-07-15 05:17:05] ADS value: 22.50, Ver: 109
[2026-07-15 05:17:37] ADS value: 22.50, Ver: 109
[2026-07-15 05:18:09] ADS value: 22.51, Ver: 109
[2026-07-15 05:18:41] ADS value: 22.53, Ver: 109
[2026-07-15 05:19:12] ADS value: 22.53, Ver: 109
[2026-07-15 05:19:44] ADS value: 22.54, Ver: 109
[2026-07-15 05:20:15] ADS value: 22.56, Ver: 109
[2026-07-15 05:20:47] ADS value: 22.57, Ver: 109
[2026-07-15 05:21:19] ADS value: 22.58, Ver: 109
[2026-07-15 05:21:50] ADS value: 22.59, Ver: 109
[2026-07-15 05:22:22] ADS value: 22.60, Ver: 109
[2026-07-15 05:22:53] ADS value: 22.61, Ver: 109
[2026-07-15 05:23:25] ADS value: 22.62, Ver: 109
[2026-07-15 05:25:07] ADS value: 22.66, Ver: 109
[2026-07-15 05:26:50] ADS value: 22.70, Ver: 109
[2026-07-15 05:27:22] ADS value: 22.70, Ver: 109
[2026-07-15 05:27:53] ADS value: 22.72, Ver: 109
[2026-07-15 05:28:25] ADS value: 22.73, Ver: 109
[2026-07-15 05:28:57] ADS value: 22.74, Ver: 109
[2026-07-15 05:29:28] ADS value: 22.75, Ver: 109
[2026-07-15 05:30:00] ADS value: 22.76, Ver: 109
[2026-07-15 05:30:31] ADS value: 22.77, Ver: 109
[2026-07-15 05:31:03] ADS value: 22.79, Ver: 109
[2026-07-15 05:31:34] ADS value: 22.80, Ver: 109
[2026-07-15 05:32:06] ADS value: 22.81, Ver: 109
[2026-07-15 05:32:38] ADS value: 22.82, Ver: 109
[2026-07-15 05:33:09] ADS value: 22.83, Ver: 109
[2026-07-15 05:33:41] ADS value: 22.84, Ver: 109
[2026-07-15 05:34:13] ADS value: 22.85, Ver: 109
[2026-07-15 05:34:44] ADS value: 22.87, Ver: 109
[2026-07-15 05:35:16] ADS value: 22.88, Ver: 109
[2026-07-15 05:35:48] ADS value: 22.88, Ver: 109
[2026-07-15 05:36:19] ADS value: 22.90, Ver: 109
[2026-07-15 05:36:51] ADS value: 22.91, Ver: 109
[2026-07-15 05:37:22] ADS value: 22.92, Ver: 109
[2026-07-15 05:37:53] ADS value: 22.93, Ver: 109
[2026-07-15 05:38:25] ADS value: 22.95, Ver: 109
[2026-07-15 05:38:59] ADS value: 22.95, Ver: 109
[2026-07-15 05:39:31] ADS value: 22.97, Ver: 109
[2026-07-15 05:41:13] ADS value: 23.00, Ver: 109
[2026-07-15 05:41:45] ADS value: 23.02, Ver: 109
[2026-07-15 05:42:16] ADS value: 23.02, Ver: 109
[2026-07-15 05:42:48] ADS value: 23.03, Ver: 109
[2026-07-15 05:43:20] ADS value: 23.04, Ver: 109
[2026-07-15 05:43:51] ADS value: 23.06, Ver: 109
[2026-07-15 05:44:23] ADS value: 23.07, Ver: 109
[2026-07-15 05:44:55] ADS value: 23.08, Ver: 109
[2026-07-15 05:45:26] ADS value: 23.09, Ver: 109
[2026-07-15 05:45:58] ADS value: 23.10, Ver: 109
[2026-07-15 05:46:29] ADS value: 23.11, Ver: 109
[2026-07-15 05:47:01] ADS value: 23.13, Ver: 109
[2026-07-15 05:47:33] ADS value: 23.14, Ver: 109
[2026-07-15 05:48:04] ADS value: 23.15, Ver: 109
[2026-07-15 05:48:36] ADS value: 23.16, Ver: 109
[2026-07-15 05:49:07] ADS value: 23.18, Ver: 109
[2026-07-15 05:49:39] ADS value: 23.19, Ver: 109
[2026-07-15 05:50:46] ADS value: 23.21, Ver: 109
[2026-07-15 05:51:17] ADS value: 23.23, Ver: 109
[2026-07-15 05:51:48] ADS value: 23.23, Ver: 109
[2026-07-15 05:52:20] ADS value: 23.25, Ver: 109
[2026-07-15 05:53:30] ADS value: 23.27, Ver: 109
[2026-07-15 05:54:01] ADS value: 23.29, Ver: 109
[2026-07-15 05:54:33] ADS value: 23.30, Ver: 109
[2026-07-15 05:55:40] ADS value: 23.31, Ver: 109
[2026-07-15 05:56:11] ADS value: 23.33, Ver: 109
[2026-07-15 05:56:43] ADS value: 23.34, Ver: 109
[2026-07-15 05:57:15] ADS value: 23.35, Ver: 109
[2026-07-15 05:57:46] ADS value: 23.36, Ver: 109
[2026-07-15 05:58:18] ADS value: 23.37, Ver: 109
[2026-07-15 05:58:50] ADS value: 23.38, Ver: 109
[2026-07-15 05:59:21] ADS value: 23.39, Ver: 109
[2026-07-15 05:59:53] ADS value: 23.40, Ver: 109
[2026-07-15 06:00:25] ADS value: 23.41, Ver: 109
[2026-07-15 06:00:56] ADS value: 23.42, Ver: 109
[2026-07-15 06:01:27] ADS value: 23.43, Ver: 109
[2026-07-15 06:01:59] ADS value: 23.43, Ver: 109
[2026-07-15 06:02:30] ADS value: 23.45, Ver: 109
[2026-07-15 06:03:02] ADS value: 23.46, Ver: 109
[2026-07-15 06:03:33] ADS value: 23.47, Ver: 109
[2026-07-15 06:04:04] ADS value: 23.47, Ver: 109
[2026-07-15 06:05:47] ADS value: 23.51, Ver: 109
[2026-07-15 06:06:18] ADS value: 23.52, Ver: 109
[2026-07-15 06:06:50] ADS value: 23.53, Ver: 109
[2026-07-15 06:07:22] ADS value: 23.53, Ver: 109
[2026-07-15 06:08:29] ADS value: 23.55, Ver: 109
[2026-07-15 06:09:00] ADS value: 23.57, Ver: 109
[2026-07-15 06:09:32] ADS value: 23.57, Ver: 109
[2026-07-15 06:10:03] ADS value: 23.58, Ver: 109
[2026-07-15 06:10:35] ADS value: 23.59, Ver: 109
[2026-07-15 06:11:07] ADS value: 23.60, Ver: 109
[2026-07-15 06:11:38] ADS value: 23.61, Ver: 109
[2026-07-15 06:12:10] ADS value: 23.62, Ver: 109
[2026-07-15 06:12:42] ADS value: 23.63, Ver: 109
[2026-07-15 06:13:13] ADS value: 23.64, Ver: 109
[2026-07-15 06:13:45] ADS value: 23.64, Ver: 109
[2026-07-15 06:14:16] ADS value: 23.65, Ver: 109
[2026-07-15 06:14:47] ADS value: 23.65, Ver: 109
[2026-07-15 06:15:19] ADS value: 23.67, Ver: 109
[2026-07-15 06:15:50] ADS value: 23.68, Ver: 109
[2026-07-15 06:16:21] ADS value: 23.69, Ver: 109
[2026-07-15 06:16:53] ADS value: 23.69, Ver: 109
[2026-07-15 06:18:02] ADS value: 23.71, Ver: 109
[2026-07-15 06:18:34] ADS value: 23.72, Ver: 109
[2026-07-15 06:19:40] ADS value: 23.74, Ver: 109
[2026-07-15 06:20:12] ADS value: 23.75, Ver: 109
[2026-07-15 06:20:44] ADS value: 23.76, Ver: 109
[2026-07-15 06:21:15] ADS value: 23.77, Ver: 109
[2026-07-15 06:21:47] ADS value: 23.77, Ver: 109
[2026-07-15 06:22:18] ADS value: 23.79, Ver: 109
[2026-07-15 06:22:50] ADS value: 23.79, Ver: 109
[2026-07-15 06:23:21] ADS value: 23.80, Ver: 109
[2026-07-15 06:23:53] ADS value: 23.81, Ver: 109
[2026-07-15 06:24:24] ADS value: 23.82, Ver: 109
[2026-07-15 06:24:56] ADS value: 23.83, Ver: 109
[2026-07-15 06:25:27] ADS value: 23.84, Ver: 109
[2026-07-15 06:25:58] ADS value: 23.85, Ver: 109
[2026-07-15 06:26:30] ADS value: 23.85, Ver: 109
[2026-07-15 06:27:02] ADS value: 23.86, Ver: 109
[2026-07-15 06:27:33] ADS value: 23.88, Ver: 109
[2026-07-15 06:28:05] ADS value: 23.88, Ver: 109
[2026-07-15 06:28:36] ADS value: 23.89, Ver: 109
[2026-07-15 06:29:08] ADS value: 23.90, Ver: 109
[2026-07-15 06:29:39] ADS value: 23.90, Ver: 109
[2026-07-15 06:30:10] ADS value: 23.91, Ver: 109
[2026-07-15 06:30:42] ADS value: 23.92, Ver: 109
[2026-07-15 06:31:14] ADS value: 23.93, Ver: 109
[2026-07-15 06:31:45] ADS value: 23.94, Ver: 109
[2026-07-15 06:34:03] ADS value: 23.97, Ver: 109
[2026-07-15 06:34:35] ADS value: 23.97, Ver: 109
[2026-07-15 06:35:06] ADS value: 23.98, Ver: 109
[2026-07-15 06:35:38] ADS value: 23.99, Ver: 109
[2026-07-15 06:36:09] ADS value: 24.00, Ver: 109
[2026-07-15 06:36:40] ADS value: 24.00, Ver: 109
[2026-07-15 06:37:11] ADS value: 24.01, Ver: 109
[2026-07-15 06:37:43] ADS value: 24.01, Ver: 109
[2026-07-15 06:38:14] ADS value: 24.02, Ver: 109
[2026-07-15 06:38:51] ADS value: 24.02, Ver: 109
[2026-07-15 06:39:20] ADS value: 24.02, Ver: 109
[2026-07-15 06:39:52] ADS value: 24.02, Ver: 109
[2026-07-15 06:40:24] ADS value: 24.02, Ver: 109
[2026-07-15 06:40:55] ADS value: 24.03, Ver: 109
[2026-07-15 06:41:27] ADS value: 24.03, Ver: 109
[2026-07-15 06:41:58] ADS value: 24.04, Ver: 109
[2026-07-15 06:42:30] ADS value: 24.04, Ver: 109
[2026-07-15 06:43:01] ADS value: 24.04, Ver: 109
[2026-07-15 06:43:33] ADS value: 24.04, Ver: 109
[2026-07-15 06:44:04] ADS value: 24.04, Ver: 109
[2026-07-15 06:44:35] ADS value: 24.04, Ver: 109
[2026-07-15 06:45:07] ADS value: 24.05, Ver: 109
[2026-07-15 06:45:38] ADS value: 24.05, Ver: 109
[2026-07-15 06:47:21] ADS value: 24.06, Ver: 109
[2026-07-15 06:47:52] ADS value: 24.06, Ver: 109
[2026-07-15 06:48:59] ADS value: 24.06, Ver: 109
[2026-07-15 06:49:31] ADS value: 24.07, Ver: 109
