[2026-03-22 17:09:20] ADS value: 0.00
[2026-03-22 17:09:20] Ver: 1
[2026-03-22 17:17:52] Ver: 1
[2026-03-22 17:20:13] ADS value: 0.00
[2026-03-22 17:20:15] Ver: 1
[2026-03-22 17:21:16] ADS value: 0.00
[2026-03-22 17:21:16] Ver: 1
[2026-03-22 17:23:27] [SIM4G] CMD: AT+CGATT?
[2026-03-22 17:23:28] [SIM4G] RSP: AT+CGATT? | +CGATT: 1 | OK |
[2026-03-22 17:23:35] [SIM4G] CMD: AT+CGPADDR=1
[2026-03-22 17:23:36] [SIM4G] RSP: AT+CGPADDR=1 | +CGPADDR: 1,'10.44.15.51' | OK |
[2026-03-22 17:23:43] [SIM4G] CMD: AT+CSQ
[2026-03-22 17:23:44] [SIM4G] RSP: AT+CSQ | +CSQ: 15,99 | OK |
[2026-03-22 17:23:50] [SIM4G] CMD: AT+CEREG?
[2026-03-22 17:23:51] ADS value: 0.00
[2026-03-22 17:23:51] Ver: 1
[2026-03-22 17:23:58] [SIM4G] CMD: AT+CGREG?
[2026-03-22 17:24:03] [SIM4G] RSP: AT+CGREG? | +CGREG: 0,5 | OK |
[2026-03-22 17:24:06] [SIM4G] CMD: AT+CGATT?
[2026-03-22 17:24:07] [SIM4G] RSP: AT+CGATT? | +CGATT: 1 | OK |
[2026-03-22 17:24:15] [SIM4G] CMD: AT+CGPADDR=1
[2026-03-22 17:24:16] [SIM4G] RSP: AT+CGPADDR=1 | +CGPADDR: 1,'10.44.15.51' | OK |
[2026-03-22 17:24:22] [SIM4G] CMD: AT+CSQ
[2026-03-22 17:24:24] [SIM4G] RSP: AT+CSQ | +CSQ: 15,99 | OK |
[2026-03-22 17:24:31] [SIM4G] CMD: AT+CEREG?
[2026-03-22 17:24:35] [SIM4G] RSP: AT+CEREG? | +CEREG: 0,5 | OK |
[2026-03-22 17:24:39] [SIM4G] CMD: AT+CGREG?
[2026-03-22 17:24:40] [SIM4G] RSP: AT+CGREG? | +CGREG: 0,5 | OK |
[2026-03-22 17:24:46] [SIM4G] CMD: AT+CGATT?
[2026-03-22 17:25:25] ADS value: 0.00
[2026-03-22 17:25:25] [SIM4G] CMD: AT+CSQ
[2026-03-22 17:25:25] [SIM4G] RSP: AT+CSQ | +CSQ: 15,99 | OK |
[2026-03-22 17:25:25] [SIM4G] CMD: AT+CEREG?
[2026-03-22 17:25:25] [SIM4G] CMD: AT+CGREG?
[2026-03-22 17:25:25] [SIM4G] RSP: AT+CGREG? | +CGREG: 0,5 | OK |
[2026-03-22 17:25:32] [SIM4G] CMD: AT+CGATT?
[2026-03-22 17:25:33] [SIM4G] RSP: AT+CGATT? | +CGATT: 1 | OK |
[2026-03-22 17:25:39] [SIM4G] CMD: AT+CGPADDR=1
[2026-03-22 17:25:40] [SIM4G] RSP: AT+CGPADDR=1 | +CGPADDR: 1,'10.44.15.51' | OK |
[2026-03-22 17:25:48] [SIM4G] CMD: AT+CSQ
[2026-03-22 17:25:49] [SIM4G] RSP: AT+CSQ | +CSQ: 15,99 | OK |
[2026-03-22 17:25:55] [SIM4G] CMD: AT+CEREG?
[2026-03-22 17:25:55] ADS value: 0.00
[2026-03-22 17:25:56] Ver: 1
[2026-03-22 17:26:03] [SIM4G] CMD: AT+CGREG?
[2026-03-22 17:26:04] [SIM4G] RSP: AT+CGREG? | +CGREG: 0,5 | OK |
[2026-03-22 17:26:12] [SIM4G] CMD: AT+CGATT?
[2026-03-22 17:26:13] [SIM4G] RSP: AT+CGATT? | +CGATT: 1 | OK |
[2026-03-22 17:26:21] [SIM4G] CMD: AT+CGPADDR=1
[2026-03-22 17:26:22] [SIM4G] RSP: AT+CGPADDR=1 | +CGPADDR: 1,'10.44.15.51' | OK |
[2026-03-22 17:26:29] [SIM4G] CMD: AT+CSQ
[2026-03-22 17:26:30] [SIM4G] RSP: AT+CSQ | +CSQ: 15,99 | OK |
[2026-03-22 17:26:36] [SIM4G] CMD: AT+CEREG?
[2026-03-22 17:26:37] [SIM4G] RSP: AT+CEREG? | +CEREG: 0,5 | OK |
[2026-03-22 17:26:44] [SIM4G] CMD: AT+CGREG?
[2026-03-22 17:26:45] [SIM4G] RSP: AT+CGREG? | +CGREG: 0,5 | OK |
[2026-03-22 17:26:51] [SIM4G] CMD: AT+CGATT?
[2026-03-22 17:26:52] [SIM4G] RSP: AT+CGATT? | +CGATT: 1 | OK |
[2026-03-22 17:26:56] ADS value: 0.00
[2026-03-22 17:26:57] Ver: 1
[2026-03-22 17:27:06] [SIM4G] CMD: AT+CSQ
[2026-03-22 17:27:07] [SIM4G] RSP: AT+CSQ | +CSQ: 15,99 | OK |
[2026-03-22 17:27:14] [SIM4G] CMD: AT+CEREG?
[2026-03-22 17:27:15] [SIM4G] RSP: AT+CEREG? | +CEREG: 0,5 | OK |
[2026-03-22 17:27:21] [SIM4G] CMD: AT+CGREG?
[2026-03-22 17:27:22] [SIM4G] RSP: AT+CGREG? | +CGREG: 0,5 | OK |
[2026-03-22 17:27:29] [SIM4G] CMD: AT+CGATT?
[2026-03-22 17:27:30] [SIM4G] RSP: AT+CGATT? | +CGATT: 1 | OK |
[2026-03-22 17:27:40] [SIM4G] CMD: AT+CGPADDR=1
[2026-03-22 17:27:40] [SIM4G] RSP: AT+CGPADDR=1 | +CGPADDR: 1,'10.44.15.51' | OK |
[2026-03-22 17:27:45] [SIM4G] CMD: AT+CSQ
[2026-03-22 17:27:46] [SIM4G] RSP: AT+CSQ | +CSQ: 15,99 | OK |
[2026-03-22 17:27:52] [SIM4G] CMD: AT+CEREG?
[2026-03-22 17:27:53] [SIM4G] RSP: AT+CEREG? | +CEREG: 0,5 | OK |
[2026-03-22 17:27:58] ADS value: 0.00
[2026-03-22 17:27:58] Ver: 1
[2026-03-22 17:28:07] [SIM4G] CMD: AT+CGATT?
[2026-03-22 17:28:08] [SIM4G] RSP: AT+CGATT? | +CGATT: 1 | OK |
[2026-03-22 17:28:16] [SIM4G] CMD: AT+CGPADDR=1
[2026-03-22 17:28:17] [SIM4G] RSP: AT+CGPADDR=1 | +CGPADDR: 1,'10.44.15.51' | OK |
[2026-03-22 17:28:23] [SIM4G] CMD: AT+CSQ
[2026-03-22 17:28:28] [SIM4G] RSP: AT+CSQ | +CSQ: 15,99 | OK |
[2026-03-22 17:28:32] [SIM4G] CMD: AT+CEREG?
[2026-03-22 17:28:37] [SIM4G] RSP: AT+CEREG? | +CEREG: 0,5 | OK |
[2026-03-22 17:28:44] [SIM4G] CMD: AT+CGREG?
[2026-03-22 17:28:44] [SIM4G] RSP: AT+CGREG? | +CGREG: 0,5 | OK |
[2026-03-22 17:28:49] [SIM4G] CMD: AT+CGATT?
[2026-03-22 17:28:50] [SIM4G] RSP: AT+CGATT? | +CGATT: 1 | OK |
[2026-03-22 17:28:57] [SIM4G] CMD: AT+CGPADDR=1
[2026-03-22 17:28:58] [SIM4G] RSP: AT+CGPADDR=1 | +CGPADDR: 1,'10.44.15.51' | OK |
[2026-03-22 17:28:59] ADS value: 0.00
[2026-03-22 17:28:59] Ver: 1
[2026-03-22 17:29:16] [SIM4G] RSP: AT+CSQ | +CSQ: 15,99 | OK |
[2026-03-22 17:29:18] [SIM4G] CMD: AT+CEREG?
[2026-03-22 17:29:19] [SIM4G] RSP: AT+CEREG? | +CEREG: 0,5 | OK |
[2026-03-22 17:29:25] [SIM4G] CMD: AT+CGREG?
[2026-03-22 17:29:27] [SIM4G] RSP: AT+CGREG? | +CGREG: 0,5 | OK |
[2026-03-22 17:29:33] [SIM4G] CMD: AT+CGATT?
[2026-03-22 17:29:34] [SIM4G] RSP: AT+CGATT? | +CGATT: 1 | OK |
[2026-03-22 17:29:42] [SIM4G] CMD: AT+CGPADDR=1
[2026-03-22 17:29:46] [SIM4G] RSP: AT+CGPADDR=1 | +CGPADDR: 1,'10.44.15.51' | OK |
[2026-03-22 17:29:49] [SIM4G] CMD: AT+CSQ
[2026-03-22 17:29:50] [SIM4G] RSP: AT+CSQ | +CSQ: 15,99 | OK |
[2026-03-22 17:29:57] [SIM4G] CMD: AT+CEREG?
[2026-03-22 17:29:58] [SIM4G] RSP: AT+CEREG? | +CEREG: 0,5 | OK |
[2026-03-22 17:30:00] ADS value: 0.00
[2026-03-22 17:30:00] Ver: 1
[2026-03-22 17:30:12] [SIM4G] CMD: AT+CGATT?
[2026-03-22 17:30:13] [SIM4G] RSP: AT+CGATT? | +CGATT: 1 | OK |
[2026-03-22 17:30:19] [SIM4G] CMD: AT+CGPADDR=1
[2026-03-22 17:30:20] [SIM4G] RSP: AT+CGPADDR=1 | +CGPADDR: 1,'10.44.15.51' | OK |
[2026-03-22 17:30:27] [SIM4G] CMD: AT+CSQ
[2026-03-22 17:30:28] [SIM4G] RSP: AT+CSQ | +CSQ: 15,99 | OK |
[2026-03-22 17:30:35] [SIM4G] CMD: AT+CEREG?
[2026-03-22 17:30:36] [SIM4G] RSP: AT+CEREG? | +CEREG: 0,5 | OK |
[2026-03-22 17:30:42] [SIM4G] CMD: AT+CGREG?
[2026-03-22 17:30:43] [SIM4G] RSP: AT+CGREG? | +CGREG: 0,5 | OK |
[2026-03-22 17:30:50] [SIM4G] CMD: AT+CGATT?
[2026-03-22 17:30:51] [SIM4G] RSP: AT+CGATT? | +CGATT: 1 | OK |
[2026-03-22 17:30:58] [SIM4G] CMD: AT+CGPADDR=1
[2026-03-22 17:30:59] [SIM4G] RSP: AT+CGPADDR=1 | +CGPADDR: 1,'10.44.15.51' | OK |
[2026-03-22 17:31:01] ADS value: 0.00
[2026-03-22 17:31:01] Ver: 1
[2026-03-22 17:31:05] [SIM4G] CMD: AT+CSQ
[2026-03-22 17:31:06] [SIM4G] RSP: AT+CSQ | +CSQ: 15,99 | OK |
[2026-03-22 17:31:12] [SIM4G] CMD: AT+CEREG?
[2026-03-22 17:31:14] [SIM4G] RSP: AT+CEREG? | +CEREG: 0,5 | OK |
[2026-03-22 17:31:20] [SIM4G] CMD: AT+CGREG?
[2026-03-22 17:31:21] [SIM4G] RSP: AT+CGREG? | +CGREG: 0,5 | OK |
[2026-03-22 17:31:28] [SIM4G] CMD: AT+CGATT?
[2026-03-22 17:31:29] [SIM4G] RSP: AT+CGATT? | +CGATT: 1 | OK |
[2026-03-22 17:31:36] [SIM4G] CMD: AT+CGPADDR=1
[2026-03-22 17:31:37] [SIM4G] RSP: AT+CGPADDR=1 | +CGPADDR: 1,'10.44.15.51' | OK |
[2026-03-22 17:31:43] [SIM4G] CMD: AT+CSQ
[2026-03-22 17:31:44] [SIM4G] RSP: AT+CSQ | +CSQ: 15,99 | OK |
[2026-03-22 17:31:51] [SIM4G] CMD: AT+CEREG?
[2026-03-22 17:31:52] [SIM4G] RSP: AT+CEREG? | +CEREG: 0,5 | OK |
[2026-03-22 17:31:58] [SIM4G] CMD: AT+CGREG?
[2026-03-22 17:31:59] [SIM4G] RSP: AT+CGREG? | +CGREG: 0,5 | OK |
[2026-03-22 17:32:02] ADS value: 0.00
[2026-03-22 17:32:02] Ver: 1
[2026-03-22 17:32:06] [SIM4G] CMD: AT+CGATT?
[2026-03-22 17:32:07] [SIM4G] RSP: AT+CGATT? | +CGATT: 1 | OK |
[2026-03-22 17:32:15] [SIM4G] CMD: AT+CGPADDR=1
[2026-03-22 17:32:16] [SIM4G] RSP: AT+CGPADDR=1 | +CGPADDR: 1,'10.44.15.51' | OK |
[2026-03-22 17:32:25] [SIM4G] CMD: AT+CSQ
[2026-03-22 17:32:27] [SIM4G] RSP: AT+CSQ | +CSQ: 15,99 | OK |
[2026-03-22 17:32:36] [SIM4G] CMD: AT+CEREG?
[2026-03-22 17:32:42] [SIM4G] RSP: AT+CEREG? | +CEREG: 0,5 | OK |
[2026-03-22 17:32:44] [SIM4G] CMD: AT+CGREG?
[2026-03-22 17:32:45] [SIM4G] RSP: AT+CGREG? | +CGREG: 0,5 | OK |
[2026-03-22 17:32:52] [SIM4G] CMD: AT+CGATT?
[2026-03-22 17:32:53] [SIM4G] RSP: AT+CGATT? | +CGATT: 1 | OK |
[2026-03-22 17:33:00] [SIM4G] CMD: AT+CGPADDR=1
[2026-03-22 17:33:01] [SIM4G] RSP: AT+CGPADDR=1 | +CGPADDR: 1,'10.44.15.51' | OK |
[2026-03-22 17:33:05] ADS value: 0.00
[2026-03-22 17:33:05] Ver: 1
[2026-03-22 17:33:14] [SIM4G] CMD: AT+CEREG?
[2026-03-22 17:33:15] [SIM4G] RSP: AT+CEREG? | +CEREG: 0,5 | OK |
[2026-03-22 17:33:22] [SIM4G] CMD: AT+CGREG?
[2026-03-22 17:33:23] [SIM4G] RSP: AT+CGREG? | +CGREG: 0,5 | OK |
[2026-03-22 17:33:33] [SIM4G] CMD: AT+CGATT?
[2026-03-22 17:33:33] [SIM4G] RSP: AT+CGATT? | +CGATT: 1 | OK |
[2026-03-22 17:33:38] [SIM4G] CMD: AT+CGPADDR=1
[2026-03-22 17:33:39] [SIM4G] RSP: AT+CGPADDR=1 | +CGPADDR: 1,'10.44.15.51' | OK |
[2026-03-22 17:33:45] [SIM4G] CMD: AT+CSQ
[2026-03-22 17:33:46] [SIM4G] RSP: AT+CSQ | +CSQ: 15,99 | OK |
[2026-03-22 17:33:53] [SIM4G] CMD: AT+CEREG?
[2026-03-22 17:33:55] [SIM4G] RSP: AT+CEREG? | +CEREG: 0,5 | OK |
[2026-03-22 17:34:01] [SIM4G] CMD: AT+CGREG?
[2026-03-22 17:34:02] [SIM4G] RSP: AT+CGREG? | +CGREG: 0,5 | OK |
[2026-03-22 17:34:06] ADS value: 0.00
[2026-03-22 17:34:06] Ver: 1
[2026-03-22 17:34:15] [SIM4G] CMD: AT+CGPADDR=1
[2026-03-22 17:34:16] [SIM4G] RSP: AT+CGPADDR=1 | +CGPADDR: 1,'10.44.15.51' | OK |
[2026-03-22 17:34:23] [SIM4G] CMD: AT+CSQ
[2026-03-22 17:34:24] [SIM4G] RSP: AT+CSQ | +CSQ: 15,99 | OK |
[2026-03-22 17:34:31] [SIM4G] CMD: AT+CEREG?
[2026-03-22 17:34:32] [SIM4G] RSP: AT+CEREG? | +CEREG: 0,5 | OK |
[2026-03-22 17:34:39] [SIM4G] CMD: AT+CGREG?
[2026-03-22 17:34:40] [SIM4G] RSP: AT+CGREG? | +CGREG: 0,5 | OK |
[2026-03-22 17:34:47] [SIM4G] CMD: AT+CGATT?
[2026-03-22 17:34:49] [SIM4G] RSP: AT+CGATT? | +CGATT: 1 | OK |
[2026-03-22 17:34:55] [SIM4G] CMD: AT+CGPADDR=1
[2026-03-22 17:34:56] [SIM4G] RSP: AT+CGPADDR=1 | +CGPADDR: 1,'10.44.15.51' | OK |
[2026-03-22 17:35:04] [SIM4G] CMD: AT+CSQ
[2026-03-22 17:35:05] [SIM4G] RSP: AT+CSQ | +CSQ: 15,99 | OK |
[2026-03-22 17:35:07] ADS value: 0.00
[2026-03-22 17:35:07] Ver: 1
[2026-03-22 17:35:11] [SIM4G] CMD: AT+CEREG?
[2026-03-22 17:35:12] [SIM4G] RSP: AT+CEREG? | +CEREG: 0,5 | OK |
[2026-03-22 17:35:19] [SIM4G] CMD: AT+CGREG?
[2026-03-22 17:35:24] [SIM4G] RSP: AT+CGREG? | +CGREG: 0,5 | OK |
[2026-03-22 17:35:31] [SIM4G] CMD: AT+CGATT?
[2026-03-22 17:35:38] [SIM4G] RSP: AT+CGATT? | +CGATT: 1 | OK |
[2026-03-22 17:35:40] [SIM4G] CMD: AT+CGPADDR=1
[2026-03-22 17:35:41] [SIM4G] RSP: AT+CGPADDR=1 | +CGPADDR: 1,'10.44.15.51' | OK |
[2026-03-22 17:35:47] [SIM4G] CMD: AT+CSQ
[2026-03-22 17:35:49] [SIM4G] RSP: AT+CSQ | +CSQ: 15,99 | OK |
[2026-03-22 17:35:55] [SIM4G] CMD: AT+CEREG?
[2026-03-22 17:35:56] [SIM4G] RSP: AT+CEREG? | +CEREG: 0,5 | OK |
[2026-03-22 17:36:02] [SIM4G] CMD: AT+CGREG?
[2026-03-22 17:36:04] [SIM4G] RSP: AT+CGREG? | +CGREG: 0,5 | OK |
[2026-03-22 17:36:09] ADS value: 0.00
[2026-03-22 17:36:10] Ver: 1
[2026-03-22 17:36:26] [SIM4G] CMD: AT+CSQ
[2026-03-22 17:36:27] [SIM4G] RSP: AT+CSQ | +CSQ: 15,99 | OK |
[2026-03-22 17:36:33] [SIM4G] CMD: AT+CEREG?
[2026-03-22 17:36:34] [SIM4G] RSP: AT+CEREG? | +CEREG: 0,5 | OK |
[2026-03-22 17:36:41] [SIM4G] CMD: AT+CGREG?
[2026-03-22 17:36:42] [SIM4G] RSP: AT+CGREG? | +CGREG: 0,5 | OK |
[2026-03-22 17:36:48] [SIM4G] CMD: AT+CGATT?
[2026-03-22 17:36:49] [SIM4G] RSP: AT+CGATT? | +CGATT: 1 | OK |
[2026-03-22 17:36:56] [SIM4G] CMD: AT+CGPADDR=1
[2026-03-22 17:36:57] [SIM4G] RSP: AT+CGPADDR=1 | +CGPADDR: 1,'10.44.15.51' | OK |
[2026-03-22 17:37:37] [SIM4G] RSP: AT+CSQ | +CSQ: 15,99 | OK |
[2026-03-22 17:37:37] ADS value: 0.00
[2026-03-22 17:37:42] [SIM4G] CMD: AT+CGATT?
[2026-03-22 17:37:42] [SIM4G] RSP: AT+CGATT? | +CGATT: 1 | OK |
[2026-03-22 17:37:42] [SIM4G] CMD: AT+CGPADDR=1
[2026-03-22 17:37:42] [SIM4G] RSP: AT+CGPADDR=1 | +CGPADDR: 1,'10.44.15.51' | OK |
[2026-03-22 17:37:48] [SIM4G] CMD: AT+CSQ
[2026-03-22 17:37:49] [SIM4G] RSP: AT+CSQ | +CSQ: 15,99 | OK |
[2026-03-22 17:37:55] [SIM4G] CMD: AT+CEREG?
[2026-03-22 17:37:56] [SIM4G] RSP: AT+CEREG? | +CEREG: 0,5 | OK |
[2026-03-22 17:38:04] [SIM4G] CMD: AT+CGREG?
[2026-03-22 17:38:15] [SIM4G] RSP: AT+CGREG? | +CGREG: 0,5 | OK |
[2026-03-22 17:38:41] [SIM4G] CMD: AT+CGATT?
[2026-03-22 17:38:41] [SIM4G] RSP: AT+CGATT? | +CGATT: 1 | OK |
[2026-03-22 17:38:41] ADS value: 0.00
[2026-03-22 17:38:47] [SIM4G] CMD: AT+CSQ
[2026-03-22 17:38:47] [SIM4G] CMD: AT+CEREG?
[2026-03-22 17:38:47] [SIM4G] RSP: AT+CEREG? | +CEREG: 0,5 | OK |
[2026-03-22 17:38:51] [SIM4G] CMD: AT+CGREG?
[2026-03-22 17:38:52] [SIM4G] RSP: AT+CGREG? | +CGREG: 0,5 | OK |
[2026-03-22 17:38:59] [SIM4G] CMD: AT+CGATT?
[2026-03-22 17:39:00] [SIM4G] RSP: AT+CGATT? | +CGATT: 1 | OK |
[2026-03-22 17:39:07] [SIM4G] CMD: AT+CGPADDR=1
[2026-03-22 17:39:08] [SIM4G] RSP: AT+CGPADDR=1 | +CGPADDR: 1,'10.44.15.51' | OK |
[2026-03-22 17:39:14] [SIM4G] CMD: AT+CSQ
[2026-03-22 17:39:15] [SIM4G] RSP: AT+CSQ | +CSQ: 14,99 | OK |
[2026-03-22 17:39:18] ADS value: 0.00
[2026-03-22 17:39:18] Ver: 1
[2026-03-22 17:39:22] [SIM4G] CMD: AT+CEREG?
[2026-03-22 17:39:23] [SIM4G] RSP: AT+CEREG? | +CEREG: 0,5 | OK |
[2026-03-22 17:39:30] [SIM4G] CMD: AT+CGREG?
[2026-03-22 17:39:31] [SIM4G] RSP: AT+CGREG? | +CGREG: 0,5 | OK |
[2026-03-22 17:39:37] [SIM4G] CMD: AT+CGATT?
[2026-03-22 17:39:39] [SIM4G] RSP: AT+CGATT? | +CGATT: 1 | OK |
[2026-03-22 17:39:45] [SIM4G] CMD: AT+CGPADDR=1
[2026-03-22 17:39:46] [SIM4G] RSP: AT+CGPADDR=1 | +CGPADDR: 1,'10.44.15.51' | OK |
[2026-03-22 17:39:52] [SIM4G] CMD: AT+CSQ
[2026-03-22 17:39:53] [SIM4G] RSP: AT+CSQ | +CSQ: 16,99 | OK |
[2026-03-22 17:40:00] [SIM4G] CMD: AT+CEREG?
[2026-03-22 17:40:01] [SIM4G] RSP: AT+CEREG? | +CEREG: 0,5 | OK |
[2026-03-22 17:40:07] [SIM4G] CMD: AT+CGREG?
[2026-03-22 17:40:08] [SIM4G] RSP: AT+CGREG? | +CGREG: 0,5 | OK |
[2026-03-22 17:40:15] [SIM4G] CMD: AT+CGATT?
[2026-03-22 17:40:16] [SIM4G] RSP: AT+CGATT? | +CGATT: 1 | OK |
[2026-03-22 17:40:19] ADS value: 0.00
[2026-03-22 17:40:20] Ver: 1
[2026-03-22 17:41:38] [SIM4G] Starting non-blocking modem init
[2026-03-22 17:41:48] [SIM4G] CMD: AT
[2026-03-22 17:41:48] [SIM4G] RSP: AT | OK |
[2026-03-22 17:41:48] [SIM4G] CMD: AT+CMEE=2
[2026-03-22 17:41:50] [SIM4G] RSP: AT+CMEE=2 | OK |
[2026-03-22 17:41:53] [SIM4G] CMD: AT+CFUN=1
[2026-03-22 17:41:54] [SIM4G] RSP: AT+CFUN=1 | OK |
[2026-03-22 17:41:55] [SIM4G] CMD: AT+CPIN?
[2026-03-22 17:41:56] [SIM4G] RSP: AT+CPIN? | +CPIN: READY | OK |
[2026-03-22 17:46:19] [SIM4G] SIM4G ready: registered + attached + IP="10.46.202.240"
[2026-03-22 17:46:20] [SIM4G] URC: +QHTTPREAD: 0
[2026-03-22 17:46:20] [SIM4G] RSP: AT+CEREG? | +CEREG: 0,5 | OK |
[2026-03-22 17:46:21] [SIM4G] STATE csq=-1 dbm=-999 cgreg=-1 cereg=5 cgatt=-1 ip="10.46.202.240"
[2026-03-22 17:46:22] [SIM4G] URC: +QHTTPREAD: 0
[2026-03-22 17:46:24] [SIM4G] URC: +QHTTPREAD: 0
[2026-03-22 17:46:28] [SIM4G] RSP: AT+CGREG? | +CGREG: 0,5 | OK |
[2026-03-22 17:46:29] [SIM4G] STATE csq=-1 dbm=-999 cgreg=5 cereg=5 cgatt=-1 ip="10.46.202.240"
[2026-03-22 17:46:29] [SIM4G] URC: +QHTTPREAD: 0
[2026-03-22 17:46:30] [SIM4G] URC: +QHTTPREAD: 0
[2026-03-22 17:46:31] [SIM4G] URC: +QHTTPREAD: 0
[2026-03-22 17:46:31] [SIM4G] URC: +QHTTPREAD: 0
[2026-03-22 17:46:32] [SIM4G] URC: +QHTTPREAD: 0
[2026-03-22 17:46:32] [SIM4G] URC: +QHTTPREAD: 0
[2026-03-22 17:46:33] [SIM4G] URC: +QHTTPREAD: 0
[2026-03-22 17:46:34] [SIM4G] URC: +QHTTPREAD: 0
[2026-03-22 17:46:34] [SIM4G] RSP: AT+CGATT? | +CGATT: 1 | OK |
[2026-03-22 17:46:41] [SIM4G] RSP: AT+CGPADDR=1 | +CGPADDR: 1,'10.46.202.240' | OK |
[2026-03-22 17:46:42] [SIM4G] STATE csq=-1 dbm=-999 cgreg=5 cereg=5 cgatt=1 ip="10.46.202.240"
[2026-03-22 17:46:42] [SIM4G] URC: +QHTTPREAD: 0
[2026-03-22 17:46:43] [SIM4G] URC: +QHTTPREAD: 0
[2026-03-22 17:46:44] [SIM4G] URC: +QHTTPREAD: 0
[2026-03-22 17:46:44] [SIM4G] URC: +QHTTPREAD: 0
[2026-03-22 17:46:45] [SIM4G] URC: +QHTTPREAD: 0
[2026-03-22 17:46:45] [SIM4G] URC: +QHTTPREAD: 0
[2026-03-22 17:46:46] [SIM4G] URC: +QHTTPREAD: 0
[2026-03-22 17:46:47] [SIM4G] URC: +QHTTPREAD: 0
[2026-03-22 17:46:47] [SIM4G] URC: +QHTTPREAD: 0
[2026-03-22 17:46:48] [SIM4G] URC: +QHTTPREAD: 0
[2026-03-22 17:46:48] [SIM4G] RSP: AT+CSQ | +CSQ: 23,99 | OK |
[2026-03-22 17:46:49] [SIM4G] STATE csq=23 dbm=-67 cgreg=5 cereg=5 cgatt=1 ip="10.46.202.240"
[2026-03-22 17:46:49] [SIM4G] URC: +QHTTPREAD: 0
[2026-03-22 17:46:50] [SIM4G] URC: +QHTTPREAD: 0
[2026-03-22 17:46:51] [SIM4G] URC: +QHTTPREAD: 0
[2026-03-22 17:46:51] [SIM4G] URC: +QHTTPREAD: 0
[2026-03-22 17:46:52] [SIM4G] URC: +QHTTPREAD: 0
[2026-03-22 17:46:53] [SIM4G] URC: +QHTTPREAD: 0
[2026-03-22 17:46:53] [SIM4G] URC: +QHTTPREAD: 0
[2026-03-22 17:46:54] [SIM4G] URC: +QHTTPREAD: 0
[2026-03-22 17:46:54] [SIM4G] URC: +QHTTPREAD: 0
[2026-03-22 17:46:55] [SIM4G] URC: +QHTTPREAD: 0
[2026-03-22 17:46:55] [SIM4G] RSP: AT+CEREG? | +CEREG: 0,5 | OK |
[2026-03-22 17:46:56] [SIM4G] STATE csq=23 dbm=-67 cgreg=5 cereg=5 cgatt=1 ip="10.46.202.240"
[2026-03-22 17:46:57] [SIM4G] URC: +QHTTPREAD: 0
[2026-03-22 17:46:57] [SIM4G] URC: +QHTTPREAD: 0
[2026-03-22 17:46:58] [SIM4G] URC: +QHTTPREAD: 0
[2026-03-22 17:46:58] [SIM4G] URC: +QHTTPREAD: 0
[2026-03-22 17:46:59] [SIM4G] URC: +QHTTPREAD: 0
[2026-03-22 17:47:00] [SIM4G] URC: +QHTTPREAD: 0
[2026-03-22 17:47:00] [SIM4G] URC: +QHTTPREAD: 0
[2026-03-22 17:47:01] [SIM4G] URC: +QHTTPREAD: 0
[2026-03-22 17:47:02] [SIM4G] URC: +QHTTPREAD: 0
[2026-03-22 17:47:02] [SIM4G] URC: +QHTTPREAD: 0
[2026-03-22 17:47:03] [SIM4G] RSP: AT+CGREG? | +CGREG: 0,5 | OK |
[2026-03-22 17:47:03] [SIM4G] STATE csq=23 dbm=-67 cgreg=5 cereg=5 cgatt=1 ip="10.46.202.240"
[2026-03-22 17:47:04] [SIM4G] URC: +QHTTPREAD: 0
[2026-03-22 17:47:04] ADS value: 0.00
[2026-03-22 17:47:05] Ver: 1
[2026-03-22 17:47:05] [SIM4G] URC: +QHTTPREAD: 0
[2026-03-22 17:47:06] [SIM4G] URC: +QHTTPREAD: 0
[2026-03-22 17:47:07] [SIM4G] URC: +QHTTPREAD: 0
[2026-03-22 17:47:07] [SIM4G] URC: +QHTTPREAD: 0
[2026-03-22 17:47:08] [SIM4G] URC: +QHTTPREAD: 0
[2026-03-22 17:47:09] [SIM4G] URC: +QHTTPREAD: 0
[2026-03-22 17:47:10] [SIM4G] RSP: AT+CGATT? | +CGATT: 1 | OK |
[2026-03-22 17:47:10] [SIM4G] STATE csq=23 dbm=-67 cgreg=5 cereg=5 cgatt=1 ip="10.46.202.240"
[2026-03-22 17:47:11] [SIM4G] URC: +QHTTPREAD: 0
[2026-03-22 17:47:12] [SIM4G] URC: +QHTTPREAD: 0
[2026-03-22 17:47:12] [SIM4G] URC: +QHTTPREAD: 0
[2026-03-22 17:47:13] [SIM4G] URC: +QHTTPREAD: 0
[2026-03-22 17:47:13] [SIM4G] URC: +QHTTPREAD: 0
[2026-03-22 17:47:14] [SIM4G] URC: +QHTTPREAD: 0
[2026-03-22 17:47:15] [SIM4G] URC: +QHTTPREAD: 0
[2026-03-22 17:47:15] [SIM4G] URC: +QHTTPREAD: 0
[2026-03-22 17:47:16] [SIM4G] URC: +QHTTPREAD: 0
[2026-03-22 17:47:16] [SIM4G] URC: +QHTTPREAD: 0
[2026-03-22 17:47:17] [SIM4G] RSP: AT+CGPADDR=1 | +CGPADDR: 1,'10.46.202.240' | OK |
[2026-03-22 17:47:17] [SIM4G] STATE csq=23 dbm=-67 cgreg=5 cereg=5 cgatt=1 ip="10.46.202.240"
[2026-03-22 17:47:18] [SIM4G] URC: +QHTTPREAD: 0
[2026-03-22 17:47:19] [SIM4G] URC: +QHTTPREAD: 0
[2026-03-22 17:47:19] [SIM4G] URC: +QHTTPREAD: 0
[2026-03-22 17:47:20] [SIM4G] URC: +QHTTPREAD: 0
[2026-03-22 17:47:21] [SIM4G] URC: +QHTTPREAD: 0
[2026-03-22 17:47:21] [SIM4G] URC: +QHTTPREAD: 0
[2026-03-22 17:47:22] [SIM4G] URC: +QHTTPREAD: 0
[2026-03-22 17:47:22] [SIM4G] URC: +QHTTPREAD: 0
[2026-03-22 17:47:23] [SIM4G] URC: +QHTTPREAD: 0
[2026-03-22 17:47:24] [SIM4G] URC: +QHTTPREAD: 0
[2026-03-22 17:47:24] [SIM4G] RSP: AT+CSQ | +CSQ: 23,99 | OK |
[2026-03-22 17:47:25] [SIM4G] STATE csq=23 dbm=-67 cgreg=5 cereg=5 cgatt=1 ip="10.46.202.240"
[2026-03-22 17:47:25] [SIM4G] URC: +QHTTPREAD: 0
[2026-03-22 17:47:26] [SIM4G] URC: +QHTTPREAD: 0
[2026-03-22 17:47:27] [SIM4G] URC: +QHTTPREAD: 0
[2026-03-22 17:47:27] [SIM4G] URC: +QHTTPREAD: 0
[2026-03-22 17:47:28] [SIM4G] URC: +QHTTPREAD: 0
[2026-03-22 17:47:28] [SIM4G] URC: +QHTTPREAD: 0
[2026-03-22 17:47:29] [SIM4G] URC: +QHTTPREAD: 0
[2026-03-22 17:47:30] [SIM4G] URC: +QHTTPREAD: 0
[2026-03-22 17:47:30] [SIM4G] URC: +QHTTPREAD: 0
[2026-03-22 17:47:31] [SIM4G] URC: +QHTTPREAD: 0
[2026-03-22 17:47:31] [SIM4G] RSP: AT+CEREG? | +CEREG: 0,5 | OK |
[2026-03-22 17:47:32] [SIM4G] STATE csq=23 dbm=-67 cgreg=5 cereg=5 cgatt=1 ip="10.46.202.240"
[2026-03-22 17:47:32] [SIM4G] URC: +QHTTPREAD: 0
[2026-03-22 17:47:33] [SIM4G] URC: +QHTTPREAD: 0
[2026-03-22 17:47:34] [SIM4G] URC: +QHTTPREAD: 0
[2026-03-22 17:47:34] [SIM4G] URC: +QHTTPREAD: 0
[2026-03-22 17:47:35] [SIM4G] URC: +QHTTPREAD: 0
[2026-03-22 17:47:36] [SIM4G] URC: +QHTTPREAD: 0
[2026-03-22 17:49:55] [SIM4G] SIM4G ready: registered + attached + IP="10.59.253.131"
[2026-03-22 17:49:55] [SIM4G] URC: +QHTTPREAD: 0
[2026-03-22 17:49:56] [SIM4G] URC: +QHTTPREAD: 0
[2026-03-22 17:49:57] [SIM4G] RSP: AT+CGREG? | +CGREG: 0,1 | OK |
[2026-03-22 17:49:57] [SIM4G] STATE csq=31 dbm=-51 cgreg=1 cereg=1 cgatt=-1 ip="10.59.253.131"
[2026-03-22 17:51:13] [SIM4G] SIM4G ready: registered + attached + IP="10.64.103.148"
[2026-03-22 17:51:14] [SIM4G] URC: +QHTTPREAD: 0
[2026-03-22 17:51:20] [SIM4G] RSP: AT+CSQ | +CSQ: 23,99 | OK |
[2026-03-22 17:51:20] [SIM4G] STATE csq=23 dbm=-67 cgreg=-1 cereg=1 cgatt=-1 ip="10.64.103.148"
[2026-03-22 17:51:21] [SIM4G] URC: +QHTTPREAD: 0
[2026-03-22 17:51:22] [SIM4G] URC: +QHTTPREAD: 0
[2026-03-22 17:51:22] [SIM4G] URC: +QHTTPREAD: 0
[2026-03-22 17:51:23] [SIM4G] URC: +QHTTPREAD: 0
[2026-03-22 17:51:23] [SIM4G] URC: +QHTTPREAD: 0
[2026-03-22 17:51:24] [SIM4G] URC: +QHTTPREAD: 0
[2026-03-22 17:51:25] [SIM4G] URC: +QHTTPREAD: 0
[2026-03-22 17:51:25] [SIM4G] URC: +QHTTPREAD: 0
[2026-03-22 17:51:26] [SIM4G] URC: +QHTTPREAD: 0
[2026-03-22 17:51:27] [SIM4G] RSP: AT+CEREG? | +CEREG: 0,5 | OK |
[2026-03-22 17:51:27] [SIM4G] STATE csq=23 dbm=-67 cgreg=-1 cereg=5 cgatt=-1 ip="10.64.103.148"
[2026-03-22 17:51:28] [SIM4G] URC: +QHTTPREAD: 0
[2026-03-22 17:51:28] [SIM4G] URC: +QHTTPREAD: 0
[2026-03-22 17:51:29] [SIM4G] URC: +QHTTPREAD: 0
[2026-03-22 17:51:30] [SIM4G] URC: +QHTTPREAD: 0
[2026-03-22 17:51:30] [SIM4G] URC: +QHTTPREAD: 0
[2026-03-22 17:51:31] [SIM4G] URC: +QHTTPREAD: 0
[2026-03-22 17:51:32] [SIM4G] URC: +QHTTPREAD: 0
[2026-03-22 17:51:32] [SIM4G] URC: +QHTTPREAD: 0
[2026-03-22 17:51:33] [SIM4G] URC: +QHTTPREAD: 0
[2026-03-22 17:51:34] [SIM4G] RSP: AT+CGREG? | +CGREG: 0,5 | OK |
[2026-03-22 17:51:34] [SIM4G] STATE csq=23 dbm=-67 cgreg=5 cereg=5 cgatt=-1 ip="10.64.103.148"
[2026-03-22 17:51:35] [SIM4G] URC: +QHTTPREAD: 0
[2026-03-22 17:51:35] [SIM4G] URC: +QHTTPREAD: 0
[2026-03-22 17:51:36] [SIM4G] URC: +QHTTPREAD: 0
[2026-03-22 17:51:37] [SIM4G] URC: +QHTTPREAD: 0
[2026-03-22 17:51:37] [SIM4G] URC: +QHTTPREAD: 0
[2026-03-22 17:51:38] [SIM4G] URC: +QHTTPREAD: 0
[2026-03-22 17:51:39] [SIM4G] URC: +QHTTPREAD: 0
[2026-03-22 17:51:39] [SIM4G] URC: +QHTTPREAD: 0
[2026-03-22 17:51:40] [SIM4G] URC: +QHTTPREAD: 0
[2026-03-22 17:51:40] [SIM4G] URC: +QHTTPREAD: 0
[2026-03-22 17:51:41] [SIM4G] RSP: AT+CGATT? | +CGATT: 1 | OK |
[2026-03-22 17:51:41] [SIM4G] STATE csq=23 dbm=-67 cgreg=5 cereg=5 cgatt=1 ip="10.64.103.148"
[2026-03-22 17:51:42] [SIM4G] URC: +QHTTPREAD: 0
[2026-03-22 17:51:43] [SIM4G] URC: +QHTTPREAD: 0
[2026-03-22 17:51:43] [SIM4G] URC: +QHTTPREAD: 0
[2026-03-22 17:51:44] [SIM4G] URC: +QHTTPREAD: 0
[2026-03-22 17:51:45] [SIM4G] URC: +QHTTPREAD: 0
[2026-03-22 17:51:45] [SIM4G] URC: +QHTTPREAD: 0
[2026-03-22 17:51:46] [SIM4G] URC: +QHTTPREAD: 0
[2026-03-22 17:51:47] [SIM4G] URC: +QHTTPREAD: 0
[2026-03-22 17:51:47] [SIM4G] URC: +QHTTPREAD: 0
[2026-03-22 17:51:48] [SIM4G] URC: +QHTTPREAD: 0
[2026-03-22 17:51:48] [SIM4G] RSP: AT+CGPADDR=1 | +CGPADDR: 1,'10.64.103.148' | OK |
[2026-03-22 17:51:49] [SIM4G] STATE csq=23 dbm=-67 cgreg=5 cereg=5 cgatt=1 ip="10.64.103.148"
[2026-03-22 17:51:49] [SIM4G] URC: +QHTTPREAD: 0
[2026-03-22 17:52:25] [SIM4G] SIM4G ready: registered + attached + IP="10.67.245.107"
[2026-03-22 17:52:26] [SIM4G] URC: +QHTTPREAD: 0
[2026-03-22 17:52:26] [SIM4G] URC: +QHTTPREAD: 0
[2026-03-22 17:52:27] [SIM4G] URC: +QHTTPREAD: 0
[2026-03-22 17:52:27] [SIM4G] RSP: AT+CSQ | +CSQ: 24,99 | OK |
[2026-03-22 17:52:50] [SIM4G] SIM4G ready: registered + attached + IP="10.68.182.38"
[2026-03-22 17:52:50] [SIM4G] URC: +QHTTPREAD: 0
[2026-03-22 17:52:51] [SIM4G] RSP: AT+CGREG? | +CGREG: 0,5 | OK |
[2026-03-22 17:52:51] [SIM4G] STATE csq=24 dbm=-65 cgreg=5 cereg=5 cgatt=-1 ip="10.68.182.38"
[2026-03-22 17:52:52] [SIM4G] URC: +QHTTPREAD: 0
[2026-03-22 17:52:54] [SIM4G] URC: +QHTTPREAD: 0
[2026-03-22 17:52:54] [SIM4G] URC: +QHTTPREAD: 0
[2026-03-22 17:52:55] [SIM4G] URC: +QHTTPREAD: 0
[2026-03-22 17:52:56] [SIM4G] URC: +QHTTPREAD: 0
[2026-03-22 17:52:56] ADS value: 0.00
[2026-03-22 17:52:57] Ver: 1
[2026-03-22 17:52:57] [SIM4G] URC: +QHTTPREAD: 0
[2026-03-22 17:52:58] [SIM4G] RSP: AT+CGATT? | +CGATT: 1 | OK |
[2026-03-22 17:52:59] [SIM4G] STATE csq=24 dbm=-65 cgreg=5 cereg=5 cgatt=1 ip="10.68.182.38"
[2026-03-22 17:52:59] [SIM4G] URC: +QHTTPREAD: 0
[2026-03-22 17:53:00] [SIM4G] URC: +QHTTPREAD: 0
[2026-03-22 17:53:01] [SIM4G] URC: +QHTTPREAD: 0
[2026-03-22 17:53:01] [SIM4G] URC: +QHTTPREAD: 0
[2026-03-22 17:53:02] [SIM4G] URC: +QHTTPREAD: 0
[2026-03-22 17:53:03] [SIM4G] URC: +QHTTPREAD: 0
[2026-03-22 17:53:03] [SIM4G] URC: +QHTTPREAD: 0
[2026-03-22 17:53:04] [SIM4G] URC: +QHTTPREAD: 0
[2026-03-22 17:53:05] [SIM4G] URC: +QHTTPREAD: 0
[2026-03-22 17:53:05] [SIM4G] RSP: AT+CGPADDR=1 | +CGPADDR: 1,'10.68.182.38' | OK |
[2026-03-22 17:53:06] [SIM4G] STATE csq=24 dbm=-65 cgreg=5 cereg=5 cgatt=1 ip="10.68.182.38"
[2026-03-22 17:53:06] [SIM4G] URC: +QHTTPREAD: 0
[2026-03-22 17:53:07] [SIM4G] URC: +QHTTPREAD: 0
[2026-03-22 17:53:07] [SIM4G] URC: +QHTTPREAD: 0
[2026-03-22 17:53:08] [SIM4G] URC: +QHTTPREAD: 0
[2026-03-22 17:53:09] [SIM4G] URC: +QHTTPREAD: 0
[2026-03-22 17:53:11] [SIM4G] URC: +QHTTPREAD: 0
[2026-03-22 17:53:12] [SIM4G] URC: +QHTTPREAD: 0
[2026-03-22 17:53:12] [SIM4G] RSP: AT+CSQ | +CSQ: 23,99 | OK |
[2026-03-22 17:53:13] [SIM4G] STATE csq=23 dbm=-67 cgreg=5 cereg=5 cgatt=1 ip="10.68.182.38"
[2026-03-22 17:53:14] [SIM4G] URC: +QHTTPREAD: 0
[2026-03-22 17:53:14] [SIM4G] URC: +QHTTPREAD: 0
[2026-03-22 17:53:15] [SIM4G] URC: +QHTTPREAD: 0
[2026-03-22 17:53:16] [SIM4G] URC: +QHTTPREAD: 0
[2026-03-22 17:53:17] [SIM4G] URC: +QHTTPREAD: 0
[2026-03-22 17:53:18] [SIM4G] URC: +QHTTPREAD: 0
[2026-03-22 17:53:19] [SIM4G] URC: +QHTTPREAD: 0
[2026-03-22 17:53:19] [SIM4G] RSP: AT+CEREG? | +CEREG: 0,5 | OK |
[2026-03-22 17:53:20] [SIM4G] STATE csq=23 dbm=-67 cgreg=5 cereg=5 cgatt=1 ip="10.68.182.38"
[2026-03-22 17:53:21] [SIM4G] URC: +QHTTPREAD: 0
[2026-03-22 17:53:22] [SIM4G] URC: +QHTTPREAD: 0
[2026-03-22 17:53:23] [SIM4G] URC: +QHTTPREAD: 0
[2026-03-22 17:53:24] [SIM4G] URC: +QHTTPREAD: 0
[2026-03-22 17:53:25] [SIM4G] URC: +QHTTPREAD: 0
[2026-03-22 17:53:25] [SIM4G] URC: +QHTTPREAD: 0
[2026-03-22 17:53:26] [SIM4G] URC: +QHTTPREAD: 0
[2026-03-22 17:53:26] [SIM4G] RSP: AT+CGREG? | +CGREG: 0,5 | OK |
[2026-03-22 17:53:27] [SIM4G] STATE csq=23 dbm=-67 cgreg=5 cereg=5 cgatt=1 ip="10.68.182.38"
[2026-03-22 17:53:28] [SIM4G] URC: +QHTTPREAD: 0
[2026-03-22 17:53:28] [SIM4G] URC: +QHTTPREAD: 0
[2026-03-22 17:53:29] [SIM4G] URC: +QHTTPREAD: 0
[2026-03-22 17:53:29] [SIM4G] URC: +QHTTPREAD: 0
[2026-03-22 17:53:30] [SIM4G] URC: +QHTTPREAD: 0
[2026-03-22 17:53:31] [SIM4G] URC: +QHTTPREAD: 0
[2026-03-22 17:53:31] [SIM4G] URC: +QHTTPREAD: 0
[2026-03-22 17:53:32] [SIM4G] URC: +QHTTPREAD: 0
[2026-03-22 17:53:33] [SIM4G] URC: +QHTTPREAD: 0
[2026-03-22 17:53:33] [SIM4G] RSP: AT+CGATT? | +CGATT: 1 | OK |
[2026-03-22 17:53:34] [SIM4G] STATE csq=23 dbm=-67 cgreg=5 cereg=5 cgatt=1 ip="10.68.182.38"
[2026-03-22 17:53:34] [SIM4G] URC: +QHTTPREAD: 0
[2026-03-22 17:53:35] [SIM4G] URC: +QHTTPREAD: 0
[2026-03-22 17:53:36] [SIM4G] URC: +QHTTPREAD: 0
[2026-03-22 17:53:36] [SIM4G] URC: +QHTTPREAD: 0
[2026-03-22 17:53:37] [SIM4G] URC: +QHTTPREAD: 0
[2026-03-22 17:53:37] [SIM4G] URC: +QHTTPREAD: 0
[2026-03-22 17:53:38] [SIM4G] URC: +QHTTPREAD: 0
[2026-03-22 17:53:39] [SIM4G] URC: +QHTTPREAD: 0
[2026-03-22 17:53:39] [SIM4G] URC: +QHTTPREAD: 0
[2026-03-22 17:53:40] [SIM4G] URC: +QHTTPREAD: 0
[2026-03-22 17:53:41] [SIM4G] RSP: AT+CGPADDR=1 | +CGPADDR: 1,'10.68.182.38' | OK |
[2026-03-22 17:53:41] [SIM4G] STATE csq=23 dbm=-67 cgreg=5 cereg=5 cgatt=1 ip="10.68.182.38"
[2026-03-22 17:53:42] [SIM4G] URC: +QHTTPREAD: 0
[2026-03-22 17:53:42] [SIM4G] URC: +QHTTPREAD: 0
[2026-03-22 17:53:43] [SIM4G] URC: +QHTTPREAD: 0
[2026-03-22 17:53:44] [SIM4G] URC: +QHTTPREAD: 0
[2026-03-22 17:53:44] [SIM4G] URC: +QHTTPREAD: 0
[2026-03-22 17:53:45] [SIM4G] URC: +QHTTPREAD: 0
[2026-03-22 17:53:46] [SIM4G] URC: +QHTTPREAD: 0
[2026-03-22 17:53:46] [SIM4G] URC: +QHTTPREAD: 0
[2026-03-22 17:53:47] [SIM4G] URC: +QHTTPREAD: 0
[2026-03-22 17:53:47] [SIM4G] URC: +QHTTPREAD: 0
[2026-03-22 17:53:48] [SIM4G] RSP: AT+CSQ | +CSQ: 23,99 | OK |
[2026-03-22 17:53:49] [SIM4G] STATE csq=23 dbm=-67 cgreg=5 cereg=5 cgatt=1 ip="10.68.182.38"
[2026-03-22 17:53:49] [SIM4G] URC: +QHTTPREAD: 0
[2026-03-22 17:53:50] [SIM4G] URC: +QHTTPREAD: 0
[2026-03-22 17:53:50] [SIM4G] URC: +QHTTPREAD: 0
[2026-03-22 17:53:51] [SIM4G] URC: +QHTTPREAD: 0
[2026-03-22 17:53:52] [SIM4G] URC: +QHTTPREAD: 0
[2026-03-22 17:53:52] [SIM4G] URC: +QHTTPREAD: 0
[2026-03-22 17:53:53] [SIM4G] URC: +QHTTPREAD: 0
[2026-03-22 17:53:54] [SIM4G] URC: +QHTTPREAD: 0
[2026-03-22 17:53:54] [SIM4G] URC: +QHTTPREAD: 0
[2026-03-22 17:53:55] [SIM4G] URC: +QHTTPREAD: 0
[2026-03-22 17:53:55] [SIM4G] RSP: AT+CEREG? | +CEREG: 0,5 | OK |
[2026-03-22 17:53:56] [SIM4G] STATE csq=23 dbm=-67 cgreg=5 cereg=5 cgatt=1 ip="10.68.182.38"
[2026-03-22 17:53:57] [SIM4G] URC: +QHTTPREAD: 0
[2026-03-22 17:53:57] [SIM4G] URC: +QHTTPREAD: 0
[2026-03-22 17:53:58] ADS value: 0.00
[2026-03-22 17:53:58] Ver: 1
[2026-03-22 17:53:59] [SIM4G] URC: +QHTTPREAD: 0
[2026-03-22 17:53:59] [SIM4G] URC: +QHTTPREAD: 0
[2026-03-22 17:54:00] [SIM4G] URC: +QHTTPREAD: 0
[2026-03-22 17:54:01] [SIM4G] URC: +QHTTPREAD: 0
[2026-03-22 17:54:01] [SIM4G] URC: +QHTTPREAD: 0
[2026-03-22 17:54:02] [SIM4G] URC: +QHTTPREAD: 0
[2026-03-22 17:54:03] [SIM4G] RSP: AT+CGREG? | +CGREG: 0,5 | OK |
[2026-03-22 17:54:03] [SIM4G] STATE csq=23 dbm=-67 cgreg=5 cereg=5 cgatt=1 ip="10.68.182.38"
[2026-03-22 17:54:04] [SIM4G] URC: +QHTTPREAD: 0
[2026-03-22 17:54:04] [SIM4G] URC: +QHTTPREAD: 0
[2026-03-22 17:54:05] [SIM4G] URC: +QHTTPREAD: 0
[2026-03-22 17:54:06] [SIM4G] URC: +QHTTPREAD: 0
[2026-03-22 17:54:06] [SIM4G] URC: +QHTTPREAD: 0
[2026-03-22 17:54:07] [SIM4G] URC: +QHTTPREAD: 0
[2026-03-22 17:54:08] [SIM4G] URC: +QHTTPREAD: 0
[2026-03-22 17:54:08] [SIM4G] URC: +QHTTPREAD: 0
[2026-03-22 17:54:09] [SIM4G] URC: +QHTTPREAD: 0
[2026-03-22 17:54:09] [SIM4G] URC: +QHTTPREAD: 0
[2026-03-22 17:54:10] [SIM4G] RSP: AT+CGATT? | +CGATT: 1 | OK |
[2026-03-22 17:54:10] [SIM4G] STATE csq=23 dbm=-67 cgreg=5 cereg=5 cgatt=1 ip="10.68.182.38"
[2026-03-22 17:54:11] [SIM4G] URC: +QHTTPREAD: 0
[2026-03-22 17:54:12] [SIM4G] URC: +QHTTPREAD: 0
[2026-03-22 17:54:12] [SIM4G] URC: +QHTTPREAD: 0
[2026-03-22 17:54:13] [SIM4G] URC: +QHTTPREAD: 0
[2026-03-22 17:54:14] [SIM4G] URC: +QHTTPREAD: 0
[2026-03-22 17:54:14] [SIM4G] URC: +QHTTPREAD: 0
[2026-03-22 17:54:15] [SIM4G] URC: +QHTTPREAD: 0
[2026-03-22 17:54:16] [SIM4G] URC: +QHTTPREAD: 0
[2026-03-22 17:54:16] [SIM4G] URC: +QHTTPREAD: 0
[2026-03-22 17:54:17] [SIM4G] URC: +QHTTPREAD: 0
[2026-03-22 17:54:17] [SIM4G] RSP: AT+CGPADDR=1 | +CGPADDR: 1,'10.68.182.38' | OK |
[2026-03-22 17:54:18] [SIM4G] STATE csq=23 dbm=-67 cgreg=5 cereg=5 cgatt=1 ip="10.68.182.38"
[2026-03-22 17:54:19] [SIM4G] URC: +QHTTPREAD: 0
[2026-03-22 17:54:19] [SIM4G] URC: +QHTTPREAD: 0
[2026-03-22 17:54:20] [SIM4G] URC: +QHTTPREAD: 0
[2026-03-22 17:54:20] [SIM4G] URC: +QHTTPREAD: 0
[2026-03-22 17:54:21] [SIM4G] URC: +QHTTPREAD: 0
[2026-03-22 17:54:22] [SIM4G] URC: +QHTTPREAD: 0
[2026-03-22 17:54:22] [SIM4G] URC: +QHTTPREAD: 0
[2026-03-22 17:54:23] [SIM4G] URC: +QHTTPREAD: 0
[2026-03-22 17:54:24] [SIM4G] URC: +QHTTPREAD: 0
[2026-03-22 17:54:24] [SIM4G] URC: +QHTTPREAD: 0
[2026-03-22 17:54:25] [SIM4G] RSP: AT+CSQ | +CSQ: 23,99 | OK |
[2026-03-22 17:54:25] [SIM4G] STATE csq=23 dbm=-67 cgreg=5 cereg=5 cgatt=1 ip="10.68.182.38"
[2026-03-22 17:54:26] [SIM4G] URC: +QHTTPREAD: 0
[2026-03-22 17:54:27] [SIM4G] URC: +QHTTPREAD: 0
[2026-03-22 17:54:27] [SIM4G] URC: +QHTTPREAD: 0
[2026-03-22 17:54:28] [SIM4G] URC: +QHTTPREAD: 0
[2026-03-22 17:54:28] [SIM4G] URC: +QHTTPREAD: 0
[2026-03-22 17:54:29] [SIM4G] URC: +QHTTPREAD: 0
[2026-03-22 17:54:30] [SIM4G] URC: +QHTTPREAD: 0
[2026-03-22 17:54:30] [SIM4G] URC: +QHTTPREAD: 0
[2026-03-22 17:54:31] [SIM4G] URC: +QHTTPREAD: 0
[2026-03-22 17:54:32] [SIM4G] URC: +QHTTPREAD: 0
[2026-03-22 17:54:32] [SIM4G] RSP: AT+CEREG? | +CEREG: 0,5 | OK |
[2026-03-22 17:54:33] [SIM4G] STATE csq=23 dbm=-67 cgreg=5 cereg=5 cgatt=1 ip="10.68.182.38"
[2026-03-22 17:54:33] [SIM4G] URC: +QHTTPREAD: 0
[2026-03-22 17:54:34] [SIM4G] URC: +QHTTPREAD: 0
[2026-03-22 17:54:35] [SIM4G] URC: +QHTTPREAD: 0
[2026-03-22 17:54:35] [SIM4G] URC: +QHTTPREAD: 0
[2026-03-22 17:54:36] [SIM4G] URC: +QHTTPREAD: 0
[2026-03-22 17:54:37] [SIM4G] URC: +QHTTPREAD: 0
[2026-03-22 17:54:37] [SIM4G] URC: +QHTTPREAD: 0
[2026-03-22 17:54:38] [SIM4G] URC: +QHTTPREAD: 0
[2026-03-22 17:54:39] [SIM4G] URC: +QHTTPREAD: 0
[2026-03-22 17:54:39] [SIM4G] URC: +QHTTPREAD: 0
[2026-03-22 17:54:40] [SIM4G] RSP: AT+CGREG? | +CGREG: 0,5 | OK |
[2026-03-22 17:54:40] [SIM4G] STATE csq=23 dbm=-67 cgreg=5 cereg=5 cgatt=1 ip="10.68.182.38"
[2026-03-22 17:54:41] [SIM4G] URC: +QHTTPREAD: 0
[2026-03-22 17:54:41] [SIM4G] URC: +QHTTPREAD: 0
[2026-03-22 17:54:42] [SIM4G] URC: +QHTTPREAD: 0
[2026-03-22 17:54:43] [SIM4G] URC: +QHTTPREAD: 0
[2026-03-22 17:54:43] [SIM4G] URC: +QHTTPREAD: 0
[2026-03-22 17:54:44] [SIM4G] URC: +QHTTPREAD: 0
[2026-03-22 17:54:45] [SIM4G] URC: +QHTTPREAD: 0
[2026-03-22 17:54:45] [SIM4G] URC: +QHTTPREAD: 0
[2026-03-22 17:54:46] [SIM4G] URC: +QHTTPREAD: 0
[2026-03-22 17:54:47] [SIM4G] URC: +QHTTPREAD: 0
[2026-03-22 17:54:47] [SIM4G] RSP: AT+CGATT? | +CGATT: 1 | OK |
[2026-03-22 17:54:48] [SIM4G] STATE csq=23 dbm=-67 cgreg=5 cereg=5 cgatt=1 ip="10.68.182.38"
[2026-03-22 17:54:48] [SIM4G] URC: +QHTTPREAD: 0
[2026-03-22 17:54:49] [SIM4G] URC: +QHTTPREAD: 0
[2026-03-22 17:54:50] [SIM4G] URC: +QHTTPREAD: 0
[2026-03-22 17:54:50] [SIM4G] URC: +QHTTPREAD: 0
[2026-03-22 17:54:51] [SIM4G] URC: +QHTTPREAD: 0
[2026-03-22 17:54:51] [SIM4G] URC: +QHTTPREAD: 0
[2026-03-22 17:54:52] [SIM4G] URC: +QHTTPREAD: 0
[2026-03-22 17:54:53] [SIM4G] URC: +QHTTPREAD: 0
[2026-03-22 17:54:53] [SIM4G] URC: +QHTTPREAD: 0
[2026-03-22 17:54:54] [SIM4G] URC: +QHTTPREAD: 0
[2026-03-22 17:54:55] [SIM4G] RSP: AT+CGPADDR=1 | +CGPADDR: 1,'10.68.182.38' | OK |
[2026-03-22 17:54:55] [SIM4G] STATE csq=23 dbm=-67 cgreg=5 cereg=5 cgatt=1 ip="10.68.182.38"
[2026-03-22 17:54:56] [SIM4G] URC: +QHTTPREAD: 0
[2026-03-22 17:54:56] [SIM4G] URC: +QHTTPREAD: 0
[2026-03-22 17:54:57] [SIM4G] URC: +QHTTPREAD: 0
[2026-03-22 17:54:58] [SIM4G] URC: +QHTTPREAD: 0
[2026-03-22 17:54:58] [SIM4G] URC: +QHTTPREAD: 0
[2026-03-22 17:54:59] ADS value: 0.00
[2026-03-22 17:54:59] Ver: 1
[2026-03-22 17:55:00] [SIM4G] URC: +QHTTPREAD: 0
[2026-03-22 17:55:01] [SIM4G] URC: +QHTTPREAD: 0
[2026-03-22 17:55:01] [SIM4G] URC: +QHTTPREAD: 0
[2026-03-22 17:55:02] [SIM4G] RSP: AT+CSQ | +CSQ: 23,99 | OK |
[2026-03-22 17:55:02] [SIM4G] STATE csq=23 dbm=-67 cgreg=5 cereg=5 cgatt=1 ip="10.68.182.38"
[2026-03-22 17:55:03] [SIM4G] URC: +QHTTPREAD: 0
[2026-03-22 17:55:04] [SIM4G] URC: +QHTTPREAD: 0
[2026-03-22 17:55:04] [SIM4G] URC: +QHTTPREAD: 0
[2026-03-22 17:55:05] [SIM4G] URC: +QHTTPREAD: 0
[2026-03-22 17:55:06] [SIM4G] URC: +QHTTPREAD: 0
[2026-03-22 17:55:06] [SIM4G] URC: +QHTTPREAD: 0
[2026-03-22 17:55:07] [SIM4G] URC: +QHTTPREAD: 0
[2026-03-22 17:55:07] [SIM4G] URC: +QHTTPREAD: 0
[2026-03-22 17:55:08] [SIM4G] URC: +QHTTPREAD: 0
[2026-03-22 17:55:09] [SIM4G] URC: +QHTTPREAD: 0
[2026-03-22 17:55:09] [SIM4G] RSP: AT+CEREG? | +CEREG: 0,5 | OK |
[2026-03-22 17:55:10] [SIM4G] STATE csq=23 dbm=-67 cgreg=5 cereg=5 cgatt=1 ip="10.68.182.38"
[2026-03-22 17:55:10] [SIM4G] URC: +QHTTPREAD: 0
[2026-03-22 17:55:11] [SIM4G] URC: +QHTTPREAD: 0
[2026-03-22 17:55:12] [SIM4G] URC: +QHTTPREAD: 0
[2026-03-22 17:55:12] [SIM4G] URC: +QHTTPREAD: 0
[2026-03-22 17:55:13] [SIM4G] URC: +QHTTPREAD: 0
[2026-03-22 17:55:14] [SIM4G] URC: +QHTTPREAD: 0
[2026-03-22 17:55:14] [SIM4G] URC: +QHTTPREAD: 0
[2026-03-22 17:55:15] [SIM4G] URC: +QHTTPREAD: 0
[2026-03-22 17:55:16] [SIM4G] URC: +QHTTPREAD: 0
[2026-03-22 17:55:16] [SIM4G] URC: +QHTTPREAD: 0
[2026-03-22 17:55:17] [SIM4G] RSP: AT+CGREG? | +CGREG: 0,5 | OK |
[2026-03-22 17:55:17] [SIM4G] STATE csq=23 dbm=-67 cgreg=5 cereg=5 cgatt=1 ip="10.68.182.38"
[2026-03-22 17:55:18] [SIM4G] URC: +QHTTPREAD: 0
[2026-03-22 17:55:18] [SIM4G] URC: +QHTTPREAD: 0
[2026-03-22 17:55:19] [SIM4G] URC: +QHTTPREAD: 0
[2026-03-22 17:55:20] [SIM4G] URC: +QHTTPREAD: 0
[2026-03-22 17:55:20] [SIM4G] URC: +QHTTPREAD: 0
[2026-03-22 17:55:21] [SIM4G] URC: +QHTTPREAD: 0
[2026-03-22 17:55:22] [SIM4G] URC: +QHTTPREAD: 0
[2026-03-22 17:55:22] [SIM4G] URC: +QHTTPREAD: 0
[2026-03-22 17:55:23] [SIM4G] URC: +QHTTPREAD: 0
[2026-03-22 17:55:24] [SIM4G] URC: +QHTTPREAD: 0
[2026-03-22 17:55:24] [SIM4G] RSP: AT+CGATT? | +CGATT: 1 | OK |
[2026-03-22 17:55:25] [SIM4G] STATE csq=23 dbm=-67 cgreg=5 cereg=5 cgatt=1 ip="10.68.182.38"
[2026-03-22 17:55:25] [SIM4G] URC: +QHTTPREAD: 0
[2026-03-22 17:55:26] [SIM4G] URC: +QHTTPREAD: 0
[2026-03-22 17:55:26] [SIM4G] URC: +QHTTPREAD: 0
[2026-03-22 17:55:27] [SIM4G] URC: +QHTTPREAD: 0
[2026-03-22 17:55:28] [SIM4G] URC: +QHTTPREAD: 0
[2026-03-22 17:55:28] [SIM4G] URC: +QHTTPREAD: 0
[2026-03-22 17:55:29] [SIM4G] URC: +QHTTPREAD: 0
[2026-03-22 17:55:30] [SIM4G] URC: +QHTTPREAD: 0
[2026-03-22 17:55:30] [SIM4G] URC: +QHTTPREAD: 0
[2026-03-22 17:55:31] [SIM4G] URC: +QHTTPREAD: 0
[2026-03-22 17:55:31] [SIM4G] RSP: AT+CGPADDR=1 | +CGPADDR: 1,'10.68.182.38' | OK |
[2026-03-22 17:55:32] [SIM4G] STATE csq=23 dbm=-67 cgreg=5 cereg=5 cgatt=1 ip="10.68.182.38"
[2026-03-22 17:55:32] [SIM4G] URC: +QHTTPREAD: 0
[2026-03-22 17:55:33] [SIM4G] URC: +QHTTPREAD: 0
[2026-03-22 17:55:34] [SIM4G] URC: +QHTTPREAD: 0
[2026-03-22 17:55:34] [SIM4G] URC: +QHTTPREAD: 0
[2026-03-22 17:55:35] [SIM4G] URC: +QHTTPREAD: 0
[2026-03-22 17:55:36] [SIM4G] URC: +QHTTPREAD: 0
[2026-03-22 17:55:36] [SIM4G] URC: +QHTTPREAD: 0
[2026-03-22 17:55:37] [SIM4G] URC: +QHTTPREAD: 0
[2026-03-22 17:55:38] [SIM4G] URC: +QHTTPREAD: 0
[2026-03-22 17:55:38] [SIM4G] URC: +QHTTPREAD: 0
[2026-03-22 17:55:39] [SIM4G] RSP: AT+CSQ | +CSQ: 23,99 | OK |
[2026-03-22 17:55:39] [SIM4G] STATE csq=23 dbm=-67 cgreg=5 cereg=5 cgatt=1 ip="10.68.182.38"
[2026-03-22 17:55:40] [SIM4G] URC: +QHTTPREAD: 0
[2026-03-22 17:55:41] [SIM4G] URC: +QHTTPREAD: 0
[2026-03-22 17:55:41] [SIM4G] URC: +QHTTPREAD: 0
[2026-03-22 17:55:42] [SIM4G] URC: +QHTTPREAD: 0
[2026-03-22 17:55:42] [SIM4G] URC: +QHTTPREAD: 0
[2026-03-22 17:55:43] [SIM4G] URC: +QHTTPREAD: 0
[2026-03-22 17:55:44] [SIM4G] URC: +QHTTPREAD: 0
[2026-03-22 17:55:44] [SIM4G] URC: +QHTTPREAD: 0
[2026-03-22 17:55:45] [SIM4G] URC: +QHTTPREAD: 0
[2026-03-22 17:55:45] [SIM4G] URC: +QHTTPREAD: 0
[2026-03-22 17:55:46] [SIM4G] RSP: AT+CEREG? | +CEREG: 0,5 | OK |
[2026-03-22 17:55:46] [SIM4G] STATE csq=23 dbm=-67 cgreg=5 cereg=5 cgatt=1 ip="10.68.182.38"
[2026-03-22 17:55:47] [SIM4G] URC: +QHTTPREAD: 0
[2026-03-22 17:55:48] [SIM4G] URC: +QHTTPREAD: 0
[2026-03-22 17:55:48] [SIM4G] URC: +QHTTPREAD: 0
[2026-03-22 17:55:49] [SIM4G] URC: +QHTTPREAD: 0
[2026-03-22 17:55:50] [SIM4G] URC: +QHTTPREAD: 0
[2026-03-22 17:55:50] [SIM4G] URC: +QHTTPREAD: 0
[2026-03-22 17:55:51] [SIM4G] URC: +QHTTPREAD: 0
[2026-03-22 17:55:52] [SIM4G] URC: +QHTTPREAD: 0
[2026-03-22 17:55:52] [SIM4G] URC: +QHTTPREAD: 0
[2026-03-22 17:55:53] [SIM4G] URC: +QHTTPREAD: 0
[2026-03-22 17:55:53] [SIM4G] RSP: AT+CGREG? | +CGREG: 0,5 | OK |
[2026-03-22 17:55:54] [SIM4G] STATE csq=23 dbm=-67 cgreg=5 cereg=5 cgatt=1 ip="10.68.182.38"
[2026-03-22 17:55:55] [SIM4G] URC: +QHTTPREAD: 0
[2026-03-22 17:55:55] [SIM4G] URC: +QHTTPREAD: 0
[2026-03-22 17:55:56] [SIM4G] URC: +QHTTPREAD: 0
[2026-03-22 17:55:56] [SIM4G] URC: +QHTTPREAD: 0
[2026-03-22 17:55:57] [SIM4G] URC: +QHTTPREAD: 0
[2026-03-22 17:55:58] [SIM4G] URC: +QHTTPREAD: 0
[2026-03-22 17:55:58] [SIM4G] URC: +QHTTPREAD: 0
[2026-03-22 17:55:59] [SIM4G] URC: +QHTTPREAD: 0
[2026-03-22 17:56:00] [SIM4G] URC: +QHTTPREAD: 0
[2026-03-22 17:56:00] ADS value: 0.00
[2026-03-22 17:56:01] Ver: 1
[2026-03-22 17:56:01] [SIM4G] RSP: AT+CGATT? | +CGATT: 1 | OK |
[2026-03-22 17:56:02] [SIM4G] STATE csq=23 dbm=-67 cgreg=5 cereg=5 cgatt=1 ip="10.68.182.38"
[2026-03-22 17:56:02] [SIM4G] URC: +QHTTPREAD: 0
[2026-03-22 17:56:03] [SIM4G] URC: +QHTTPREAD: 0
[2026-03-22 17:56:04] [SIM4G] URC: +QHTTPREAD: 0
[2026-03-22 17:56:04] [SIM4G] URC: +QHTTPREAD: 0
[2026-03-22 17:56:05] [SIM4G] URC: +QHTTPREAD: 0
[2026-03-22 17:56:06] [SIM4G] URC: +QHTTPREAD: 0
[2026-03-22 17:56:06] [SIM4G] URC: +QHTTPREAD: 0
[2026-03-22 17:56:07] [SIM4G] URC: +QHTTPREAD: 0
[2026-03-22 17:56:08] [SIM4G] URC: +QHTTPREAD: 0
[2026-03-22 17:56:08] [SIM4G] URC: +QHTTPREAD: 0
[2026-03-22 17:56:09] [SIM4G] RSP: AT+CGPADDR=1 | +CGPADDR: 1,'10.68.182.38' | OK |
[2026-03-22 17:56:09] [SIM4G] STATE csq=23 dbm=-67 cgreg=5 cereg=5 cgatt=1 ip="10.68.182.38"
[2026-03-22 17:56:10] [SIM4G] URC: +QHTTPREAD: 0
[2026-03-22 17:56:10] [SIM4G] URC: +QHTTPREAD: 0
[2026-03-22 17:56:11] [SIM4G] URC: +QHTTPREAD: 0
[2026-03-22 17:56:12] [SIM4G] URC: +QHTTPREAD: 0
[2026-03-22 17:56:12] [SIM4G] URC: +QHTTPREAD: 0
[2026-03-22 17:56:13] [SIM4G] URC: +QHTTPREAD: 0
[2026-03-22 17:56:14] [SIM4G] URC: +QHTTPREAD: 0
[2026-03-22 17:56:14] [SIM4G] URC: +QHTTPREAD: 0
[2026-03-22 17:56:15] [SIM4G] URC: +QHTTPREAD: 0
[2026-03-22 17:56:15] [SIM4G] URC: +QHTTPREAD: 0
[2026-03-22 17:56:16] [SIM4G] RSP: AT+CSQ | +CSQ: 23,99 | OK |
[2026-03-22 17:56:16] [SIM4G] STATE csq=23 dbm=-67 cgreg=5 cereg=5 cgatt=1 ip="10.68.182.38"
[2026-03-22 17:56:17] [SIM4G] URC: +QHTTPREAD: 0
[2026-03-22 17:56:18] [SIM4G] URC: +QHTTPREAD: 0
[2026-03-22 17:56:18] [SIM4G] URC: +QHTTPREAD: 0
[2026-03-22 17:56:19] [SIM4G] URC: +QHTTPREAD: 0
[2026-03-22 17:56:20] [SIM4G] URC: +QHTTPREAD: 0
[2026-03-22 17:56:20] [SIM4G] URC: +QHTTPREAD: 0
[2026-03-22 17:56:21] [SIM4G] URC: +QHTTPREAD: 0
[2026-03-22 17:56:21] [SIM4G] URC: +QHTTPREAD: 0
[2026-03-22 17:56:22] [SIM4G] URC: +QHTTPREAD: 0
[2026-03-22 17:56:23] [SIM4G] URC: +QHTTPREAD: 0
[2026-03-22 17:56:23] [SIM4G] RSP: AT+CEREG? | +CEREG: 0,5 | OK |
[2026-03-22 17:56:24] [SIM4G] STATE csq=23 dbm=-67 cgreg=5 cereg=5 cgatt=1 ip="10.68.182.38"
[2026-03-22 17:56:24] [SIM4G] URC: +QHTTPREAD: 0
[2026-03-22 17:56:25] [SIM4G] URC: +QHTTPREAD: 0
[2026-03-22 17:56:26] [SIM4G] URC: +QHTTPREAD: 0
[2026-03-22 17:56:26] [SIM4G] URC: +QHTTPREAD: 0
[2026-03-22 17:56:27] [SIM4G] URC: +QHTTPREAD: 0
[2026-03-22 17:56:28] [SIM4G] URC: +QHTTPREAD: 0
[2026-03-22 17:56:28] [SIM4G] URC: +QHTTPREAD: 0
[2026-03-22 17:56:29] [SIM4G] URC: +QHTTPREAD: 0
[2026-03-22 17:56:30] [SIM4G] URC: +QHTTPREAD: 0
[2026-03-22 17:56:30] [SIM4G] URC: +QHTTPREAD: 0
[2026-03-22 17:56:31] [SIM4G] RSP: AT+CGREG? | +CGREG: 0,5 | OK |
[2026-03-22 17:56:31] [SIM4G] STATE csq=23 dbm=-67 cgreg=5 cereg=5 cgatt=1 ip="10.68.182.38"
[2026-03-22 17:56:32] [SIM4G] URC: +QHTTPREAD: 0
[2026-03-22 17:56:32] [SIM4G] URC: +QHTTPREAD: 0
[2026-03-22 17:56:33] [SIM4G] URC: +QHTTPREAD: 0
[2026-03-22 17:56:34] [SIM4G] URC: +QHTTPREAD: 0
[2026-03-22 17:56:34] [SIM4G] URC: +QHTTPREAD: 0
[2026-03-22 17:56:35] [SIM4G] URC: +QHTTPREAD: 0
[2026-03-22 17:56:36] [SIM4G] URC: +QHTTPREAD: 0
[2026-03-22 17:56:36] [SIM4G] URC: +QHTTPREAD: 0
[2026-03-22 17:56:37] [SIM4G] URC: +QHTTPREAD: 0
[2026-03-22 17:56:38] [SIM4G] URC: +QHTTPREAD: 0
[2026-03-22 17:56:38] [SIM4G] RSP: AT+CGATT? | +CGATT: 1 | OK |
[2026-03-22 17:56:39] [SIM4G] STATE csq=23 dbm=-67 cgreg=5 cereg=5 cgatt=1 ip="10.68.182.38"
[2026-03-22 17:56:39] [SIM4G] URC: +QHTTPREAD: 0
[2026-03-22 17:56:40] [SIM4G] URC: +QHTTPREAD: 0
[2026-03-22 17:56:41] [SIM4G] URC: +QHTTPREAD: 0
[2026-03-22 17:56:41] [SIM4G] URC: +QHTTPREAD: 0
[2026-03-22 17:56:42] [SIM4G] URC: +QHTTPREAD: 0
[2026-03-22 17:56:43] [SIM4G] URC: +QHTTPREAD: 0
[2026-03-22 17:56:43] [SIM4G] URC: +QHTTPREAD: 0
[2026-03-22 17:56:44] [SIM4G] URC: +QHTTPREAD: 0
[2026-03-22 17:56:44] [SIM4G] URC: +QHTTPREAD: 0
[2026-03-22 17:56:45] [SIM4G] RSP: AT+CGPADDR=1 | +CGPADDR: 1,'10.68.182.38' | OK |
[2026-03-22 17:56:46] [SIM4G] STATE csq=23 dbm=-67 cgreg=5 cereg=5 cgatt=1 ip="10.68.182.38"
[2026-03-22 17:56:46] [SIM4G] URC: +QHTTPREAD: 0
[2026-03-22 17:56:47] [SIM4G] URC: +QHTTPREAD: 0
[2026-03-22 17:56:48] [SIM4G] URC: +QHTTPREAD: 0
[2026-03-22 17:56:48] [SIM4G] URC: +QHTTPREAD: 0
[2026-03-22 17:56:49] [SIM4G] URC: +QHTTPREAD: 0
[2026-03-22 17:56:49] [SIM4G] URC: +QHTTPREAD: 0
[2026-03-22 17:56:50] [SIM4G] URC: +QHTTPREAD: 0
[2026-03-22 17:56:51] [SIM4G] URC: +QHTTPREAD: 0
[2026-03-22 17:56:51] [SIM4G] URC: +QHTTPREAD: 0
[2026-03-22 17:56:52] [SIM4G] URC: +QHTTPREAD: 0
[2026-03-22 17:56:53] [SIM4G] RSP: AT+CSQ | +CSQ: 23,99 | OK |
[2026-03-22 17:56:53] [SIM4G] STATE csq=23 dbm=-67 cgreg=5 cereg=5 cgatt=1 ip="10.68.182.38"
[2026-03-22 17:56:54] [SIM4G] URC: +QHTTPREAD: 0
[2026-03-22 17:56:55] [SIM4G] URC: +QHTTPREAD: 0
[2026-03-22 17:56:55] [SIM4G] URC: +QHTTPREAD: 0
[2026-03-22 17:56:56] [SIM4G] URC: +QHTTPREAD: 0
[2026-03-22 17:56:57] [SIM4G] URC: +QHTTPREAD: 0
[2026-03-22 17:56:57] [SIM4G] URC: +QHTTPREAD: 0
[2026-03-22 17:56:58] [SIM4G] URC: +QHTTPREAD: 0
[2026-03-22 17:56:59] [SIM4G] URC: +QHTTPREAD: 0
[2026-03-22 17:56:59] [SIM4G] URC: +QHTTPREAD: 0
[2026-03-22 17:57:00] [SIM4G] URC: +QHTTPREAD: 0
[2026-03-22 17:57:00] [SIM4G] RSP: AT+CEREG? | +CEREG: 0,5 | OK |
[2026-03-22 17:57:01] [SIM4G] STATE csq=23 dbm=-67 cgreg=5 cereg=5 cgatt=1 ip="10.68.182.38"
[2026-03-22 17:57:01] ADS value: 0.00
[2026-03-22 17:57:02] Ver: 1
[2026-03-22 17:57:02] [SIM4G] URC: +QHTTPREAD: 0
[2026-03-22 17:57:03] [SIM4G] URC: +QHTTPREAD: 0
[2026-03-22 17:57:04] [SIM4G] URC: +QHTTPREAD: 0
[2026-03-22 17:57:04] [SIM4G] URC: +QHTTPREAD: 0
[2026-03-22 17:57:05] [SIM4G] URC: +QHTTPREAD: 0
[2026-03-22 17:57:06] [SIM4G] URC: +QHTTPREAD: 0
[2026-03-22 17:57:06] [SIM4G] URC: +QHTTPREAD: 0
[2026-03-22 17:57:07] [SIM4G] URC: +QHTTPREAD: 0
[2026-03-22 17:57:07] [SIM4G] RSP: AT+CGREG? | +CGREG: 0,5 | OK |
[2026-03-22 17:57:08] [SIM4G] STATE csq=23 dbm=-67 cgreg=5 cereg=5 cgatt=1 ip="10.68.182.38"
[2026-03-22 17:57:08] [SIM4G] URC: +QHTTPREAD: 0
[2026-03-22 17:57:09] [SIM4G] URC: +QHTTPREAD: 0
[2026-03-22 17:57:10] [SIM4G] URC: +QHTTPREAD: 0
[2026-03-22 17:57:10] [SIM4G] URC: +QHTTPREAD: 0
[2026-03-22 17:57:11] [SIM4G] URC: +QHTTPREAD: 0
[2026-03-22 17:57:12] [SIM4G] URC: +QHTTPREAD: 0
[2026-03-22 17:57:12] [SIM4G] URC: +QHTTPREAD: 0
[2026-03-22 17:57:13] [SIM4G] URC: +QHTTPREAD: 0
[2026-03-22 17:57:13] [SIM4G] URC: +QHTTPREAD: 0
[2026-03-22 17:57:14] [SIM4G] URC: +QHTTPREAD: 0
[2026-03-22 17:57:15] [SIM4G] RSP: AT+CGATT? | +CGATT: 1 | OK |
[2026-03-22 17:57:15] [SIM4G] STATE csq=23 dbm=-67 cgreg=5 cereg=5 cgatt=1 ip="10.68.182.38"
[2026-03-22 17:57:16] [SIM4G] URC: +QHTTPREAD: 0
[2026-03-22 17:57:16] [SIM4G] URC: +QHTTPREAD: 0
[2026-03-22 17:57:17] [SIM4G] URC: +QHTTPREAD: 0
[2026-03-22 17:57:18] [SIM4G] URC: +QHTTPREAD: 0
[2026-03-22 17:57:18] [SIM4G] URC: +QHTTPREAD: 0
[2026-03-22 17:57:19] [SIM4G] URC: +QHTTPREAD: 0
[2026-03-22 17:57:20] [SIM4G] URC: +QHTTPREAD: 0
[2026-03-22 17:57:20] [SIM4G] URC: +QHTTPREAD: 0
[2026-03-22 17:57:21] [SIM4G] URC: +QHTTPREAD: 0
[2026-03-22 17:57:22] [SIM4G] URC: +QHTTPREAD: 0
[2026-03-22 17:57:22] [SIM4G] RSP: AT+CGPADDR=1 | +CGPADDR: 1,'10.68.182.38' | OK |
[2026-03-22 17:57:23] [SIM4G] STATE csq=23 dbm=-67 cgreg=5 cereg=5 cgatt=1 ip="10.68.182.38"
[2026-03-22 17:57:23] [SIM4G] URC: +QHTTPREAD: 0
[2026-03-22 17:57:24] [SIM4G] URC: +QHTTPREAD: 0
[2026-03-22 17:57:25] [SIM4G] URC: +QHTTPREAD: 0
[2026-03-22 17:57:25] [SIM4G] URC: +QHTTPREAD: 0
[2026-03-22 17:57:26] [SIM4G] URC: +QHTTPREAD: 0
[2026-03-22 17:57:26] [SIM4G] URC: +QHTTPREAD: 0
[2026-03-22 17:57:27] [SIM4G] URC: +QHTTPREAD: 0
[2026-03-22 17:57:28] [SIM4G] URC: +QHTTPREAD: 0
[2026-03-22 17:57:28] [SIM4G] URC: +QHTTPREAD: 0
[2026-03-22 17:57:29] [SIM4G] URC: +QHTTPREAD: 0
[2026-03-22 17:57:30] [SIM4G] RSP: AT+CSQ | +CSQ: 23,99 | OK |
[2026-03-22 17:57:30] [SIM4G] STATE csq=23 dbm=-67 cgreg=5 cereg=5 cgatt=1 ip="10.68.182.38"
[2026-03-22 17:57:31] [SIM4G] URC: +QHTTPREAD: 0
[2026-03-22 17:57:31] [SIM4G] URC: +QHTTPREAD: 0
[2026-03-22 17:57:32] [SIM4G] URC: +QHTTPREAD: 0
[2026-03-22 17:57:33] [SIM4G] URC: +QHTTPREAD: 0
[2026-03-22 17:57:33] [SIM4G] URC: +QHTTPREAD: 0
[2026-03-22 17:57:34] [SIM4G] URC: +QHTTPREAD: 0
[2026-03-22 17:57:35] [SIM4G] URC: +QHTTPREAD: 0
[2026-03-22 17:57:35] [SIM4G] URC: +QHTTPREAD: 0
[2026-03-22 17:57:36] [SIM4G] URC: +QHTTPREAD: 0
[2026-03-22 17:57:36] [SIM4G] URC: +QHTTPREAD: 0
[2026-03-22 17:57:37] [SIM4G] RSP: AT+CEREG? | +CEREG: 0,5 | OK |
[2026-03-22 17:57:37] [SIM4G] STATE csq=23 dbm=-67 cgreg=5 cereg=5 cgatt=1 ip="10.68.182.38"
[2026-03-22 17:57:38] [SIM4G] URC: +QHTTPREAD: 0
[2026-03-22 17:57:39] [SIM4G] URC: +QHTTPREAD: 0
[2026-03-22 17:57:39] [SIM4G] URC: +QHTTPREAD: 0
[2026-03-22 17:57:40] [SIM4G] URC: +QHTTPREAD: 0
[2026-03-22 17:57:41] [SIM4G] URC: +QHTTPREAD: 0
[2026-03-22 17:57:41] [SIM4G] URC: +QHTTPREAD: 0
[2026-03-22 17:57:42] [SIM4G] URC: +QHTTPREAD: 0
[2026-03-22 17:57:43] [SIM4G] URC: +QHTTPREAD: 0
[2026-03-22 17:57:43] [SIM4G] URC: +QHTTPREAD: 0
[2026-03-22 17:57:44] [SIM4G] URC: +QHTTPREAD: 0
[2026-03-22 17:57:44] [SIM4G] RSP: AT+CGREG? | +CGREG: 0,5 | OK |
[2026-03-22 17:57:45] [SIM4G] STATE csq=23 dbm=-67 cgreg=5 cereg=5 cgatt=1 ip="10.68.182.38"
[2026-03-22 17:57:46] [SIM4G] URC: +QHTTPREAD: 0
[2026-03-22 17:57:46] [SIM4G] URC: +QHTTPREAD: 0
[2026-03-22 17:57:47] [SIM4G] URC: +QHTTPREAD: 0
[2026-03-22 17:57:48] [SIM4G] URC: +QHTTPREAD: 0
[2026-03-22 17:57:48] [SIM4G] URC: +QHTTPREAD: 0
[2026-03-22 17:57:49] [SIM4G] URC: +QHTTPREAD: 0
[2026-03-22 17:57:50] [SIM4G] URC: +QHTTPREAD: 0
[2026-03-22 17:57:50] [SIM4G] URC: +QHTTPREAD: 0
[2026-03-22 17:57:51] [SIM4G] URC: +QHTTPREAD: 0
[2026-03-22 17:57:51] [SIM4G] RSP: AT+CGATT? | +CGATT: 1 | OK |
[2026-03-22 17:57:52] [SIM4G] STATE csq=23 dbm=-67 cgreg=5 cereg=5 cgatt=1 ip="10.68.182.38"
[2026-03-22 17:57:53] [SIM4G] URC: +QHTTPREAD: 0
[2026-03-22 17:57:53] [SIM4G] URC: +QHTTPREAD: 0
[2026-03-22 17:57:54] [SIM4G] URC: +QHTTPREAD: 0
[2026-03-22 17:57:55] [SIM4G] URC: +QHTTPREAD: 0
[2026-03-22 17:57:55] [SIM4G] URC: +QHTTPREAD: 0
[2026-03-22 17:57:56] [SIM4G] URC: +QHTTPREAD: 0
[2026-03-22 17:57:56] [SIM4G] URC: +QHTTPREAD: 0
[2026-03-22 17:57:57] [SIM4G] URC: +QHTTPREAD: 0
[2026-03-22 17:57:58] [SIM4G] URC: +QHTTPREAD: 0
[2026-03-22 17:57:58] [SIM4G] URC: +QHTTPREAD: 0
[2026-03-22 17:57:59] [SIM4G] RSP: AT+CGPADDR=1 | +CGPADDR: 1,'10.68.182.38' | OK |
[2026-03-22 17:57:59] [SIM4G] STATE csq=23 dbm=-67 cgreg=5 cereg=5 cgatt=1 ip="10.68.182.38"
[2026-03-22 17:58:00] [SIM4G] URC: +QHTTPREAD: 0
[2026-03-22 17:58:01] [SIM4G] URC: +QHTTPREAD: 0
[2026-03-22 17:58:01] [SIM4G] URC: +QHTTPREAD: 0
[2026-03-22 17:58:02] [SIM4G] URC: +QHTTPREAD: 0
[2026-03-22 17:58:03] ADS value: 0.00
[2026-03-22 17:58:03] Ver: 1
[2026-03-22 17:58:04] [SIM4G] URC: +QHTTPREAD: 0
[2026-03-22 17:58:04] [SIM4G] URC: +QHTTPREAD: 0
[2026-03-22 17:58:05] [SIM4G] URC: +QHTTPREAD: 0
[2026-03-22 17:58:06] [SIM4G] URC: +QHTTPREAD: 0
[2026-03-22 17:58:06] [SIM4G] RSP: AT+CSQ | +CSQ: 23,99 | OK |
[2026-03-22 17:58:07] [SIM4G] STATE csq=23 dbm=-67 cgreg=5 cereg=5 cgatt=1 ip="10.68.182.38"
[2026-03-22 17:58:07] [SIM4G] URC: +QHTTPREAD: 0
[2026-03-22 17:58:08] [SIM4G] URC: +QHTTPREAD: 0
[2026-03-22 17:58:09] [SIM4G] URC: +QHTTPREAD: 0
[2026-03-22 17:58:09] [SIM4G] URC: +QHTTPREAD: 0
[2026-03-22 17:58:10] [SIM4G] URC: +QHTTPREAD: 0
[2026-03-22 17:58:11] [SIM4G] URC: +QHTTPREAD: 0
[2026-03-22 17:58:11] [SIM4G] URC: +QHTTPREAD: 0
[2026-03-22 17:58:12] [SIM4G] URC: +QHTTPREAD: 0
[2026-03-22 17:58:12] [SIM4G] URC: +QHTTPREAD: 0
[2026-03-22 17:58:13] [SIM4G] URC: +QHTTPREAD: 0
[2026-03-22 17:58:14] [SIM4G] RSP: AT+CEREG? | +CEREG: 0,5 | OK |
[2026-03-22 17:58:14] [SIM4G] STATE csq=23 dbm=-67 cgreg=5 cereg=5 cgatt=1 ip="10.68.182.38"
[2026-03-22 17:58:15] [SIM4G] URC: +QHTTPREAD: 0
[2026-03-22 17:58:15] [SIM4G] URC: +QHTTPREAD: 0
[2026-03-22 17:58:16] [SIM4G] URC: +QHTTPREAD: 0
[2026-03-22 17:58:17] [SIM4G] URC: +QHTTPREAD: 0
[2026-03-22 17:58:17] [SIM4G] URC: +QHTTPREAD: 0
[2026-03-22 17:58:18] [SIM4G] URC: +QHTTPREAD: 0
[2026-03-22 17:58:19] [SIM4G] URC: +QHTTPREAD: 0
[2026-03-22 17:58:19] [SIM4G] URC: +QHTTPREAD: 0
[2026-03-22 17:58:20] [SIM4G] URC: +QHTTPREAD: 0
[2026-03-22 17:58:21] [SIM4G] RSP: AT+CGREG? | +CGREG: 0,5 | OK |
[2026-03-22 17:58:21] [SIM4G] STATE csq=23 dbm=-67 cgreg=5 cereg=5 cgatt=1 ip="10.68.182.38"
[2026-03-22 17:58:22] [SIM4G] URC: +QHTTPREAD: 0
[2026-03-22 17:58:22] [SIM4G] URC: +QHTTPREAD: 0
[2026-03-22 17:58:23] [SIM4G] URC: +QHTTPREAD: 0
[2026-03-22 17:58:24] [SIM4G] URC: +QHTTPREAD: 0
[2026-03-22 17:58:24] [SIM4G] URC: +QHTTPREAD: 0
[2026-03-22 17:58:25] [SIM4G] URC: +QHTTPREAD: 0
[2026-03-22 17:58:26] [SIM4G] URC: +QHTTPREAD: 0
[2026-03-22 17:58:26] [SIM4G] URC: +QHTTPREAD: 0
[2026-03-22 17:58:27] [SIM4G] URC: +QHTTPREAD: 0
[2026-03-22 17:58:28] [SIM4G] URC: +QHTTPREAD: 0
[2026-03-22 17:58:28] [SIM4G] RSP: AT+CGATT? | +CGATT: 1 | OK |
[2026-03-22 17:58:29] [SIM4G] STATE csq=23 dbm=-67 cgreg=5 cereg=5 cgatt=1 ip="10.68.182.38"
[2026-03-22 17:58:29] [SIM4G] URC: +QHTTPREAD: 0
[2026-03-22 17:58:30] [SIM4G] URC: +QHTTPREAD: 0
[2026-03-22 17:58:30] [SIM4G] URC: +QHTTPREAD: 0
[2026-03-22 17:58:31] [SIM4G] URC: +QHTTPREAD: 0
[2026-03-22 17:58:32] [SIM4G] URC: +QHTTPREAD: 0
[2026-03-22 17:58:32] [SIM4G] URC: +QHTTPREAD: 0
[2026-03-22 17:58:33] [SIM4G] URC: +QHTTPREAD: 0
[2026-03-22 17:58:34] [SIM4G] URC: +QHTTPREAD: 0
[2026-03-22 17:58:34] [SIM4G] URC: +QHTTPREAD: 0
[2026-03-22 17:58:35] [SIM4G] RSP: AT+CGPADDR=1 | +CGPADDR: 1,'10.68.182.38' | OK |
[2026-03-22 17:58:36] [SIM4G] STATE csq=23 dbm=-67 cgreg=5 cereg=5 cgatt=1 ip="10.68.182.38"
[2026-03-22 17:58:36] [SIM4G] URC: +QHTTPREAD: 0
[2026-03-22 17:58:37] [SIM4G] URC: +QHTTPREAD: 0
[2026-03-22 17:58:37] [SIM4G] URC: +QHTTPREAD: 0
[2026-03-22 17:58:38] [SIM4G] URC: +QHTTPREAD: 0
[2026-03-22 17:58:39] [SIM4G] URC: +QHTTPREAD: 0
[2026-03-22 17:58:39] [SIM4G] URC: +QHTTPREAD: 0
[2026-03-22 17:58:40] [SIM4G] URC: +QHTTPREAD: 0
[2026-03-22 17:58:41] [SIM4G] URC: +QHTTPREAD: 0
[2026-03-22 17:58:41] [SIM4G] URC: +QHTTPREAD: 0
[2026-03-22 17:58:42] [SIM4G] URC: +QHTTPREAD: 0
[2026-03-22 17:58:42] [SIM4G] RSP: AT+CSQ | +CSQ: 23,99 | OK |
[2026-03-22 17:58:43] [SIM4G] STATE csq=23 dbm=-67 cgreg=5 cereg=5 cgatt=1 ip="10.68.182.38"
[2026-03-22 17:58:44] [SIM4G] URC: +QHTTPREAD: 0
[2026-03-22 17:58:44] [SIM4G] URC: +QHTTPREAD: 0
[2026-03-22 17:58:45] [SIM4G] URC: +QHTTPREAD: 0
[2026-03-22 17:58:45] [SIM4G] URC: +QHTTPREAD: 0
[2026-03-22 17:58:46] [SIM4G] URC: +QHTTPREAD: 0
[2026-03-22 17:58:47] [SIM4G] URC: +QHTTPREAD: 0
[2026-03-22 17:58:47] [SIM4G] URC: +QHTTPREAD: 0
[2026-03-22 17:58:48] [SIM4G] URC: +QHTTPREAD: 0
[2026-03-22 17:58:49] [SIM4G] URC: +QHTTPREAD: 0
[2026-03-22 17:58:49] [SIM4G] URC: +QHTTPREAD: 0
[2026-03-22 17:58:50] [SIM4G] RSP: AT+CEREG? | +CEREG: 0,5 | OK |
[2026-03-22 17:58:50] [SIM4G] STATE csq=23 dbm=-67 cgreg=5 cereg=5 cgatt=1 ip="10.68.182.38"
[2026-03-22 17:58:51] [SIM4G] URC: +QHTTPREAD: 0
[2026-03-22 17:58:52] [SIM4G] URC: +QHTTPREAD: 0
[2026-03-22 17:58:52] [SIM4G] URC: +QHTTPREAD: 0
[2026-03-22 17:58:53] [SIM4G] URC: +QHTTPREAD: 0
[2026-03-22 17:58:54] [SIM4G] URC: +QHTTPREAD: 0
[2026-03-22 17:58:54] [SIM4G] URC: +QHTTPREAD: 0
[2026-03-22 17:58:55] [SIM4G] URC: +QHTTPREAD: 0
[2026-03-22 17:58:55] [SIM4G] URC: +QHTTPREAD: 0
[2026-03-22 17:58:56] [SIM4G] URC: +QHTTPREAD: 0
[2026-03-22 17:58:57] [SIM4G] RSP: AT+CGREG? | +CGREG: 0,5 | OK |
[2026-03-22 17:58:57] [SIM4G] STATE csq=23 dbm=-67 cgreg=5 cereg=5 cgatt=1 ip="10.68.182.38"
[2026-03-22 17:58:58] [SIM4G] URC: +QHTTPREAD: 0
[2026-03-22 17:58:59] [SIM4G] URC: +QHTTPREAD: 0
[2026-03-22 17:58:59] [SIM4G] URC: +QHTTPREAD: 0
[2026-03-22 17:59:00] [SIM4G] URC: +QHTTPREAD: 0
[2026-03-22 17:59:01] [SIM4G] URC: +QHTTPREAD: 0
[2026-03-22 17:59:01] [SIM4G] URC: +QHTTPREAD: 0
[2026-03-22 17:59:02] [SIM4G] URC: +QHTTPREAD: 0
[2026-03-22 17:59:02] [SIM4G] URC: +QHTTPREAD: 0
[2026-03-22 17:59:03] [SIM4G] URC: +QHTTPREAD: 0
[2026-03-22 17:59:04] ADS value: 0.00
[2026-03-22 17:59:04] Ver: 1
[2026-03-22 17:59:05] [SIM4G] RSP: AT+CGATT? | +CGATT: 1 | OK |
[2026-03-22 17:59:05] [SIM4G] STATE csq=23 dbm=-67 cgreg=5 cereg=5 cgatt=1 ip="10.68.182.38"
[2026-03-22 17:59:06] [SIM4G] URC: +QHTTPREAD: 0
[2026-03-22 17:59:07] [SIM4G] URC: +QHTTPREAD: 0
[2026-03-22 17:59:07] [SIM4G] URC: +QHTTPREAD: 0
[2026-03-22 17:59:08] [SIM4G] URC: +QHTTPREAD: 0
[2026-03-22 17:59:09] [SIM4G] URC: +QHTTPREAD: 0
[2026-03-22 17:59:09] [SIM4G] URC: +QHTTPREAD: 0
[2026-03-22 17:59:10] [SIM4G] URC: +QHTTPREAD: 0
[2026-03-22 17:59:11] [SIM4G] URC: +QHTTPREAD: 0
[2026-03-22 17:59:11] [SIM4G] URC: +QHTTPREAD: 0
[2026-03-22 17:59:12] [SIM4G] RSP: AT+CGPADDR=1 | +CGPADDR: 1,'10.68.182.38' | OK |
[2026-03-22 17:59:12] [SIM4G] STATE csq=23 dbm=-67 cgreg=5 cereg=5 cgatt=1 ip="10.68.182.38"
[2026-03-22 17:59:13] [SIM4G] URC: +QHTTPREAD: 0
[2026-03-22 17:59:14] [SIM4G] URC: +QHTTPREAD: 0
[2026-03-22 17:59:14] [SIM4G] URC: +QHTTPREAD: 0
[2026-03-22 17:59:15] [SIM4G] URC: +QHTTPREAD: 0
[2026-03-22 17:59:16] [SIM4G] URC: +QHTTPREAD: 0
[2026-03-22 17:59:16] [SIM4G] URC: +QHTTPREAD: 0
[2026-03-22 17:59:17] [SIM4G] URC: +QHTTPREAD: 0
[2026-03-22 17:59:18] [SIM4G] URC: +QHTTPREAD: 0
[2026-03-22 17:59:18] [SIM4G] URC: +QHTTPREAD: 0
[2026-03-22 17:59:19] [SIM4G] RSP: AT+CSQ | +CSQ: 23,99 | OK |
[2026-03-22 17:59:19] [SIM4G] STATE csq=23 dbm=-67 cgreg=5 cereg=5 cgatt=1 ip="10.68.182.38"
[2026-03-22 17:59:20] [SIM4G] URC: +QHTTPREAD: 0
[2026-03-22 17:59:21] [SIM4G] URC: +QHTTPREAD: 0
[2026-03-22 17:59:21] [SIM4G] URC: +QHTTPREAD: 0
[2026-03-22 17:59:22] [SIM4G] URC: +QHTTPREAD: 0
[2026-03-22 17:59:23] [SIM4G] URC: +QHTTPREAD: 0
[2026-03-22 17:59:23] [SIM4G] URC: +QHTTPREAD: 0
[2026-03-22 17:59:24] [SIM4G] URC: +QHTTPREAD: 0
[2026-03-22 17:59:25] [SIM4G] URC: +QHTTPREAD: 0
[2026-03-22 17:59:25] [SIM4G] URC: +QHTTPREAD: 0
[2026-03-22 17:59:26] [SIM4G] RSP: AT+CEREG? | +CEREG: 0,5 | OK |
[2026-03-22 17:59:26] [SIM4G] STATE csq=23 dbm=-67 cgreg=5 cereg=5 cgatt=1 ip="10.68.182.38"
[2026-03-22 17:59:27] [SIM4G] URC: +QHTTPREAD: 0
[2026-03-22 17:59:28] [SIM4G] URC: +QHTTPREAD: 0
[2026-03-22 17:59:28] [SIM4G] URC: +QHTTPREAD: 0
[2026-03-22 17:59:29] [SIM4G] URC: +QHTTPREAD: 0
[2026-03-22 17:59:30] [SIM4G] URC: +QHTTPREAD: 0
[2026-03-22 17:59:30] [SIM4G] URC: +QHTTPREAD: 0
[2026-03-22 17:59:31] [SIM4G] URC: +QHTTPREAD: 0
[2026-03-22 17:59:32] [SIM4G] URC: +QHTTPREAD: 0
[2026-03-22 17:59:32] [SIM4G] URC: +QHTTPREAD: 0
[2026-03-22 17:59:33] [SIM4G] URC: +QHTTPREAD: 0
[2026-03-22 17:59:33] [SIM4G] RSP: AT+CGREG? | +CGREG: 0,5 | OK |
[2026-03-22 17:59:34] [SIM4G] STATE csq=23 dbm=-67 cgreg=5 cereg=5 cgatt=1 ip="10.68.182.38"
[2026-03-22 17:59:34] [SIM4G] URC: +QHTTPREAD: 0
[2026-03-22 17:59:35] [SIM4G] URC: +QHTTPREAD: 0
[2026-03-22 17:59:36] [SIM4G] URC: +QHTTPREAD: 0
[2026-03-22 17:59:36] [SIM4G] URC: +QHTTPREAD: 0
[2026-03-22 17:59:37] [SIM4G] URC: +QHTTPREAD: 0
[2026-03-22 17:59:38] [SIM4G] URC: +QHTTPREAD: 0
[2026-03-22 17:59:38] [SIM4G] URC: +QHTTPREAD: 0
[2026-03-22 17:59:39] [SIM4G] URC: +QHTTPREAD: 0
[2026-03-22 17:59:40] [SIM4G] URC: +QHTTPREAD: 0
[2026-03-22 17:59:40] [SIM4G] URC: +QHTTPREAD: 0
[2026-03-22 17:59:41] [SIM4G] RSP: AT+CGATT? | +CGATT: 1 | OK |
[2026-03-22 17:59:41] [SIM4G] STATE csq=23 dbm=-67 cgreg=5 cereg=5 cgatt=1 ip="10.68.182.38"
[2026-03-22 17:59:42] [SIM4G] URC: +QHTTPREAD: 0
[2026-03-22 17:59:43] [SIM4G] URC: +QHTTPREAD: 0
[2026-03-22 17:59:43] [SIM4G] URC: +QHTTPREAD: 0
[2026-03-22 17:59:44] [SIM4G] URC: +QHTTPREAD: 0
[2026-03-22 17:59:44] [SIM4G] URC: +QHTTPREAD: 0
[2026-03-22 17:59:45] [SIM4G] URC: +QHTTPREAD: 0
[2026-03-22 17:59:46] [SIM4G] URC: +QHTTPREAD: 0
[2026-03-22 17:59:46] [SIM4G] URC: +QHTTPREAD: 0
[2026-03-22 17:59:47] [SIM4G] URC: +QHTTPREAD: 0
[2026-03-22 17:59:48] [SIM4G] URC: +QHTTPREAD: 0
[2026-03-22 17:59:48] [SIM4G] RSP: AT+CGPADDR=1 | +CGPADDR: 1,'10.68.182.38' | OK |
[2026-03-22 17:59:49] [SIM4G] STATE csq=23 dbm=-67 cgreg=5 cereg=5 cgatt=1 ip="10.68.182.38"
[2026-03-22 17:59:49] [SIM4G] URC: +QHTTPREAD: 0
[2026-03-22 17:59:50] [SIM4G] URC: +QHTTPREAD: 0
[2026-03-22 17:59:51] [SIM4G] URC: +QHTTPREAD: 0
[2026-03-22 17:59:51] [SIM4G] URC: +QHTTPREAD: 0
[2026-03-22 17:59:52] [SIM4G] URC: +QHTTPREAD: 0
[2026-03-22 17:59:53] [SIM4G] URC: +QHTTPREAD: 0
[2026-03-22 17:59:53] [SIM4G] URC: +QHTTPREAD: 0
[2026-03-22 17:59:54] [SIM4G] URC: +QHTTPREAD: 0
[2026-03-22 17:59:54] [SIM4G] URC: +QHTTPREAD: 0
[2026-03-22 17:59:55] [SIM4G] URC: +QHTTPREAD: 0
[2026-03-22 17:59:56] [SIM4G] RSP: AT+CSQ | +CSQ: 23,99 | OK |
[2026-03-22 17:59:56] [SIM4G] STATE csq=23 dbm=-67 cgreg=5 cereg=5 cgatt=1 ip="10.68.182.38"
[2026-03-22 17:59:57] [SIM4G] URC: +QHTTPREAD: 0
[2026-03-22 17:59:58] [SIM4G] URC: +QHTTPREAD: 0
[2026-03-22 17:59:58] [SIM4G] URC: +QHTTPREAD: 0
[2026-03-22 17:59:59] [SIM4G] URC: +QHTTPREAD: 0
[2026-03-22 18:00:00] [SIM4G] URC: +QHTTPREAD: 0
[2026-03-22 18:00:00] [SIM4G] URC: +QHTTPREAD: 0
[2026-03-22 18:00:01] [SIM4G] URC: +QHTTPREAD: 0
[2026-03-22 18:00:01] [SIM4G] URC: +QHTTPREAD: 0
[2026-03-22 18:00:02] [SIM4G] URC: +QHTTPREAD: 0
[2026-03-22 18:00:03] [SIM4G] RSP: AT+CEREG? | +CEREG: 0,5 | OK |
[2026-03-22 18:00:03] [SIM4G] STATE csq=23 dbm=-67 cgreg=5 cereg=5 cgatt=1 ip="10.68.182.38"
[2026-03-22 18:00:04] [SIM4G] URC: +QHTTPREAD: 0
[2026-03-22 18:00:05] [SIM4G] URC: +QHTTPREAD: 0
[2026-03-22 18:00:05] ADS value: 0.00
[2026-03-22 18:00:06] Ver: 1
[2026-03-22 18:00:06] [SIM4G] URC: +QHTTPREAD: 0
[2026-03-22 18:00:07] [SIM4G] URC: +QHTTPREAD: 0
[2026-03-22 18:00:08] [SIM4G] URC: +QHTTPREAD: 0
[2026-03-22 18:00:08] [SIM4G] URC: +QHTTPREAD: 0
[2026-03-22 18:00:09] [SIM4G] URC: +QHTTPREAD: 0
[2026-03-22 18:00:09] [SIM4G] URC: +QHTTPREAD: 0
[2026-03-22 18:00:10] [SIM4G] RSP: AT+CGREG? | +CGREG: 0,5 | OK |
[2026-03-22 18:00:10] [SIM4G] STATE csq=23 dbm=-67 cgreg=5 cereg=5 cgatt=1 ip="10.68.182.38"
[2026-03-22 18:00:11] [SIM4G] URC: +QHTTPREAD: 0
[2026-03-22 18:00:12] [SIM4G] URC: +QHTTPREAD: 0
[2026-03-22 18:00:12] [SIM4G] URC: +QHTTPREAD: 0
[2026-03-22 18:00:13] [SIM4G] URC: +QHTTPREAD: 0
[2026-03-22 18:00:14] [SIM4G] URC: +QHTTPREAD: 0
[2026-03-22 18:00:14] [SIM4G] URC: +QHTTPREAD: 0
[2026-03-22 18:00:15] [SIM4G] URC: +QHTTPREAD: 0
[2026-03-22 18:00:16] [SIM4G] URC: +QHTTPREAD: 0
[2026-03-22 18:00:16] [SIM4G] URC: +QHTTPREAD: 0
[2026-03-22 18:00:17] [SIM4G] RSP: AT+CGATT? | +CGATT: 1 | OK |
[2026-03-22 18:00:17] [SIM4G] STATE csq=23 dbm=-67 cgreg=5 cereg=5 cgatt=1 ip="10.68.182.38"
[2026-03-22 18:00:18] [SIM4G] URC: +QHTTPREAD: 0
[2026-03-22 18:00:19] [SIM4G] URC: +QHTTPREAD: 0
[2026-03-22 18:00:19] [SIM4G] URC: +QHTTPREAD: 0
[2026-03-22 18:00:20] [SIM4G] URC: +QHTTPREAD: 0
[2026-03-22 18:00:21] [SIM4G] URC: +QHTTPREAD: 0
[2026-03-22 18:00:21] [SIM4G] URC: +QHTTPREAD: 0
[2026-03-22 18:00:22] [SIM4G] URC: +QHTTPREAD: 0
[2026-03-22 18:00:23] [SIM4G] URC: +QHTTPREAD: 0
[2026-03-22 18:00:23] [SIM4G] URC: +QHTTPREAD: 0
[2026-03-22 18:00:24] [SIM4G] URC: +QHTTPREAD: 0
[2026-03-22 18:00:24] [SIM4G] RSP: AT+CGPADDR=1 | +CGPADDR: 1,'10.68.182.38' | OK |
[2026-03-22 18:00:25] [SIM4G] STATE csq=23 dbm=-67 cgreg=5 cereg=5 cgatt=1 ip="10.68.182.38"
[2026-03-22 18:00:26] [SIM4G] URC: +QHTTPREAD: 0
[2026-03-22 18:00:26] [SIM4G] URC: +QHTTPREAD: 0
[2026-03-22 18:00:27] [SIM4G] URC: +QHTTPREAD: 0
[2026-03-22 18:00:28] [SIM4G] URC: +QHTTPREAD: 0
[2026-03-22 18:00:28] [SIM4G] URC: +QHTTPREAD: 0
[2026-03-22 18:00:29] [SIM4G] URC: +QHTTPREAD: 0
[2026-03-22 18:00:29] [SIM4G] URC: +QHTTPREAD: 0
[2026-03-22 18:00:30] [SIM4G] URC: +QHTTPREAD: 0
[2026-03-22 18:00:31] [SIM4G] URC: +QHTTPREAD: 0
[2026-03-22 18:00:31] [SIM4G] RSP: AT+CSQ | +CSQ: 23,99 | OK |
[2026-03-22 18:00:32] [SIM4G] STATE csq=23 dbm=-67 cgreg=5 cereg=5 cgatt=1 ip="10.68.182.38"
[2026-03-22 18:00:33] [SIM4G] URC: +QHTTPREAD: 0
[2026-03-22 18:00:33] [SIM4G] URC: +QHTTPREAD: 0
[2026-03-22 18:00:34] [SIM4G] URC: +QHTTPREAD: 0
[2026-03-22 18:00:34] [SIM4G] URC: +QHTTPREAD: 0
[2026-03-22 18:00:35] [SIM4G] URC: +QHTTPREAD: 0
[2026-03-22 18:00:36] [SIM4G] URC: +QHTTPREAD: 0
[2026-03-22 18:00:36] [SIM4G] URC: +QHTTPREAD: 0
[2026-03-22 18:00:37] [SIM4G] URC: +QHTTPREAD: 0
[2026-03-22 18:00:38] [SIM4G] URC: +QHTTPREAD: 0
[2026-03-22 18:00:38] [SIM4G] URC: +QHTTPREAD: 0
[2026-03-22 18:00:39] [SIM4G] RSP: AT+CEREG? | +CEREG: 0,5 | OK |
[2026-03-22 18:00:39] [SIM4G] STATE csq=23 dbm=-67 cgreg=5 cereg=5 cgatt=1 ip="10.68.182.38"
[2026-03-22 18:00:40] [SIM4G] URC: +QHTTPREAD: 0
[2026-03-22 18:00:41] [SIM4G] URC: +QHTTPREAD: 0
[2026-03-22 18:00:41] [SIM4G] URC: +QHTTPREAD: 0
[2026-03-22 18:00:42] [SIM4G] URC: +QHTTPREAD: 0
[2026-03-22 18:00:43] [SIM4G] URC: +QHTTPREAD: 0
[2026-03-22 18:00:43] [SIM4G] URC: +QHTTPREAD: 0
[2026-03-22 18:00:44] [SIM4G] URC: +QHTTPREAD: 0
[2026-03-22 18:00:44] [SIM4G] URC: +QHTTPREAD: 0
[2026-03-22 18:00:45] [SIM4G] URC: +QHTTPREAD: 0
[2026-03-22 18:00:46] [SIM4G] URC: +QHTTPREAD: 0
[2026-03-22 18:00:46] [SIM4G] RSP: AT+CGREG? | +CGREG: 0,5 | OK |
[2026-03-22 18:00:47] [SIM4G] STATE csq=23 dbm=-67 cgreg=5 cereg=5 cgatt=1 ip="10.68.182.38"
[2026-03-22 18:00:47] [SIM4G] URC: +QHTTPREAD: 0
[2026-03-22 18:00:48] [SIM4G] URC: +QHTTPREAD: 0
[2026-03-22 18:00:49] [SIM4G] URC: +QHTTPREAD: 0
[2026-03-22 18:00:49] [SIM4G] URC: +QHTTPREAD: 0
[2026-03-22 18:00:50] [SIM4G] URC: +QHTTPREAD: 0
[2026-03-22 18:00:51] [SIM4G] URC: +QHTTPREAD: 0
[2026-03-22 18:00:51] [SIM4G] URC: +QHTTPREAD: 0
[2026-03-22 18:00:52] [SIM4G] URC: +QHTTPREAD: 0
[2026-03-22 18:00:53] [SIM4G] URC: +QHTTPREAD: 0
[2026-03-22 18:00:53] [SIM4G] RSP: AT+CGATT? | +CGATT: 1 | OK |
[2026-03-22 18:00:54] [SIM4G] STATE csq=23 dbm=-67 cgreg=5 cereg=5 cgatt=1 ip="10.68.182.38"
[2026-03-22 18:00:54] [SIM4G] URC: +QHTTPREAD: 0
[2026-03-22 18:00:55] [SIM4G] URC: +QHTTPREAD: 0
[2026-03-22 18:00:56] [SIM4G] URC: +QHTTPREAD: 0
[2026-03-22 18:00:56] [SIM4G] URC: +QHTTPREAD: 0
[2026-03-22 18:00:57] [SIM4G] URC: +QHTTPREAD: 0
[2026-03-22 18:00:58] [SIM4G] URC: +QHTTPREAD: 0
[2026-03-22 18:00:58] [SIM4G] URC: +QHTTPREAD: 0
[2026-03-22 18:00:59] [SIM4G] URC: +QHTTPREAD: 0
[2026-03-22 18:01:00] [SIM4G] URC: +QHTTPREAD: 0
[2026-03-22 18:01:00] [SIM4G] URC: +QHTTPREAD: 0
[2026-03-22 18:01:01] [SIM4G] RSP: AT+CGPADDR=1 | +CGPADDR: 1,'10.68.182.38' | OK |
[2026-03-22 18:01:01] [SIM4G] STATE csq=23 dbm=-67 cgreg=5 cereg=5 cgatt=1 ip="10.68.182.38"
[2026-03-22 18:01:02] [SIM4G] URC: +QHTTPREAD: 0
[2026-03-22 18:01:02] [SIM4G] URC: +QHTTPREAD: 0
[2026-03-22 18:01:03] [SIM4G] URC: +QHTTPREAD: 0
[2026-03-22 18:01:04] [SIM4G] URC: +QHTTPREAD: 0
[2026-03-22 18:01:04] [SIM4G] URC: +QHTTPREAD: 0
[2026-03-22 18:01:05] [SIM4G] URC: +QHTTPREAD: 0
[2026-03-22 18:01:06] [SIM4G] URC: +QHTTPREAD: 0
[2026-03-22 18:01:06] ADS value: 0.00
[2026-03-22 18:01:07] Ver: 1
[2026-03-22 18:01:07] [SIM4G] URC: +QHTTPREAD: 0
[2026-03-22 18:01:08] [SIM4G] RSP: AT+CSQ | +CSQ: 23,99 | OK |
[2026-03-22 18:01:08] [SIM4G] STATE csq=23 dbm=-67 cgreg=5 cereg=5 cgatt=1 ip="10.68.182.38"
[2026-03-22 18:01:09] [SIM4G] URC: +QHTTPREAD: 0
[2026-03-22 18:01:10] [SIM4G] URC: +QHTTPREAD: 0
[2026-03-22 18:01:10] [SIM4G] URC: +QHTTPREAD: 0
[2026-03-22 18:01:11] [SIM4G] URC: +QHTTPREAD: 0
[2026-03-22 18:01:12] [SIM4G] URC: +QHTTPREAD: 0
[2026-03-22 18:01:12] [SIM4G] URC: +QHTTPREAD: 0
[2026-03-22 18:01:13] [SIM4G] URC: +QHTTPREAD: 0
[2026-03-22 18:01:14] [SIM4G] URC: +QHTTPREAD: 0
[2026-03-22 18:01:14] [SIM4G] URC: +QHTTPREAD: 0
[2026-03-22 18:01:15] [SIM4G] URC: +QHTTPREAD: 0
[2026-03-22 18:01:15] [SIM4G] RSP: AT+CEREG? | +CEREG: 0,5 | OK |
[2026-03-22 18:01:16] [SIM4G] STATE csq=23 dbm=-67 cgreg=5 cereg=5 cgatt=1 ip="10.68.182.38"
[2026-03-22 18:01:17] [SIM4G] URC: +QHTTPREAD: 0
[2026-03-22 18:01:17] [SIM4G] URC: +QHTTPREAD: 0
[2026-03-22 18:01:18] [SIM4G] URC: +QHTTPREAD: 0
[2026-03-22 18:01:18] [SIM4G] URC: +QHTTPREAD: 0
[2026-03-22 18:01:19] [SIM4G] URC: +QHTTPREAD: 0
[2026-03-22 18:01:20] [SIM4G] URC: +QHTTPREAD: 0
[2026-03-22 18:01:20] [SIM4G] URC: +QHTTPREAD: 0
[2026-03-22 18:01:21] [SIM4G] URC: +QHTTPREAD: 0
[2026-03-22 18:01:22] [SIM4G] URC: +QHTTPREAD: 0
[2026-03-22 18:01:22] [SIM4G] URC: +QHTTPREAD: 0
[2026-03-22 18:01:23] [SIM4G] RSP: AT+CGREG? | +CGREG: 0,5 | OK |
[2026-03-22 18:01:23] [SIM4G] STATE csq=23 dbm=-67 cgreg=5 cereg=5 cgatt=1 ip="10.68.182.38"
[2026-03-22 18:01:24] [SIM4G] URC: +QHTTPREAD: 0
[2026-03-22 18:01:25] [SIM4G] URC: +QHTTPREAD: 0
[2026-03-22 18:01:25] [SIM4G] URC: +QHTTPREAD: 0
[2026-03-22 18:01:26] [SIM4G] URC: +QHTTPREAD: 0
[2026-03-22 18:01:27] [SIM4G] URC: +QHTTPREAD: 0
[2026-03-22 18:01:27] [SIM4G] URC: +QHTTPREAD: 0
[2026-03-22 18:01:28] [SIM4G] URC: +QHTTPREAD: 0
[2026-03-22 18:01:29] [SIM4G] URC: +QHTTPREAD: 0
[2026-03-22 18:01:29] [SIM4G] URC: +QHTTPREAD: 0
[2026-03-22 18:01:30] [SIM4G] URC: +QHTTPREAD: 0
[2026-03-22 18:01:30] [SIM4G] RSP: AT+CGATT? | +CGATT: 1 | OK |
[2026-03-22 18:01:31] [SIM4G] STATE csq=23 dbm=-67 cgreg=5 cereg=5 cgatt=1 ip="10.68.182.38"
[2026-03-22 18:01:32] [SIM4G] URC: +QHTTPREAD: 0
[2026-03-22 18:01:32] [SIM4G] URC: +QHTTPREAD: 0
[2026-03-22 18:01:33] [SIM4G] URC: +QHTTPREAD: 0
[2026-03-22 18:01:33] [SIM4G] URC: +QHTTPREAD: 0
[2026-03-22 18:01:34] [SIM4G] URC: +QHTTPREAD: 0
[2026-03-22 18:01:35] [SIM4G] URC: +QHTTPREAD: 0
[2026-03-22 18:01:35] [SIM4G] URC: +QHTTPREAD: 0
[2026-03-22 18:01:36] [SIM4G] URC: +QHTTPREAD: 0
[2026-03-22 18:01:37] [SIM4G] URC: +QHTTPREAD: 0
[2026-03-22 18:01:37] [SIM4G] URC: +QHTTPREAD: 0
[2026-03-22 18:01:38] [SIM4G] RSP: AT+CGPADDR=1 | +CGPADDR: 1,'10.68.182.38' | OK |
[2026-03-22 18:01:38] [SIM4G] STATE csq=23 dbm=-67 cgreg=5 cereg=5 cgatt=1 ip="10.68.182.38"
[2026-03-22 18:01:39] [SIM4G] URC: +QHTTPREAD: 0
[2026-03-22 18:01:40] [SIM4G] URC: +QHTTPREAD: 0
[2026-03-22 18:01:40] [SIM4G] URC: +QHTTPREAD: 0
[2026-03-22 18:01:41] [SIM4G] URC: +QHTTPREAD: 0
[2026-03-22 18:01:42] [SIM4G] URC: +QHTTPREAD: 0
[2026-03-22 18:01:42] [SIM4G] URC: +QHTTPREAD: 0
[2026-03-22 18:01:43] [SIM4G] URC: +QHTTPREAD: 0
[2026-03-22 18:01:44] [SIM4G] URC: +QHTTPREAD: 0
[2026-03-22 18:01:44] [SIM4G] URC: +QHTTPREAD: 0
[2026-03-22 18:01:45] [SIM4G] URC: +QHTTPREAD: 0
[2026-03-22 18:01:45] [SIM4G] RSP: AT+CSQ | +CSQ: 23,99 | OK |
[2026-03-22 18:01:46] [SIM4G] STATE csq=23 dbm=-67 cgreg=5 cereg=5 cgatt=1 ip="10.68.182.38"
[2026-03-22 18:01:47] [SIM4G] URC: +QHTTPREAD: 0
[2026-03-22 18:01:47] [SIM4G] URC: +QHTTPREAD: 0
[2026-03-22 18:01:48] [SIM4G] URC: +QHTTPREAD: 0
[2026-03-22 18:01:48] [SIM4G] URC: +QHTTPREAD: 0
[2026-03-22 18:01:49] [SIM4G] URC: +QHTTPREAD: 0
[2026-03-22 18:01:50] [SIM4G] URC: +QHTTPREAD: 0
[2026-03-22 18:01:50] [SIM4G] URC: +QHTTPREAD: 0
[2026-03-22 18:01:51] [SIM4G] URC: +QHTTPREAD: 0
[2026-03-22 18:01:52] [SIM4G] URC: +QHTTPREAD: 0
[2026-03-22 18:01:52] [SIM4G] URC: +QHTTPREAD: 0
[2026-03-22 18:01:53] [SIM4G] RSP: AT+CEREG? | +CEREG: 0,5 | OK |
[2026-03-22 18:01:53] [SIM4G] STATE csq=23 dbm=-67 cgreg=5 cereg=5 cgatt=1 ip="10.68.182.38"
[2026-03-22 18:01:54] [SIM4G] URC: +QHTTPREAD: 0
[2026-03-22 18:01:55] [SIM4G] URC: +QHTTPREAD: 0
[2026-03-22 18:01:55] [SIM4G] URC: +QHTTPREAD: 0
[2026-03-22 18:01:56] [SIM4G] URC: +QHTTPREAD: 0
[2026-03-22 18:01:56] [SIM4G] URC: +QHTTPREAD: 0
[2026-03-22 18:01:57] [SIM4G] URC: +QHTTPREAD: 0
[2026-03-22 18:01:58] [SIM4G] URC: +QHTTPREAD: 0
[2026-03-22 18:01:58] [SIM4G] URC: +QHTTPREAD: 0
[2026-03-22 18:01:59] [SIM4G] URC: +QHTTPREAD: 0
[2026-03-22 18:02:00] [SIM4G] URC: +QHTTPREAD: 0
[2026-03-22 18:02:00] [SIM4G] RSP: AT+CGREG? | +CGREG: 0,5 | OK |
[2026-03-22 18:02:01] [SIM4G] STATE csq=23 dbm=-67 cgreg=5 cereg=5 cgatt=1 ip="10.68.182.38"
[2026-03-22 18:02:01] [SIM4G] URC: +QHTTPREAD: 0
[2026-03-22 18:02:02] [SIM4G] URC: +QHTTPREAD: 0
[2026-03-22 18:02:03] [SIM4G] URC: +QHTTPREAD: 0
[2026-03-22 18:02:03] [SIM4G] URC: +QHTTPREAD: 0
[2026-03-22 18:02:04] [SIM4G] URC: +QHTTPREAD: 0
[2026-03-22 18:02:05] [SIM4G] URC: +QHTTPREAD: 0
[2026-03-22 18:02:05] [SIM4G] URC: +QHTTPREAD: 0
[2026-03-22 18:02:06] [SIM4G] URC: +QHTTPREAD: 0
[2026-03-22 18:02:07] [SIM4G] URC: +QHTTPREAD: 0
[2026-03-22 18:02:07] [SIM4G] URC: +QHTTPREAD: 0
[2026-03-22 18:02:08] [SIM4G] RSP: AT+CGATT? | +CGATT: 1 | OK |
[2026-03-22 18:02:08] [SIM4G] STATE csq=23 dbm=-67 cgreg=5 cereg=5 cgatt=1 ip="10.68.182.38"
[2026-03-22 18:02:09] [SIM4G] URC: +QHTTPREAD: 0
[2026-03-22 18:02:10] [SIM4G] URC: +QHTTPREAD: 0
[2026-03-22 18:02:56] [SIM4G] SIM4G ready: registered + attached + IP="10.11.157.71"
[2026-03-22 18:02:56] [SIM4G] URC: +QHTTPREAD: 0
[2026-03-22 18:02:57] [SIM4G] RSP: AT+CEREG? | +CEREG: 0,5 | OK |
[2026-03-22 18:02:57] [SIM4G] STATE csq=23 dbm=-67 cgreg=5 cereg=5 cgatt=-1 ip="10.11.157.71"
[2026-03-22 18:02:58] [SIM4G] URC: +QHTTPREAD: 0
[2026-03-22 18:02:59] [SIM4G] URC: +QHTTPREAD: 0
[2026-03-22 18:02:59] [SIM4G] URC: +QHTTPREAD: 0
[2026-03-22 18:03:00] [SIM4G] URC: +QHTTPREAD: 0
[2026-03-22 18:03:00] [SIM4G] URC: +QHTTPREAD: 0
[2026-03-22 18:03:01] [SIM4G] URC: +QHTTPREAD: 0
[2026-03-22 18:03:02] [SIM4G] URC: +QHTTPREAD: 0
[2026-03-22 18:03:02] [SIM4G] URC: +QHTTPREAD: 0
[2026-03-22 18:03:03] [SIM4G] URC: +QHTTPREAD: 0
[2026-03-22 18:03:04] [SIM4G] RSP: AT+CGREG? | +CGREG: 0,5 | OK |
[2026-03-22 18:03:04] [SIM4G] STATE csq=23 dbm=-67 cgreg=5 cereg=5 cgatt=-1 ip="10.11.157.71"
[2026-03-22 18:03:05] [SIM4G] URC: +QHTTPREAD: 0
[2026-03-22 18:03:06] [SIM4G] URC: +QHTTPREAD: 0
[2026-03-22 18:03:06] [SIM4G] URC: +QHTTPREAD: 0
[2026-03-22 18:03:07] [SIM4G] URC: +QHTTPREAD: 0
[2026-03-22 18:03:08] [SIM4G] URC: +QHTTPREAD: 0
[2026-03-22 18:03:08] ADS value: 0.00
[2026-03-22 18:03:09] Ver: 1
[2026-03-22 18:03:09] [SIM4G] URC: +QHTTPREAD: 0
[2026-03-22 18:03:10] [SIM4G] URC: +QHTTPREAD: 0
[2026-03-22 18:03:10] [SIM4G] URC: +QHTTPREAD: 0
[2026-03-22 18:03:11] [SIM4G] RSP: AT+CGATT? | +CGATT: 1 | OK |
[2026-03-22 18:03:12] [SIM4G] STATE csq=23 dbm=-67 cgreg=5 cereg=5 cgatt=1 ip="10.11.157.71"
[2026-03-22 18:03:12] [SIM4G] URC: +QHTTPREAD: 0
[2026-03-22 18:03:13] [SIM4G] URC: +QHTTPREAD: 0
[2026-03-22 18:03:14] [SIM4G] URC: +QHTTPREAD: 0
[2026-03-22 18:03:14] [SIM4G] URC: +QHTTPREAD: 0
[2026-03-22 18:03:15] [SIM4G] URC: +QHTTPREAD: 0
[2026-03-22 18:03:16] [SIM4G] URC: +QHTTPREAD: 0
[2026-03-22 18:03:16] [SIM4G] URC: +QHTTPREAD: 0
[2026-03-22 18:03:17] [SIM4G] URC: +QHTTPREAD: 0
[2026-03-22 18:03:18] [SIM4G] URC: +QHTTPREAD: 0
[2026-03-22 18:03:18] [SIM4G] RSP: AT+CGPADDR=1 | +CGPADDR: 1,'10.11.157.71' | OK |
[2026-03-22 18:03:19] [SIM4G] STATE csq=23 dbm=-67 cgreg=5 cereg=5 cgatt=1 ip="10.11.157.71"
[2026-03-22 18:03:19] [SIM4G] URC: +QHTTPREAD: 0
[2026-03-22 18:03:20] [SIM4G] URC: +QHTTPREAD: 0
[2026-03-22 18:03:21] [SIM4G] URC: +QHTTPREAD: 0
[2026-03-22 18:03:21] [SIM4G] URC: +QHTTPREAD: 0
[2026-03-22 18:03:22] [SIM4G] URC: +QHTTPREAD: 0
[2026-03-22 18:03:23] [SIM4G] URC: +QHTTPREAD: 0
[2026-03-22 18:03:23] [SIM4G] URC: +QHTTPREAD: 0
[2026-03-22 18:03:24] [SIM4G] URC: +QHTTPREAD: 0
[2026-03-22 18:03:25] [SIM4G] URC: +QHTTPREAD: 0
[2026-03-22 18:03:25] [SIM4G] RSP: AT+CSQ | +CSQ: 23,99 | OK |
[2026-03-22 18:03:26] [SIM4G] STATE csq=23 dbm=-67 cgreg=5 cereg=5 cgatt=1 ip="10.11.157.71"
[2026-03-22 18:03:26] [SIM4G] URC: +QHTTPREAD: 0
[2026-03-22 18:03:27] [SIM4G] URC: +QHTTPREAD: 0
[2026-03-22 18:03:28] [SIM4G] URC: +QHTTPREAD: 0
[2026-03-22 18:03:28] [SIM4G] URC: +QHTTPREAD: 0
[2026-03-22 18:03:29] [SIM4G] URC: +QHTTPREAD: 0
[2026-03-22 18:03:30] [SIM4G] URC: +QHTTPREAD: 0
[2026-03-22 18:03:31] [SIM4G] URC: +QHTTPREAD: 0
[2026-03-22 18:03:31] [SIM4G] URC: +QHTTPREAD: 0
[2026-03-22 18:05:51] [SIM4G] SIM4G ready: registered + attached + IP="10.134.113.233"
[2026-03-22 18:05:59] [SIM4G] RSP: AT+CGREG? | +CGREG: 0,5 | OK |
[2026-03-22 18:06:18] [SIM4G] RSP: CONNECT |
[2026-03-22 18:06:25] [SIM4G] Command timeout
[2026-03-22 18:06:41] [SIM4G] URC: CONNECT
[2026-03-22 18:06:50] [SIM4G] RSP: AT+CEREG? | +CEREG: 0,0 | OK |
[2026-03-22 18:06:58] [SIM4G] RSP: AT+CGREG? | +CGREG: 0,5 | OK |
[2026-03-22 18:07:06] [SIM4G] RSP: AT+CGATT? | +CGATT: 1 | OK |
[2026-03-22 18:07:17] [SIM4G] RSP: AT+CGPADDR=1 | +CGPADDR: 1,'10.134.113.233' | OK |
[2026-03-22 18:07:35] [SIM4G] URC: CONNECT
[2026-03-22 18:07:37] [SIM4G] URC: : 711
[2026-03-22 18:07:52] [SIM4G] RSP: <empty>
[2026-03-22 18:08:46] [SIM4G] Command timeout
[2026-03-22 18:08:53] [SIM4G] RSP: AT+CGATT? | +CGATT: 1 | OK |
[2026-03-22 18:09:08] [SIM4G] RSP: CONNECT |
[2026-03-22 18:09:14] [SIM4G] Command timeout
[2026-03-22 18:09:45] [SIM4G] RSP: OK |
[2026-03-22 18:13:56] [SIM4G] URC: : 711
[2026-03-22 18:13:56] [SIM4G] RSP: AT+CGATT? | +CGATT: 1 | OK |
[2026-03-22 18:13:57] [SIM4G] STATE csq=17 dbm=-79 cgreg=5 cereg=0 cgatt=1 ip="10.134.113.233"
[2026-03-22 18:13:57] [SIM4G] URC: +QHTTPREAD: 0
[2026-03-22 18:13:58] [SIM4G] URC: +QHTTPREAD: 0
[2026-03-22 18:13:59] [SIM4G] URC: +QHTTPREAD: 0
[2026-03-22 18:13:59] [SIM4G] URC: +QHTTPREAD: 0
[2026-03-22 18:14:00] [SIM4G] URC: +QHTTPREAD: 0
[2026-03-22 18:14:01] [SIM4G] URC: +QHTTPREAD: 0
[2026-03-22 18:14:01] [SIM4G] URC: +QHTTPREAD: 0
[2026-03-22 18:14:02] [SIM4G] URC: +QHTTPREAD: 0
[2026-03-22 18:14:02] [SIM4G] URC: +QHTTPREAD: 0
[2026-03-22 18:14:03] [SIM4G] URC: +QHTTPREAD: 0
[2026-03-22 18:14:04] [SIM4G] RSP: AT+CGPADDR=1 | +CGPADDR: 1,'10.134.113.233' | OK |
[2026-03-22 18:14:04] [SIM4G] STATE csq=17 dbm=-79 cgreg=5 cereg=0 cgatt=1 ip="10.134.113.233"
[2026-03-22 18:14:05] [SIM4G] URC: +QHTTPREAD: 0
[2026-03-22 18:14:05] [SIM4G] URC: +QHTTPREAD: 0
[2026-03-22 18:14:06] [SIM4G] URC: +QHTTPREAD: 0
[2026-03-22 18:14:07] [SIM4G] URC: +QHTTPREAD: 0
[2026-03-22 18:14:07] [SIM4G] URC: +QHTTPREAD: 0
[2026-03-22 18:14:08] [SIM4G] URC: +QHTTPREAD: 0
[2026-03-22 18:14:08] [SIM4G] URC: +QHTTPREAD: 0
[2026-03-22 18:14:09] [SIM4G] URC: +QHTTPREAD: 0
[2026-03-22 18:14:10] [SIM4G] URC: +QHTTPREAD: 0
[2026-03-22 18:14:10] [SIM4G] URC: +QHTTPREAD: 0
[2026-03-22 18:14:11] [SIM4G] RSP: AT+CSQ | +CSQ: 24,99 | OK |
[2026-03-22 18:14:11] [SIM4G] STATE csq=24 dbm=-65 cgreg=5 cereg=0 cgatt=1 ip="10.134.113.233"
[2026-03-22 18:14:12] [SIM4G] URC: +QHTTPREAD: 0
[2026-03-22 18:14:12] [SIM4G] URC: +QHTTPREAD: 0
[2026-03-22 18:14:13] [SIM4G] URC: +QHTTPREAD: 0
[2026-03-22 18:14:14] [SIM4G] URC: +QHTTPREAD: 0
[2026-03-22 18:14:14] [SIM4G] URC: +QHTTPREAD: 0
[2026-03-22 18:14:15] [SIM4G] URC: +QHTTPREAD: 0
[2026-03-22 18:14:15] [SIM4G] URC: +QHTTPREAD: 0
[2026-03-22 18:14:16] [SIM4G] URC: +QHTTPREAD: 0
[2026-03-22 18:14:17] [SIM4G] URC: +QHTTPREAD: 0
[2026-03-22 18:14:17] [SIM4G] URC: +QHTTPREAD: 0
[2026-03-22 18:14:18] [SIM4G] RSP: AT+CEREG? | +CEREG: 0,5 | OK |
[2026-03-22 18:14:18] [SIM4G] STATE csq=24 dbm=-65 cgreg=5 cereg=5 cgatt=1 ip="10.134.113.233"
[2026-03-22 18:14:19] [SIM4G] URC: +QHTTPREAD: 0
[2026-03-22 18:14:20] [SIM4G] URC: +QHTTPREAD: 0
[2026-03-22 18:14:20] [SIM4G] URC: +QHTTPREAD: 0
[2026-03-22 18:14:21] [SIM4G] URC: +QHTTPREAD: 0
[2026-03-22 18:14:21] [SIM4G] URC: +QHTTPREAD: 0
[2026-03-22 18:14:22] [SIM4G] URC: +QHTTPREAD: 0
[2026-03-22 18:14:23] [SIM4G] URC: +QHTTPREAD: 0
[2026-03-22 18:14:23] [SIM4G] URC: +QHTTPREAD: 0
[2026-03-22 18:14:24] [SIM4G] URC: +QHTTPREAD: 0
[2026-03-22 18:14:24] [SIM4G] URC: +QHTTPREAD: 0
[2026-03-22 18:14:25] [SIM4G] RSP: AT+CGREG? | +CGREG: 0,5 | OK |
[2026-03-22 18:14:26] [SIM4G] STATE csq=24 dbm=-65 cgreg=5 cereg=5 cgatt=1 ip="10.134.113.233"
[2026-03-22 18:14:26] [SIM4G] URC: +QHTTPREAD: 0
[2026-03-22 18:14:27] [SIM4G] URC: +QHTTPREAD: 0
[2026-03-22 18:14:27] ADS value: 0.00
[2026-03-22 18:14:28] Ver: 1
[2026-03-22 18:14:28] [SIM4G] URC: +QHTTPREAD: 0
[2026-03-22 18:14:29] [SIM4G] URC: +QHTTPREAD: 0
[2026-03-22 18:14:30] [SIM4G] URC: +QHTTPREAD: 0
[2026-03-22 18:14:30] [SIM4G] URC: +QHTTPREAD: 0
[2026-03-22 18:14:31] [SIM4G] URC: +QHTTPREAD: 0
[2026-03-22 18:14:31] [SIM4G] URC: +QHTTPREAD: 0
[2026-03-22 18:14:32] [SIM4G] RSP: AT+CGATT? | +CGATT: 1 | OK |
[2026-03-22 18:14:32] [SIM4G] STATE csq=24 dbm=-65 cgreg=5 cereg=5 cgatt=1 ip="10.134.113.233"
[2026-03-22 18:14:33] [SIM4G] URC: +QHTTPREAD: 0
[2026-03-22 18:14:34] [SIM4G] URC: +QHTTPREAD: 0
[2026-03-22 18:14:34] [SIM4G] URC: +QHTTPREAD: 0
[2026-03-22 18:14:35] [SIM4G] URC: +QHTTPREAD: 0
[2026-03-22 18:14:36] [SIM4G] URC: +QHTTPREAD: 0
[2026-03-22 18:14:36] [SIM4G] URC: +QHTTPREAD: 0
[2026-03-22 18:14:37] [SIM4G] URC: +QHTTPREAD: 0
[2026-03-22 18:14:37] [SIM4G] URC: +QHTTPREAD: 0
[2026-03-22 18:14:38] [SIM4G] URC: +QHTTPREAD: 0
[2026-03-22 18:14:39] [SIM4G] URC: +QHTTPREAD: 0
[2026-03-22 18:14:39] [SIM4G] RSP: AT+CGPADDR=1 | +CGPADDR: 1,'10.134.113.233' | OK |
[2026-03-22 18:14:40] [SIM4G] STATE csq=24 dbm=-65 cgreg=5 cereg=5 cgatt=1 ip="10.134.113.233"
[2026-03-22 18:14:40] [SIM4G] URC: +QHTTPREAD: 0
[2026-03-22 18:14:41] [SIM4G] URC: +QHTTPREAD: 0
[2026-03-22 18:14:42] [SIM4G] URC: +QHTTPREAD: 0
[2026-03-22 18:14:42] [SIM4G] URC: +QHTTPREAD: 0
[2026-03-22 18:14:43] [SIM4G] URC: +QHTTPREAD: 0
[2026-03-22 18:14:44] [SIM4G] URC: +QHTTPREAD: 0
[2026-03-22 18:14:44] [SIM4G] URC: +QHTTPREAD: 0
[2026-03-22 18:14:45] [SIM4G] URC: +QHTTPREAD: 0
[2026-03-22 18:14:45] [SIM4G] URC: +QHTTPREAD: 0
[2026-03-22 18:14:46] [SIM4G] URC: +QHTTPREAD: 0
[2026-03-22 18:14:47] [SIM4G] RSP: AT+CSQ | +CSQ: 24,99 | OK |
[2026-03-22 18:14:47] [SIM4G] STATE csq=24 dbm=-65 cgreg=5 cereg=5 cgatt=1 ip="10.134.113.233"
[2026-03-22 18:14:48] [SIM4G] URC: +QHTTPREAD: 0
[2026-03-22 18:14:48] [SIM4G] URC: +QHTTPREAD: 0
[2026-03-22 18:14:49] [SIM4G] URC: +QHTTPREAD: 0
[2026-03-22 18:14:49] [SIM4G] URC: +QHTTPREAD: 0
[2026-03-22 18:14:50] [SIM4G] URC: +QHTTPREAD: 0
[2026-03-22 18:14:51] [SIM4G] URC: +QHTTPREAD: 0
[2026-03-22 18:14:51] [SIM4G] URC: +QHTTPREAD: 0
[2026-03-22 18:14:52] [SIM4G] URC: +QHTTPREAD: 0
[2026-03-22 18:14:53] [SIM4G] URC: +QHTTPREAD: 0
[2026-03-22 18:14:53] [SIM4G] URC: +QHTTPREAD: 0
[2026-03-22 18:14:54] [SIM4G] RSP: AT+CEREG? | +CEREG: 0,5 | OK |
[2026-03-22 18:14:54] [SIM4G] STATE csq=24 dbm=-65 cgreg=5 cereg=5 cgatt=1 ip="10.134.113.233"
[2026-03-22 18:14:55] [SIM4G] URC: +QHTTPREAD: 0
[2026-03-22 18:14:55] [SIM4G] URC: +QHTTPREAD: 0
[2026-03-22 18:14:56] [SIM4G] URC: +QHTTPREAD: 0
[2026-03-22 18:14:57] [SIM4G] URC: +QHTTPREAD: 0
[2026-03-22 18:14:57] [SIM4G] URC: +QHTTPREAD: 0
[2026-03-22 18:14:58] [SIM4G] URC: +QHTTPREAD: 0
[2026-03-22 18:14:59] [SIM4G] URC: +QHTTPREAD: 0
[2026-03-22 18:14:59] [SIM4G] URC: +QHTTPREAD: 0
[2026-03-22 18:15:00] [SIM4G] URC: +QHTTPREAD: 0
[2026-03-22 18:15:01] [SIM4G] URC: +QHTTPREAD: 0
[2026-03-22 18:15:01] [SIM4G] RSP: AT+CGREG? | +CGREG: 0,5 | OK |
[2026-03-22 18:15:02] [SIM4G] STATE csq=24 dbm=-65 cgreg=5 cereg=5 cgatt=1 ip="10.134.113.233"
[2026-03-22 18:15:02] [SIM4G] URC: +QHTTPREAD: 0
[2026-03-22 18:15:03] [SIM4G] URC: +QHTTPREAD: 0
[2026-03-22 18:15:03] [SIM4G] URC: +QHTTPREAD: 0
[2026-03-22 18:15:04] [SIM4G] URC: +QHTTPREAD: 0
[2026-03-22 18:15:05] [SIM4G] URC: +QHTTPREAD: 0
[2026-03-22 18:15:05] [SIM4G] URC: +QHTTPREAD: 0
[2026-03-22 18:15:06] [SIM4G] URC: +QHTTPREAD: 0
[2026-03-22 18:15:07] [SIM4G] URC: +QHTTPREAD: 0
[2026-03-22 18:15:07] [SIM4G] URC: +QHTTPREAD: 0
[2026-03-22 18:15:08] [SIM4G] URC: +QHTTPREAD: 0
[2026-03-22 18:15:08] [SIM4G] RSP: AT+CGATT? | +CGATT: 1 | OK |
[2026-03-22 18:15:09] [SIM4G] STATE csq=24 dbm=-65 cgreg=5 cereg=5 cgatt=1 ip="10.134.113.233"
[2026-03-22 18:15:10] [SIM4G] URC: +QHTTPREAD: 0
[2026-03-22 18:15:10] [SIM4G] URC: +QHTTPREAD: 0
[2026-03-22 18:15:11] [SIM4G] URC: +QHTTPREAD: 0
[2026-03-22 18:15:11] [SIM4G] URC: +QHTTPREAD: 0
[2026-03-22 18:15:12] [SIM4G] URC: +QHTTPREAD: 0
[2026-03-22 18:15:13] [SIM4G] URC: +QHTTPREAD: 0
[2026-03-22 18:15:13] [SIM4G] URC: +QHTTPREAD: 0
[2026-03-22 18:15:14] [SIM4G] URC: +QHTTPREAD: 0
[2026-03-22 18:15:15] [SIM4G] URC: +QHTTPREAD: 0
[2026-03-22 18:15:15] [SIM4G] URC: +QHTTPREAD: 0
[2026-03-22 18:15:16] [SIM4G] RSP: AT+CGPADDR=1 | +CGPADDR: 1,'10.134.113.233' | OK |
[2026-03-22 18:15:16] [SIM4G] STATE csq=24 dbm=-65 cgreg=5 cereg=5 cgatt=1 ip="10.134.113.233"
[2026-03-22 18:15:17] [SIM4G] URC: +QHTTPREAD: 0
[2026-03-22 18:15:18] [SIM4G] URC: +QHTTPREAD: 0
[2026-03-22 18:15:18] [SIM4G] URC: +QHTTPREAD: 0
[2026-03-22 18:15:19] [SIM4G] URC: +QHTTPREAD: 0
[2026-03-22 18:15:19] [SIM4G] URC: +QHTTPREAD: 0
[2026-03-22 18:15:20] [SIM4G] URC: +QHTTPREAD: 0
[2026-03-22 18:15:21] [SIM4G] URC: +QHTTPREAD: 0
[2026-03-22 18:15:21] [SIM4G] URC: +QHTTPREAD: 0
[2026-03-22 18:15:22] [SIM4G] URC: +QHTTPREAD: 0
[2026-03-22 18:15:23] [SIM4G] URC: +QHTTPREAD: 0
[2026-03-22 18:15:23] [SIM4G] RSP: AT+CSQ | +CSQ: 24,99 | OK |
[2026-03-22 18:15:24] [SIM4G] STATE csq=24 dbm=-65 cgreg=5 cereg=5 cgatt=1 ip="10.134.113.233"
[2026-03-22 18:15:24] [SIM4G] URC: +QHTTPREAD: 0
[2026-03-22 18:15:25] [SIM4G] URC: +QHTTPREAD: 0
[2026-03-22 18:15:26] [SIM4G] URC: +QHTTPREAD: 0
[2026-03-22 18:15:26] [SIM4G] URC: +QHTTPREAD: 0
[2026-03-22 18:15:27] [SIM4G] URC: +QHTTPREAD: 0
[2026-03-22 18:15:27] [SIM4G] URC: +QHTTPREAD: 0
[2026-03-22 18:15:28] [SIM4G] URC: +QHTTPREAD: 0
[2026-03-22 18:15:29] ADS value: 0.00
[2026-03-22 18:15:29] Ver: 1
[2026-03-22 18:15:30] [SIM4G] URC: +QHTTPREAD: 0
[2026-03-22 18:15:30] [SIM4G] RSP: AT+CEREG? | +CEREG: 0,5 | OK |
[2026-03-22 18:15:31] [SIM4G] STATE csq=24 dbm=-65 cgreg=5 cereg=5 cgatt=1 ip="10.134.113.233"
[2026-03-22 18:15:31] [SIM4G] URC: +QHTTPREAD: 0
[2026-03-22 18:15:32] [SIM4G] URC: +QHTTPREAD: 0
[2026-03-22 18:15:33] [SIM4G] URC: +QHTTPREAD: 0
[2026-03-22 18:15:33] [SIM4G] URC: +QHTTPREAD: 0
[2026-03-22 18:15:34] [SIM4G] URC: +QHTTPREAD: 0
[2026-03-22 18:15:35] [SIM4G] URC: +QHTTPREAD: 0
[2026-03-22 18:15:35] [SIM4G] URC: +QHTTPREAD: 0
[2026-03-22 18:15:36] [SIM4G] URC: +QHTTPREAD: 0
[2026-03-22 18:15:37] [SIM4G] URC: +QHTTPREAD: 0
[2026-03-22 18:15:37] [SIM4G] URC: +QHTTPREAD: 0
[2026-03-22 18:15:38] [SIM4G] RSP: AT+CGREG? | +CGREG: 0,5 | OK |
[2026-03-22 18:15:38] [SIM4G] STATE csq=24 dbm=-65 cgreg=5 cereg=5 cgatt=1 ip="10.134.113.233"
[2026-03-22 18:15:39] [SIM4G] URC: +QHTTPREAD: 0
[2026-03-22 18:15:39] [SIM4G] URC: +QHTTPREAD: 0
[2026-03-22 18:15:40] [SIM4G] URC: +QHTTPREAD: 0
[2026-03-22 18:15:41] [SIM4G] URC: +QHTTPREAD: 0
[2026-03-22 18:15:41] [SIM4G] URC: +QHTTPREAD: 0
[2026-03-22 18:15:42] [SIM4G] URC: +QHTTPREAD: 0
[2026-03-22 18:15:43] [SIM4G] URC: +QHTTPREAD: 0
[2026-03-22 18:15:43] [SIM4G] URC: +QHTTPREAD: 0
[2026-03-22 18:15:44] [SIM4G] URC: +QHTTPREAD: 0
[2026-03-22 18:15:44] [SIM4G] URC: +QHTTPREAD: 0
[2026-03-22 18:15:45] [SIM4G] RSP: AT+CGATT? | +CGATT: 1 | OK |
[2026-03-22 18:15:45] [SIM4G] STATE csq=24 dbm=-65 cgreg=5 cereg=5 cgatt=1 ip="10.134.113.233"
[2026-03-22 18:15:46] [SIM4G] URC: +QHTTPREAD: 0
[2026-03-22 18:15:47] [SIM4G] URC: +QHTTPREAD: 0
[2026-03-22 18:15:47] [SIM4G] URC: +QHTTPREAD: 0
[2026-03-22 18:15:48] [SIM4G] URC: +QHTTPREAD: 0
[2026-03-22 18:15:49] [SIM4G] URC: +QHTTPREAD: 0
[2026-03-22 18:15:50] [SIM4G] URC: +QHTTPREAD: 0
[2026-03-22 18:15:50] [SIM4G] URC: +QHTTPREAD: 0
[2026-03-22 18:15:51] [SIM4G] URC: +QHTTPREAD: 0
[2026-03-22 18:15:52] [SIM4G] URC: +QHTTPREAD: 0
[2026-03-22 18:15:52] [SIM4G] RSP: AT+CGPADDR=1 | +CGPADDR: 1,'10.134.113.233' | OK |
[2026-03-22 18:15:53] [SIM4G] STATE csq=24 dbm=-65 cgreg=5 cereg=5 cgatt=1 ip="10.134.113.233"
[2026-03-22 18:15:53] [SIM4G] URC: +QHTTPREAD: 0
[2026-03-22 18:15:54] [SIM4G] URC: +QHTTPREAD: 0
[2026-03-22 18:15:55] [SIM4G] URC: +QHTTPREAD: 0
[2026-03-22 18:15:55] [SIM4G] URC: +QHTTPREAD: 0
[2026-03-22 18:15:56] [SIM4G] URC: +QHTTPREAD: 0
[2026-03-22 18:15:57] [SIM4G] URC: +QHTTPREAD: 0
[2026-03-22 18:15:57] [SIM4G] URC: +QHTTPREAD: 0
[2026-03-22 18:15:58] [SIM4G] URC: +QHTTPREAD: 0
[2026-03-22 18:15:59] [SIM4G] URC: +QHTTPREAD: 0
[2026-03-22 18:15:59] [SIM4G] URC: +QHTTPREAD: 0
[2026-03-22 18:16:00] [SIM4G] RSP: AT+CSQ | +CSQ: 23,99 | OK |
[2026-03-22 18:16:00] [SIM4G] STATE csq=23 dbm=-67 cgreg=5 cereg=5 cgatt=1 ip="10.134.113.233"
[2026-03-22 18:16:01] [SIM4G] URC: +QHTTPREAD: 0
[2026-03-22 18:16:01] [SIM4G] URC: +QHTTPREAD: 0
[2026-03-22 18:16:02] [SIM4G] URC: +QHTTPREAD: 0
[2026-03-22 18:16:03] [SIM4G] URC: +QHTTPREAD: 0
[2026-03-22 18:16:03] [SIM4G] URC: +QHTTPREAD: 0
[2026-03-22 18:16:04] [SIM4G] URC: +QHTTPREAD: 0
[2026-03-22 18:16:05] [SIM4G] URC: +QHTTPREAD: 0
[2026-03-22 18:16:05] [SIM4G] URC: +QHTTPREAD: 0
[2026-03-22 18:16:06] [SIM4G] URC: +QHTTPREAD: 0
[2026-03-22 18:16:06] [SIM4G] URC: +QHTTPREAD: 0
[2026-03-22 18:16:07] [SIM4G] RSP: AT+CEREG? | +CEREG: 0,5 | OK |
[2026-03-22 18:16:07] [SIM4G] STATE csq=23 dbm=-67 cgreg=5 cereg=5 cgatt=1 ip="10.134.113.233"
[2026-03-22 18:16:08] [SIM4G] URC: +QHTTPREAD: 0
[2026-03-22 18:16:09] [SIM4G] URC: +QHTTPREAD: 0
[2026-03-22 18:16:09] [SIM4G] URC: +QHTTPREAD: 0
[2026-03-22 18:16:10] [SIM4G] URC: +QHTTPREAD: 0
[2026-03-22 18:16:11] [SIM4G] URC: +QHTTPREAD: 0
[2026-03-22 18:16:11] [SIM4G] URC: +QHTTPREAD: 0
[2026-03-22 18:16:12] [SIM4G] URC: +QHTTPREAD: 0
[2026-03-22 18:16:13] [SIM4G] URC: +QHTTPREAD: 0
[2026-03-22 18:16:13] [SIM4G] URC: +QHTTPREAD: 0
[2026-03-22 18:16:14] [SIM4G] URC: +QHTTPREAD: 0
[2026-03-22 18:16:14] [SIM4G] RSP: AT+CGREG? | +CGREG: 0,5 | OK |
[2026-03-22 18:16:15] [SIM4G] STATE csq=23 dbm=-67 cgreg=5 cereg=5 cgatt=1 ip="10.134.113.233"
[2026-03-22 18:16:15] [SIM4G] URC: +QHTTPREAD: 0
[2026-03-22 18:16:16] [SIM4G] URC: +QHTTPREAD: 0
[2026-03-22 18:16:17] [SIM4G] URC: +QHTTPREAD: 0
[2026-03-22 18:16:17] [SIM4G] URC: +QHTTPREAD: 0
[2026-03-22 18:16:18] [SIM4G] URC: +QHTTPREAD: 0
[2026-03-22 18:16:19] [SIM4G] URC: +QHTTPREAD: 0
[2026-03-22 18:16:19] [SIM4G] URC: +QHTTPREAD: 0
[2026-03-22 18:16:20] [SIM4G] URC: +QHTTPREAD: 0
[2026-03-22 18:16:21] [SIM4G] URC: +QHTTPREAD: 0
[2026-03-22 18:16:21] [SIM4G] URC: +QHTTPREAD: 0
[2026-03-22 18:16:22] [SIM4G] RSP: AT+CGATT? | +CGATT: 1 | OK |
[2026-03-22 18:16:22] [SIM4G] STATE csq=23 dbm=-67 cgreg=5 cereg=5 cgatt=1 ip="10.134.113.233"
[2026-03-22 18:16:23] [SIM4G] URC: +QHTTPREAD: 0
[2026-03-22 18:16:23] [SIM4G] URC: +QHTTPREAD: 0
[2026-03-22 18:16:24] [SIM4G] URC: +QHTTPREAD: 0
[2026-03-22 18:16:25] [SIM4G] URC: +QHTTPREAD: 0
[2026-03-22 18:16:25] [SIM4G] URC: +QHTTPREAD: 0
[2026-03-22 18:16:26] [SIM4G] URC: +QHTTPREAD: 0
[2026-03-22 18:16:27] [SIM4G] URC: +QHTTPREAD: 0
[2026-03-22 18:16:27] [SIM4G] URC: +QHTTPREAD: 0
[2026-03-22 18:16:28] [SIM4G] URC: +QHTTPREAD: 0
[2026-03-22 18:16:29] [SIM4G] URC: +QHTTPREAD: 0
[2026-03-22 18:16:29] [SIM4G] RSP: AT+CGPADDR=1 | +CGPADDR: 1,'10.134.113.233' | OK |
[2026-03-22 18:16:29] [SIM4G] STATE csq=23 dbm=-67 cgreg=5 cereg=5 cgatt=1 ip="10.134.113.233"
[2026-03-22 18:16:30] ADS value: 0.00
[2026-03-22 18:16:30] Ver: 1
[2026-03-22 18:16:31] [SIM4G] URC: +QHTTPREAD: 0
[2026-03-22 18:16:32] [SIM4G] URC: +QHTTPREAD: 0
[2026-03-22 18:16:32] [SIM4G] URC: +QHTTPREAD: 0
[2026-03-22 18:16:33] [SIM4G] URC: +QHTTPREAD: 0
[2026-03-22 18:16:34] [SIM4G] URC: +QHTTPREAD: 0
[2026-03-22 18:16:34] [SIM4G] URC: +QHTTPREAD: 0
[2026-03-22 18:16:35] [SIM4G] URC: +QHTTPREAD: 0
[2026-03-22 18:16:35] [SIM4G] URC: +QHTTPREAD: 0
[2026-03-22 18:16:36] [SIM4G] RSP: AT+CSQ | +CSQ: 24,99 | OK |
[2026-03-22 18:16:37] [SIM4G] STATE csq=24 dbm=-65 cgreg=5 cereg=5 cgatt=1 ip="10.134.113.233"
[2026-03-22 18:16:37] [SIM4G] URC: +QHTTPREAD: 0
[2026-03-22 18:16:38] [SIM4G] URC: +QHTTPREAD: 0
[2026-03-22 18:16:38] [SIM4G] URC: +QHTTPREAD: 0
[2026-03-22 18:16:39] [SIM4G] URC: +QHTTPREAD: 0
[2026-03-22 18:16:40] [SIM4G] URC: +QHTTPREAD: 0
[2026-03-22 18:16:40] [SIM4G] URC: +QHTTPREAD: 0
[2026-03-22 18:16:41] [SIM4G] URC: +QHTTPREAD: 0
[2026-03-22 18:16:41] [SIM4G] URC: +QHTTPREAD: 0
[2026-03-22 18:16:42] [SIM4G] URC: +QHTTPREAD: 0
[2026-03-22 18:16:43] [SIM4G] URC: +QHTTPREAD: 0
[2026-03-22 18:16:43] [SIM4G] RSP: AT+CEREG? | +CEREG: 0,5 | OK |
[2026-03-22 18:16:44] [SIM4G] STATE csq=24 dbm=-65 cgreg=5 cereg=5 cgatt=1 ip="10.134.113.233"
[2026-03-22 18:16:44] [SIM4G] URC: +QHTTPREAD: 0
[2026-03-22 18:16:45] [SIM4G] URC: +QHTTPREAD: 0
[2026-03-22 18:16:46] [SIM4G] URC: +QHTTPREAD: 0
[2026-03-22 18:16:46] [SIM4G] URC: +QHTTPREAD: 0
[2026-03-22 18:16:47] [SIM4G] URC: +QHTTPREAD: 0
[2026-03-22 18:16:47] [SIM4G] URC: +QHTTPREAD: 0
[2026-03-22 18:16:48] [SIM4G] URC: +QHTTPREAD: 0
[2026-03-22 18:16:49] [SIM4G] URC: +QHTTPREAD: 0
[2026-03-22 18:16:49] [SIM4G] URC: +QHTTPREAD: 0
[2026-03-22 18:16:50] [SIM4G] URC: +QHTTPREAD: 0
[2026-03-22 18:16:50] [SIM4G] RSP: AT+CGREG? | +CGREG: 0,5 | OK |
[2026-03-22 18:16:51] [SIM4G] STATE csq=24 dbm=-65 cgreg=5 cereg=5 cgatt=1 ip="10.134.113.233"
[2026-03-22 18:16:52] [SIM4G] URC: +QHTTPREAD: 0
[2026-03-22 18:16:52] [SIM4G] URC: +QHTTPREAD: 0
[2026-03-22 18:16:53] [SIM4G] URC: +QHTTPREAD: 0
[2026-03-22 18:16:53] [SIM4G] URC: +QHTTPREAD: 0
[2026-03-22 18:16:54] [SIM4G] URC: +QHTTPREAD: 0
[2026-03-22 18:16:55] [SIM4G] URC: +QHTTPREAD: 0
[2026-03-22 18:16:55] [SIM4G] URC: +QHTTPREAD: 0
[2026-03-22 18:16:56] [SIM4G] URC: +QHTTPREAD: 0
[2026-03-22 18:16:57] [SIM4G] URC: +QHTTPREAD: 0
[2026-03-22 18:16:57] [SIM4G] URC: +QHTTPREAD: 0
[2026-03-22 18:16:58] [SIM4G] RSP: AT+CGATT? | +CGATT: 1 | OK |
[2026-03-22 18:16:58] [SIM4G] STATE csq=24 dbm=-65 cgreg=5 cereg=5 cgatt=1 ip="10.134.113.233"
[2026-03-22 18:16:59] [SIM4G] URC: +QHTTPREAD: 0
[2026-03-22 18:16:59] [SIM4G] URC: +QHTTPREAD: 0
[2026-03-22 18:17:00] [SIM4G] URC: +QHTTPREAD: 0
[2026-03-22 18:17:01] [SIM4G] URC: +QHTTPREAD: 0
[2026-03-22 18:17:01] [SIM4G] URC: +QHTTPREAD: 0
[2026-03-22 18:17:02] [SIM4G] URC: +QHTTPREAD: 0
[2026-03-22 18:17:03] [SIM4G] URC: +QHTTPREAD: 0
[2026-03-22 18:17:03] [SIM4G] URC: +QHTTPREAD: 0
[2026-03-22 18:17:04] [SIM4G] URC: +QHTTPREAD: 0
[2026-03-22 18:17:04] [SIM4G] URC: +QHTTPREAD: 0
[2026-03-22 18:17:05] [SIM4G] RSP: AT+CGPADDR=1 | +CGPADDR: 1,'10.134.113.233' | OK |
[2026-03-22 18:17:06] [SIM4G] STATE csq=24 dbm=-65 cgreg=5 cereg=5 cgatt=1 ip="10.134.113.233"
[2026-03-22 18:17:06] [SIM4G] URC: +QHTTPREAD: 0
[2026-03-22 18:17:07] [SIM4G] URC: +QHTTPREAD: 0
[2026-03-22 18:17:07] [SIM4G] URC: +QHTTPREAD: 0
[2026-03-22 18:17:08] [SIM4G] URC: +QHTTPREAD: 0
[2026-03-22 18:17:09] [SIM4G] URC: +QHTTPREAD: 0
[2026-03-22 18:17:09] [SIM4G] URC: +QHTTPREAD: 0
[2026-03-22 18:17:10] [SIM4G] URC: +QHTTPREAD: 0
[2026-03-22 18:17:11] [SIM4G] URC: +QHTTPREAD: 0
[2026-03-22 18:17:11] [SIM4G] URC: +QHTTPREAD: 0
[2026-03-22 18:17:12] [SIM4G] URC: +QHTTPREAD: 0
[2026-03-22 18:17:12] [SIM4G] RSP: AT+CSQ | +CSQ: 23,99 | OK |
[2026-03-22 18:17:13] [SIM4G] STATE csq=23 dbm=-67 cgreg=5 cereg=5 cgatt=1 ip="10.134.113.233"
[2026-03-22 18:17:14] [SIM4G] URC: +QHTTPREAD: 0
[2026-03-22 18:17:14] [SIM4G] URC: +QHTTPREAD: 0
[2026-03-22 18:17:15] [SIM4G] URC: +QHTTPREAD: 0
[2026-03-22 18:17:15] [SIM4G] URC: +QHTTPREAD: 0
[2026-03-22 18:17:16] [SIM4G] URC: +QHTTPREAD: 0
[2026-03-22 18:17:17] [SIM4G] URC: +QHTTPREAD: 0
[2026-03-22 18:17:17] [SIM4G] URC: +QHTTPREAD: 0
[2026-03-22 18:17:18] [SIM4G] URC: +QHTTPREAD: 0
[2026-03-22 18:17:18] [SIM4G] URC: +QHTTPREAD: 0
[2026-03-22 18:17:19] [SIM4G] URC: +QHTTPREAD: 0
[2026-03-22 18:17:20] [SIM4G] RSP: AT+CEREG? | +CEREG: 0,5 | OK |
[2026-03-22 18:17:20] [SIM4G] STATE csq=23 dbm=-67 cgreg=5 cereg=5 cgatt=1 ip="10.134.113.233"
[2026-03-22 18:17:21] [SIM4G] URC: +QHTTPREAD: 0
[2026-03-22 18:17:21] [SIM4G] URC: +QHTTPREAD: 0
[2026-03-22 18:17:22] [SIM4G] URC: +QHTTPREAD: 0
[2026-03-22 18:17:23] [SIM4G] URC: +QHTTPREAD: 0
[2026-03-22 18:17:23] [SIM4G] URC: +QHTTPREAD: 0
[2026-03-22 18:17:24] [SIM4G] URC: +QHTTPREAD: 0
[2026-03-22 18:17:25] [SIM4G] URC: +QHTTPREAD: 0
[2026-03-22 18:17:25] [SIM4G] URC: +QHTTPREAD: 0
[2026-03-22 18:17:26] [SIM4G] URC: +QHTTPREAD: 0
[2026-03-22 18:17:26] [SIM4G] URC: +QHTTPREAD: 0
[2026-03-22 18:17:27] [SIM4G] RSP: AT+CGREG? | +CGREG: 0,5 | OK |
[2026-03-22 18:17:28] [SIM4G] STATE csq=23 dbm=-67 cgreg=5 cereg=5 cgatt=1 ip="10.134.113.233"
[2026-03-22 18:17:28] [SIM4G] URC: +QHTTPREAD: 0
[2026-03-22 18:17:29] [SIM4G] URC: +QHTTPREAD: 0
[2026-03-22 18:17:29] [SIM4G] URC: +QHTTPREAD: 0
[2026-03-22 18:17:30] [SIM4G] URC: +QHTTPREAD: 0
[2026-03-22 18:17:31] [SIM4G] URC: +QHTTPREAD: 0
[2026-03-22 18:17:31] ADS value: 0.00
[2026-03-22 18:17:32] Ver: 1
[2026-03-22 18:17:32] [SIM4G] URC: +QHTTPREAD: 0
[2026-03-22 18:17:33] [SIM4G] URC: +QHTTPREAD: 0
[2026-03-22 18:17:34] [SIM4G] URC: +QHTTPREAD: 0
[2026-03-22 18:17:34] [SIM4G] RSP: AT+CGATT? | +CGATT: 1 | OK |
[2026-03-22 18:17:35] [SIM4G] STATE csq=23 dbm=-67 cgreg=5 cereg=5 cgatt=1 ip="10.134.113.233"
[2026-03-22 18:17:35] [SIM4G] URC: +QHTTPREAD: 0
[2026-03-22 18:17:36] [SIM4G] URC: +QHTTPREAD: 0
[2026-03-22 18:17:36] [SIM4G] URC: +QHTTPREAD: 0
[2026-03-22 18:17:37] [SIM4G] URC: +QHTTPREAD: 0
[2026-03-22 18:17:38] [SIM4G] URC: +QHTTPREAD: 0
[2026-03-22 18:17:38] [SIM4G] URC: +QHTTPREAD: 0
[2026-03-22 18:17:39] [SIM4G] URC: +QHTTPREAD: 0
[2026-03-22 18:17:40] [SIM4G] URC: +QHTTPREAD: 0
[2026-03-22 18:17:40] [SIM4G] URC: +QHTTPREAD: 0
[2026-03-22 18:17:41] [SIM4G] URC: +QHTTPREAD: 0
[2026-03-22 18:17:41] [SIM4G] RSP: AT+CGPADDR=1 | +CGPADDR: 1,'10.134.113.233' | OK |
[2026-03-22 18:17:42] [SIM4G] STATE csq=23 dbm=-67 cgreg=5 cereg=5 cgatt=1 ip="10.134.113.233"
[2026-03-22 18:17:43] [SIM4G] URC: +QHTTPREAD: 0
[2026-03-22 18:17:43] [SIM4G] URC: +QHTTPREAD: 0
[2026-03-22 18:17:44] [SIM4G] URC: +QHTTPREAD: 0
[2026-03-22 18:17:44] [SIM4G] URC: +QHTTPREAD: 0
[2026-03-22 18:17:45] [SIM4G] URC: +QHTTPREAD: 0
[2026-03-22 18:17:46] [SIM4G] URC: +QHTTPREAD: 0
[2026-03-22 18:17:46] [SIM4G] URC: +QHTTPREAD: 0
[2026-03-22 18:17:47] [SIM4G] URC: +QHTTPREAD: 0
[2026-03-22 18:17:48] [SIM4G] URC: +QHTTPREAD: 0
[2026-03-22 18:17:48] [SIM4G] URC: +QHTTPREAD: 0
[2026-03-22 18:17:49] [SIM4G] RSP: AT+CSQ | +CSQ: 24,99 | OK |
[2026-03-22 18:17:49] [SIM4G] STATE csq=24 dbm=-65 cgreg=5 cereg=5 cgatt=1 ip="10.134.113.233"
[2026-03-22 18:17:50] [SIM4G] URC: +QHTTPREAD: 0
[2026-03-22 18:17:51] [SIM4G] URC: +QHTTPREAD: 0
[2026-03-22 18:17:51] [SIM4G] URC: +QHTTPREAD: 0
[2026-03-22 18:17:52] [SIM4G] URC: +QHTTPREAD: 0
[2026-03-22 18:17:52] [SIM4G] URC: +QHTTPREAD: 0
[2026-03-22 18:17:53] [SIM4G] URC: +QHTTPREAD: 0
[2026-03-22 18:17:54] [SIM4G] URC: +QHTTPREAD: 0
[2026-03-22 18:17:54] [SIM4G] URC: +QHTTPREAD: 0
[2026-03-22 18:17:55] [SIM4G] URC: +QHTTPREAD: 0
[2026-03-22 18:17:56] [SIM4G] URC: +QHTTPREAD: 0
[2026-03-22 18:17:56] [SIM4G] RSP: AT+CEREG? | +CEREG: 0,5 | OK |
[2026-03-22 18:17:57] [SIM4G] STATE csq=24 dbm=-65 cgreg=5 cereg=5 cgatt=1 ip="10.134.113.233"
[2026-03-22 18:17:57] [SIM4G] URC: +QHTTPREAD: 0
[2026-03-22 18:17:58] [SIM4G] URC: +QHTTPREAD: 0
[2026-03-22 18:17:59] [SIM4G] URC: +QHTTPREAD: 0
[2026-03-22 18:17:59] [SIM4G] URC: +QHTTPREAD: 0
[2026-03-22 18:18:00] [SIM4G] URC: +QHTTPREAD: 0
[2026-03-22 18:18:00] [SIM4G] URC: +QHTTPREAD: 0
[2026-03-22 18:18:01] [SIM4G] URC: +QHTTPREAD: 0
[2026-03-22 18:18:02] [SIM4G] URC: +QHTTPREAD: 0
[2026-03-22 18:18:02] [SIM4G] URC: +QHTTPREAD: 0
[2026-03-22 18:18:03] [SIM4G] URC: +QHTTPREAD: 0
[2026-03-22 18:18:03] [SIM4G] RSP: AT+CGREG? | +CGREG: 0,5 | OK |
[2026-03-22 18:18:04] [SIM4G] STATE csq=24 dbm=-65 cgreg=5 cereg=5 cgatt=1 ip="10.134.113.233"
[2026-03-22 18:18:05] [SIM4G] URC: +QHTTPREAD: 0
[2026-03-22 18:18:05] [SIM4G] URC: +QHTTPREAD: 0
[2026-03-22 18:18:06] [SIM4G] URC: +QHTTPREAD: 0
[2026-03-22 18:18:06] [SIM4G] URC: +QHTTPREAD: 0
[2026-03-22 18:18:07] [SIM4G] URC: +QHTTPREAD: 0
[2026-03-22 18:18:08] [SIM4G] URC: +QHTTPREAD: 0
[2026-03-22 18:18:08] [SIM4G] URC: +QHTTPREAD: 0
[2026-03-22 18:18:09] [SIM4G] URC: +QHTTPREAD: 0
[2026-03-22 18:18:10] [SIM4G] URC: +QHTTPREAD: 0
[2026-03-22 18:18:10] [SIM4G] URC: +QHTTPREAD: 0
[2026-03-22 18:18:11] [SIM4G] RSP: AT+CGATT? | +CGATT: 1 | OK |
[2026-03-22 18:18:11] [SIM4G] STATE csq=24 dbm=-65 cgreg=5 cereg=5 cgatt=1 ip="10.134.113.233"
[2026-03-22 18:18:12] [SIM4G] URC: +QHTTPREAD: 0
[2026-03-22 18:18:12] [SIM4G] URC: +QHTTPREAD: 0
[2026-03-22 18:18:13] [SIM4G] URC: +QHTTPREAD: 0
[2026-03-22 18:18:14] [SIM4G] URC: +QHTTPREAD: 0
[2026-03-22 18:18:14] [SIM4G] URC: +QHTTPREAD: 0
[2026-03-22 18:18:15] [SIM4G] URC: +QHTTPREAD: 0
[2026-03-22 18:18:16] [SIM4G] URC: +QHTTPREAD: 0
[2026-03-22 18:18:16] [SIM4G] URC: +QHTTPREAD: 0
[2026-03-22 18:18:17] [SIM4G] URC: +QHTTPREAD: 0
[2026-03-22 18:18:18] [SIM4G] URC: +QHTTPREAD: 0
[2026-03-22 18:18:18] [SIM4G] RSP: AT+CGPADDR=1 | +CGPADDR: 1,'10.134.113.233' | OK |
[2026-03-22 18:18:19] [SIM4G] STATE csq=24 dbm=-65 cgreg=5 cereg=5 cgatt=1 ip="10.134.113.233"
[2026-03-22 18:18:19] [SIM4G] URC: +QHTTPREAD: 0
[2026-03-22 18:18:20] [SIM4G] URC: +QHTTPREAD: 0
[2026-03-22 18:18:21] [SIM4G] URC: +QHTTPREAD: 0
[2026-03-22 18:18:21] [SIM4G] URC: +QHTTPREAD: 0
[2026-03-22 18:18:22] [SIM4G] URC: +QHTTPREAD: 0
[2026-03-22 18:18:23] [SIM4G] URC: +QHTTPREAD: 0
[2026-03-22 18:18:23] [SIM4G] URC: +QHTTPREAD: 0
[2026-03-22 18:18:24] [SIM4G] URC: +QHTTPREAD: 0
[2026-03-22 18:18:24] [SIM4G] URC: +QHTTPREAD: 0
[2026-03-22 18:18:25] [SIM4G] URC: +QHTTPREAD: 0
[2026-03-22 18:18:26] [SIM4G] RSP: AT+CSQ | +CSQ: 23,99 | OK |
[2026-03-22 18:18:26] [SIM4G] STATE csq=23 dbm=-67 cgreg=5 cereg=5 cgatt=1 ip="10.134.113.233"
[2026-03-22 18:18:27] [SIM4G] URC: +QHTTPREAD: 0
[2026-03-22 18:18:27] [SIM4G] URC: +QHTTPREAD: 0
[2026-03-22 18:18:28] [SIM4G] URC: +QHTTPREAD: 0
[2026-03-22 18:18:29] [SIM4G] URC: +QHTTPREAD: 0
[2026-03-22 18:18:29] [SIM4G] URC: +QHTTPREAD: 0
[2026-03-22 18:18:30] [SIM4G] URC: +QHTTPREAD: 0
[2026-03-22 18:18:30] [SIM4G] URC: +QHTTPREAD: 0
[2026-03-22 18:18:31] [SIM4G] URC: +QHTTPREAD: 0
[2026-03-22 18:18:32] [SIM4G] URC: +QHTTPREAD: 0
[2026-03-22 18:18:32] ADS value: 0.00
[2026-03-22 18:18:33] Ver: 1
[2026-03-22 18:18:33] [SIM4G] RSP: AT+CEREG? | +CEREG: 0,5 | OK |
[2026-03-22 18:18:34] [SIM4G] STATE csq=23 dbm=-67 cgreg=5 cereg=5 cgatt=1 ip="10.134.113.233"
[2026-03-22 18:18:34] [SIM4G] URC: +QHTTPREAD: 0
[2026-03-22 18:18:35] [SIM4G] URC: +QHTTPREAD: 0
[2026-03-22 18:18:36] [SIM4G] URC: +QHTTPREAD: 0
[2026-03-22 18:18:36] [SIM4G] URC: +QHTTPREAD: 0
[2026-03-22 18:18:37] [SIM4G] URC: +QHTTPREAD: 0
[2026-03-22 18:18:38] [SIM4G] URC: +QHTTPREAD: 0
[2026-03-22 18:18:38] [SIM4G] URC: +QHTTPREAD: 0
[2026-03-22 18:18:39] [SIM4G] URC: +QHTTPREAD: 0
[2026-03-22 18:18:39] [SIM4G] URC: +QHTTPREAD: 0
[2026-03-22 18:18:40] [SIM4G] URC: +QHTTPREAD: 0
[2026-03-22 18:18:41] [SIM4G] RSP: AT+CGREG? | +CGREG: 0,5 | OK |
[2026-03-22 18:18:41] [SIM4G] STATE csq=23 dbm=-67 cgreg=5 cereg=5 cgatt=1 ip="10.134.113.233"
[2026-03-22 18:18:42] [SIM4G] URC: +QHTTPREAD: 0
[2026-03-22 18:18:42] [SIM4G] URC: +QHTTPREAD: 0
[2026-03-22 18:18:43] [SIM4G] URC: +QHTTPREAD: 0
[2026-03-22 18:18:44] [SIM4G] URC: +QHTTPREAD: 0
[2026-03-23 08:34:53] [SIM4G] SIM4G ready: registered + attached + IP="10.15.70.143"
[2026-03-23 08:34:53] [SIM4G] URC: +QHTTPREAD: 0
[2026-03-23 08:34:54] [SIM4G] URC: +QHTTPREAD: 0
[2026-03-23 08:34:55] [SIM4G] URC: +QHTTPREAD: 0
[2026-03-23 08:34:55] [SIM4G] RSP: AT+CGPADDR=1 | +CGPADDR: 1,'10.15.70.143' | OK |
[2026-03-23 08:34:56] [SIM4G] STATE csq=99 dbm=-999 cgreg=0 cereg=5 cgatt=-1 ip="10.15.70.143"
[2026-03-23 08:34:56] [SIM4G] URC: +QHTTPREAD: 0
[2026-03-23 08:34:57] [SIM4G] URC: +QHTTPREAD: 0
[2026-03-23 08:34:57] [SIM4G] URC: +QHTTPREAD: 0
[2026-03-23 08:36:25] [SIM4G] URC: : 711
[2026-03-23 08:36:44] [SIM4G] RSP: CONNECT | OK |
[2026-03-23 08:52:57] ADS value: 0.00
[2026-03-23 08:52:57] Ver: 1
[2026-03-23 08:54:02] ADS value: 0.00
[2026-03-23 08:54:02] Ver: 1
[2026-03-23 08:55:06] ADS value: 0.00
[2026-03-23 08:55:06] Ver: 1
[2026-03-23 08:56:09] ADS value: 0.00
[2026-03-23 08:56:09] Ver: 1
[2026-03-23 08:57:13] ADS value: 0.00
[2026-03-23 08:57:13] Ver: 1
[2026-03-23 08:58:18] ADS value: 0.00
[2026-03-23 08:58:19] Ver: 1
[2026-03-23 08:59:22] ADS value: 0.00
[2026-03-23 08:59:22] Ver: 1
[2026-03-23 09:00:25] ADS value: 0.00
[2026-03-23 09:00:25] Ver: 1
[2026-03-23 09:15:05] Ver: 1
[2026-03-23 09:17:24] ADS value: 0.00
[2026-03-23 09:17:24] Ver: 1
[2026-03-23 09:18:33] ADS value: 0.00
[2026-03-23 09:19:45] ADS value: 0.00
[2026-03-23 09:19:45] Ver: 1
[2026-03-23 09:20:54] Ver: 1
[2026-03-23 09:21:56] ADS value: 0.00
[2026-03-23 09:21:57] Ver: 1
[2026-03-23 09:23:08] Ver: 1
[2026-03-23 09:25:11] ADS value: 0.00
[2026-03-23 09:25:12] Ver: 1
[2026-03-23 09:28:26] ADS value: 0.00
[2026-03-23 09:28:27] Ver: 1
[2026-03-23 09:29:29] ADS value: 0.00
[2026-03-23 09:29:31] Ver: 1
[2026-03-23 09:30:47] ADS value: 0.00
[2026-03-23 09:31:57] ADS value: 0.00
[2026-03-23 09:31:59] Ver: 1
[2026-03-23 09:33:02] ADS value: 0.00
[2026-03-23 09:33:04] Ver: 1
[2026-03-23 09:34:12] ADS value: 0.00
[2026-03-23 09:34:12] Ver: 1
[2026-03-23 09:35:17] ADS value: 0.00
[2026-03-23 09:35:17] Ver: 1
[2026-03-23 09:37:31] ADS value: 0.00
[2026-03-23 09:37:33] Ver: 1
[2026-03-23 09:38:41] Ver: 1
[2026-03-23 09:39:43] ADS value: 0.00
[2026-03-23 09:39:45] Ver: 1
[2026-03-23 09:40:55] ADS value: 0.00
[2026-03-23 09:43:07] ADS value: 0.00
[2026-03-23 09:43:07] Ver: 1
[2026-03-23 09:46:14] ADS value: 0.00
[2026-03-23 09:46:14] Ver: 1
[2026-03-23 09:51:18] ADS value: 0.00
[2026-03-23 09:56:25] ADS value: 0.00
[2026-03-23 09:56:25] Ver: 1
[2026-03-23 10:03:26] ADS value: 0.00
[2026-03-26 16:22:22] Ver: 1
[2026-03-26 16:23:23] ADS value: 0.00
[2026-03-26 16:23:24] Ver: 1
[2026-03-26 16:24:25] ADS value: 0.00
[2026-03-26 16:24:25] Ver: 1
[2026-03-26 16:25:26] ADS value: 0.00
[2026-03-26 16:25:26] Ver: 1
[2026-03-26 16:26:27] ADS value: 0.00
[2026-03-26 16:26:27] Ver: 1
[2026-03-26 16:27:29] ADS value: 0.00
[2026-03-26 16:27:30] Ver: 1
[2026-03-26 16:28:30] ADS value: 0.00
[2026-03-26 16:28:30] Ver: 1
[2026-03-26 16:29:31] ADS value: 0.00
[2026-03-26 16:29:32] Ver: 1
[2026-03-26 16:30:33] ADS value: 0.00
[2026-03-26 16:30:33] Ver: 1
[2026-03-26 16:31:34] ADS value: 0.00
[2026-03-26 16:31:35] Ver: 1
[2026-03-26 16:33:05] Starting progressive OTA download...
[2026-03-26 16:33:10] OTA Progress: 10%
[2026-03-26 16:33:15] OTA Progress: 20%
[2026-03-26 16:33:20] OTA Progress: 30%
[2026-03-26 16:33:25] OTA Progress: 40%
[2026-03-26 16:33:31] OTA Progress: 50%
[2026-03-26 16:33:35] OTA Progress: 60%
[2026-03-26 16:33:39] OTA Progress: 70%
[2026-03-26 16:33:43] OTA Progress: 80%
[2026-03-26 16:33:48] OTA Progress: 90%
[2026-03-26 16:33:53] OTA Progress: 100%
[2026-03-26 16:33:53] OTA download complete! Verifying...
[2026-03-26 16:33:54] OTA 100% Complete! Rebooting now...
[2026-03-26 16:35:02] ADS value: 0.00
[2026-03-26 16:47:40] OTA Progress: 40%
[2026-03-26 16:47:44] OTA Progress: 50%
[2026-03-26 16:47:51] OTA Progress: 60%
[2026-03-26 16:48:00] OTA Progress: 70%
[2026-03-26 16:48:05] OTA Progress: 80%
[2026-03-26 16:48:09] OTA Progress: 90%
[2026-03-26 16:48:14] OTA Progress: 100%
[2026-03-26 16:48:14] OTA download complete! Verifying...
[2026-03-26 16:48:15] OTA 100% Complete! Rebooting now...
[2026-03-26 16:49:16] ADS value: 0.00
[2026-03-26 16:49:17] Ver: 1
[2026-03-26 16:50:17] ADS value: 0.00
[2026-03-26 16:50:18] Ver: 1
[2026-03-26 16:51:18] ADS value: 0.00
[2026-03-26 16:51:18] Ver: 1
[2026-03-26 16:52:19] ADS value: 0.00
[2026-03-26 16:52:19] Ver: 1
[2026-03-26 16:52:52] Starting progressive OTA download...
[2026-03-26 16:52:58] OTA Progress: 10%
[2026-03-26 16:53:02] OTA Progress: 20%
[2026-03-26 16:53:07] OTA Progress: 30%
[2026-03-26 16:53:11] OTA Progress: 40%
[2026-03-26 16:53:15] OTA Progress: 50%
[2026-03-26 16:53:18] OTA Progress: 60%
[2026-03-26 16:53:22] OTA Progress: 70%
[2026-03-26 16:53:25] OTA Progress: 80%
[2026-03-26 16:53:32] OTA Progress: 90%
[2026-03-26 16:53:37] OTA Progress: 100%
[2026-03-26 16:53:37] OTA download complete! Verifying...
[2026-03-26 16:53:38] OTA 100% Complete! Rebooting now...
[2026-03-26 16:53:54] [SIM4G] Starting non-blocking modem init
[2026-03-26 16:53:55] [SIM4G] CMD: AT
[2026-03-26 16:53:59] [SIM4G] RSP: <empty>
[2026-03-26 16:53:59] [SIM4G] Command timeout
[2026-03-26 16:53:59] [SIM4G] Init step failed: AT
[2026-03-26 16:54:15] [SIM4G] Retrying SIM bring-up
[2026-03-26 16:54:17] [SIM4G] CMD: AT
[2026-03-26 16:54:18] [SIM4G] RSP: <empty>
[2026-03-26 16:54:19] [SIM4G] Command timeout
[2026-03-26 16:54:19] [SIM4G] Init step failed: AT
[2026-03-26 16:54:39] [SIM4G] Starting non-blocking modem init
[2026-03-26 16:54:40] [SIM4G] CMD: AT
[2026-03-26 16:54:43] [SIM4G] RSP: <empty>
[2026-03-26 16:54:43] [SIM4G] Command timeout
[2026-03-26 16:54:44] [SIM4G] Init step failed: AT
[2026-03-26 16:54:59] [SIM4G] Retrying SIM bring-up
[2026-03-26 16:55:01] [SIM4G] CMD: AT
[2026-03-26 16:55:03] [SIM4G] RSP: <empty>
[2026-03-26 16:55:04] [SIM4G] Command timeout
[2026-03-26 16:55:04] [SIM4G] Init step failed: AT
[2026-03-26 16:55:12] [SIM4G] URC: RDY (rebootCount=1)
[2026-03-26 16:55:13] [SIM4G] Modem reboot detected, retrying in 15s
[2026-03-26 16:55:14] [SIM4G] URC: +CFUN: 1
[2026-03-26 16:55:15] [SIM4G] URC: +CPIN: READY
[2026-03-26 16:55:15] [SIM4G] URC: +QUSIM: 1
[2026-03-26 16:55:15] [SIM4G] URC: +QIND: SMS DONE
[2026-03-26 16:55:16] [SIM4G] URC: +QIND: PB DONE
[2026-03-26 16:55:26] ADS value: 0.00
[2026-03-26 16:55:26] Ver: 1
[2026-03-26 16:55:30] [SIM4G] Retrying SIM bring-up
[2026-03-26 16:55:33] [SIM4G] CMD: AT
[2026-03-26 16:55:34] [SIM4G] RSP: <empty>
[2026-03-26 16:55:35] [SIM4G] Command timeout
[2026-03-26 16:55:35] [SIM4G] Init step failed: AT
[2026-03-26 16:55:51] [SIM4G] Retrying SIM bring-up
[2026-03-26 16:55:53] [SIM4G] CMD: AT
[2026-03-26 16:55:54] [SIM4G] RSP: <empty>
[2026-03-26 16:55:55] [SIM4G] Command timeout
[2026-03-26 16:55:55] [SIM4G] Init step failed: AT
[2026-03-26 16:56:11] [SIM4G] Retrying SIM bring-up
[2026-03-26 16:56:12] [SIM4G] CMD: AT
[2026-03-26 16:56:15] [SIM4G] RSP: <empty>
[2026-03-26 16:56:16] [SIM4G] Command timeout
[2026-03-26 16:56:16] [SIM4G] Init step failed: AT
[2026-03-26 16:56:26] ADS value: 0.00
[2026-03-26 16:56:27] Ver: 1
[2026-03-26 16:56:32] [SIM4G] Retrying SIM bring-up
[2026-03-26 16:56:33] [SIM4G] CMD: AT
[2026-03-26 16:56:35] [SIM4G] RSP: <empty>
[2026-03-26 16:56:36] [SIM4G] Command timeout
[2026-03-26 16:56:36] [SIM4G] Init step failed: AT
[2026-03-26 16:56:51] [SIM4G] Retrying SIM bring-up
[2026-03-26 16:56:53] [SIM4G] CMD: AT
[2026-03-26 16:56:55] [SIM4G] RSP: <empty>
[2026-03-26 16:56:56] [SIM4G] Command timeout
[2026-03-26 16:56:56] [SIM4G] Init step failed: AT
[2026-03-26 16:57:12] [SIM4G] Retrying SIM bring-up
[2026-03-26 16:57:13] [SIM4G] CMD: AT
[2026-03-26 16:57:16] [SIM4G] RSP: <empty>
[2026-03-26 16:57:17] [SIM4G] Command timeout
[2026-03-26 16:57:17] [SIM4G] Init step failed: AT
[2026-03-26 16:57:28] ADS value: 0.00
[2026-03-26 16:57:28] Ver: 1
[2026-03-26 16:57:33] [SIM4G] Retrying SIM bring-up
[2026-03-26 16:57:34] [SIM4G] CMD: AT
[2026-03-26 16:57:37] [SIM4G] RSP: <empty>
[2026-03-26 16:57:37] [SIM4G] Command timeout
[2026-03-26 16:57:37] [SIM4G] Init step failed: AT
[2026-03-26 16:57:53] [SIM4G] Retrying SIM bring-up
[2026-03-26 16:57:54] [SIM4G] CMD: AT
[2026-03-26 16:57:56] [SIM4G] RSP: <empty>
[2026-03-26 16:57:57] [SIM4G] Command timeout
[2026-03-26 16:57:57] [SIM4G] Init step failed: AT
[2026-03-26 16:58:13] [SIM4G] Retrying SIM bring-up
[2026-03-26 16:58:15] [SIM4G] CMD: AT
[2026-03-26 16:58:16] [SIM4G] RSP: <empty>
[2026-03-26 16:58:16] [SIM4G] Command timeout
[2026-03-26 16:58:16] [SIM4G] Init step failed: AT
[2026-03-26 16:58:29] ADS value: 0.00
[2026-03-26 16:58:29] Ver: 1
[2026-03-26 16:58:32] [SIM4G] Retrying SIM bring-up
[2026-03-26 16:58:33] [SIM4G] CMD: AT
[2026-03-26 16:58:37] [SIM4G] RSP: <empty>
[2026-03-26 16:58:37] [SIM4G] Command timeout
[2026-03-26 16:58:37] [SIM4G] Init step failed: AT
[2026-03-26 16:58:53] [SIM4G] Retrying SIM bring-up
[2026-03-26 16:58:54] [SIM4G] CMD: AT
[2026-03-26 17:00:00] [SIM4G] URC: +QIND: SMS DONE
[2026-03-26 17:00:00] [SIM4G] URC: +QIND: PB DONE
[2026-03-26 17:00:14] [SIM4G] Retrying SIM bring-up
[2026-03-26 17:00:15] [SIM4G] CMD: AT
[2026-03-26 17:00:18] [SIM4G] RSP: <empty>
[2026-03-26 17:00:18] [SIM4G] Command timeout
[2026-03-26 17:00:19] [SIM4G] Init step failed: AT
[2026-03-26 17:00:35] [SIM4G] Retrying SIM bring-up
[2026-03-26 17:00:36] [SIM4G] CMD: AT
[2026-03-26 17:00:38] [SIM4G] RSP: <empty>
[2026-03-26 17:00:39] [SIM4G] Command timeout
[2026-03-26 17:00:39] [SIM4G] Init step failed: AT
[2026-03-26 17:00:46] [SIM4G] URC: RDY (rebootCount=2)
[2026-03-26 17:00:47] [SIM4G] Modem reboot detected, retrying in 15s
[2026-03-26 17:00:47] [SIM4G] URC: +CFUN: 1
[2026-03-26 17:00:48] [SIM4G] URC: +CPIN: READY
[2026-03-26 17:00:48] [SIM4G] URC: +QUSIM: 1
[2026-03-26 17:00:49] [SIM4G] URC: +QIND: SMS DONE
[2026-03-26 17:00:49] [SIM4G] URC: +QIND: PB DONE
[2026-03-26 17:00:51] ADS value: 0.00
[2026-03-26 17:00:52] Ver: 1
[2026-03-26 17:01:03] [SIM4G] Retrying SIM bring-up
[2026-03-26 17:01:05] [SIM4G] CMD: AT
[2026-03-26 17:01:07] [SIM4G] RSP: <empty>
[2026-03-26 17:01:07] [SIM4G] Command timeout
[2026-03-26 17:01:08] [SIM4G] Init step failed: AT
[2026-03-26 17:01:22] [SIM4G] URC: RDY (rebootCount=3)
[2026-03-26 17:01:23] [SIM4G] Modem reboot detected, retrying in 15s
[2026-03-26 17:01:23] [SIM4G] URC: +CFUN: 1
[2026-03-26 17:01:24] [SIM4G] URC: +CPIN: READY
[2026-03-26 17:01:24] [SIM4G] URC: +QUSIM: 1
[2026-03-26 17:01:24] [SIM4G] URC: +QIND: SMS DONE
[2026-03-26 17:01:25] [SIM4G] URC: +QIND: PB DONE
[2026-03-26 17:01:33] [SIM4G] URC: RDY (rebootCount=4)
[2026-03-26 17:01:34] [SIM4G] Modem reboot detected, retrying in 15s
[2026-03-26 17:01:35] [SIM4G] URC: +CFUN: 1
[2026-03-26 17:01:36] [SIM4G] URC: +CPIN: READY
[2026-03-26 17:01:36] [SIM4G] URC: +QUSIM: 1
[2026-03-26 17:01:36] [SIM4G] URC: +QIND: SMS DONE
[2026-03-26 17:01:37] [SIM4G] URC: +QIND: PB DONE
[2026-03-26 17:01:50] [SIM4G] Retrying SIM bring-up
[2026-03-26 17:01:51] [SIM4G] CMD: AT
[2026-03-26 17:01:52] ADS value: 0.00
[2026-03-26 17:01:53] Ver: 1
[2026-03-26 17:02:09] [SIM4G] Retrying SIM bring-up
[2026-03-26 17:02:10] [SIM4G] CMD: AT
[2026-03-26 17:02:13] [SIM4G] RSP: <empty>
[2026-03-26 17:02:13] [SIM4G] Command timeout
[2026-03-26 17:02:13] [SIM4G] Init step failed: AT
[2026-03-26 17:02:29] [SIM4G] Retrying SIM bring-up
[2026-03-26 17:02:32] [SIM4G] CMD: AT
[2026-03-26 17:02:33] [SIM4G] RSP: <empty>
[2026-03-26 17:02:33] [SIM4G] Command timeout
[2026-03-26 17:02:33] [SIM4G] Init step failed: AT
[2026-03-26 17:02:49] [SIM4G] Retrying SIM bring-up
[2026-03-26 17:02:50] [SIM4G] CMD: AT
[2026-03-26 17:02:52] [SIM4G] RSP: <empty>
[2026-03-26 17:02:53] [SIM4G] Command timeout
[2026-03-26 17:02:53] [SIM4G] Init step failed: AT
[2026-03-26 17:02:53] ADS value: 0.00
[2026-03-26 17:02:54] Ver: 1
[2026-03-26 17:03:09] [SIM4G] Retrying SIM bring-up
[2026-03-26 17:03:10] [SIM4G] CMD: AT
[2026-03-26 17:03:12] [SIM4G] RSP: <empty>
[2026-03-26 17:03:12] [SIM4G] Command timeout
[2026-03-26 17:03:13] [SIM4G] Init step failed: AT
[2026-03-26 17:03:29] [SIM4G] Retrying SIM bring-up
[2026-03-26 17:03:30] [SIM4G] CMD: AT
[2026-03-26 17:03:33] [SIM4G] RSP: <empty>
[2026-03-26 17:03:33] [SIM4G] Command timeout
[2026-03-26 17:03:33] [SIM4G] Init step failed: AT
[2026-03-26 17:03:49] [SIM4G] Retrying SIM bring-up
[2026-03-26 17:03:51] [SIM4G] CMD: AT
[2026-03-26 17:03:53] [SIM4G] RSP: <empty>
[2026-03-26 17:03:54] [SIM4G] Command timeout
[2026-03-26 17:03:54] [SIM4G] Init step failed: AT
[2026-03-26 17:03:55] ADS value: 0.00
[2026-03-26 17:03:56] Ver: 1
[2026-03-26 17:04:10] [SIM4G] Retrying SIM bring-up
[2026-03-26 17:04:11] [SIM4G] CMD: AT
[2026-03-26 17:04:13] [SIM4G] RSP: <empty>
[2026-03-26 17:04:15] [SIM4G] Command timeout
[2026-03-26 17:04:16] [SIM4G] Init step failed: AT
[2026-03-26 17:04:31] [SIM4G] Retrying SIM bring-up
[2026-03-26 17:04:32] [SIM4G] CMD: AT
[2026-03-26 17:04:35] [SIM4G] RSP: <empty>
[2026-03-26 17:05:08] [SIM4G] Starting non-blocking modem init
[2026-03-26 17:05:08] [SIM4G] CMD: AT
[2026-03-26 17:05:10] [SIM4G] RSP: <empty>
[2026-03-26 17:05:11] [SIM4G] Command timeout
[2026-03-26 17:05:11] [SIM4G] Init step failed: AT
[2026-03-26 17:05:26] [SIM4G] URC: RDY (rebootCount=1)
[2026-03-26 17:05:27] [SIM4G] Modem reboot detected, retrying in 15s
[2026-03-26 17:05:27] [SIM4G] URC: +CFUN: 1
[2026-03-26 17:05:27] [SIM4G] URC: +CPIN: READY
[2026-03-26 17:05:28] [SIM4G] URC: +QUSIM: 1
[2026-03-26 17:05:28] [SIM4G] URC: +QIND: SMS DONE
[2026-03-26 17:05:28] [SIM4G] URC: +QIND: PB DONE
[2026-03-26 17:05:43] [SIM4G] Retrying SIM bring-up
[2026-03-26 17:05:43] [SIM4G] CMD: AT
[2026-03-26 17:05:45] [SIM4G] RSP: <empty>
[2026-03-26 17:05:46] [SIM4G] Command timeout
[2026-03-26 17:05:46] [SIM4G] Init step failed: AT
[2026-03-26 17:05:54] ADS value: 0.00
[2026-03-26 17:05:54] Ver: 1
[2026-03-26 17:06:02] [SIM4G] Retrying SIM bring-up
[2026-03-26 17:06:02] [SIM4G] CMD: AT
[2026-03-26 17:06:04] [SIM4G] RSP: <empty>
[2026-03-26 17:06:04] [SIM4G] Command timeout
[2026-03-26 17:06:05] [SIM4G] Init step failed: AT
[2026-03-26 17:06:20] [SIM4G] Retrying SIM bring-up
[2026-03-26 17:06:20] [SIM4G] CMD: AT
[2026-03-26 17:06:22] [SIM4G] RSP: <empty>
[2026-03-26 17:06:23] [SIM4G] Command timeout
[2026-03-26 17:06:23] [SIM4G] Init step failed: AT
[2026-03-26 17:06:38] [SIM4G] Retrying SIM bring-up
[2026-03-26 17:06:39] [SIM4G] CMD: AT
[2026-03-26 17:06:41] [SIM4G] RSP: <empty>
[2026-03-26 17:06:41] [SIM4G] Command timeout
[2026-03-26 17:06:41] [SIM4G] Init step failed: AT
[2026-03-26 17:06:54] ADS value: 0.00
[2026-03-26 17:06:55] Ver: 1
[2026-03-26 17:06:57] [SIM4G] Retrying SIM bring-up
[2026-03-26 17:06:57] [SIM4G] CMD: AT
[2026-03-26 17:06:59] [SIM4G] RSP: <empty>
[2026-03-26 17:07:00] [SIM4G] Command timeout
[2026-03-26 17:07:00] [SIM4G] Init step failed: AT
[2026-04-15 17:49:35] [SIM4G] Starting non-blocking modem init
[2026-04-15 17:49:36] [SIM4G] CMD: AT
[2026-04-15 17:49:37] [SIM4G] RSP: <empty>
[2026-04-15 17:49:38] [SIM4G] Command timeout
[2026-04-15 17:49:38] [SIM4G] Init step failed: AT
[2026-04-15 17:49:54] [SIM4G] Retrying SIM bring-up
[2026-04-15 17:49:54] [SIM4G] CMD: AT
[2026-04-15 17:49:56] [SIM4G] RSP: <empty>
[2026-04-15 17:49:56] [SIM4G] Command timeout
[2026-04-15 17:49:57] [SIM4G] Init step failed: AT
[2026-04-15 17:50:12] [SIM4G] Retrying SIM bring-up
[2026-04-15 17:50:13] [SIM4G] CMD: AT
[2026-04-15 17:50:15] [SIM4G] RSP: <empty>
[2026-04-15 17:50:15] [SIM4G] Command timeout
[2026-04-15 17:50:15] [SIM4G] Init step failed: AT
[2026-04-15 17:50:18] ADS value: 0.00
[2026-04-15 17:50:18] Ver: 1
[2026-04-15 17:50:31] [SIM4G] Retrying SIM bring-up
[2026-04-15 17:50:31] [SIM4G] CMD: AT
[2026-04-15 17:50:33] [SIM4G] RSP: <empty>
[2026-04-15 17:50:34] [SIM4G] Command timeout
[2026-04-15 17:50:34] [SIM4G] Init step failed: AT
[2026-04-15 17:50:49] [SIM4G] Retrying SIM bring-up
[2026-04-15 17:50:50] [SIM4G] CMD: AT
[2026-04-15 17:50:52] [SIM4G] RSP: <empty>
[2026-04-15 17:50:52] [SIM4G] Command timeout
[2026-04-15 17:50:53] [SIM4G] Init step failed: AT
[2026-04-15 17:51:11] [SIM4G] Retrying SIM bring-up
[2026-04-15 17:51:26] [SIM4G] Init step failed: AT
[2026-04-15 17:51:57] ADS value: 0.00
[2026-04-15 17:51:57] Ver: 1
[2026-04-15 17:51:57] [SIM4G] Retrying SIM bring-up
[2026-04-15 17:51:57] [SIM4G] CMD: AT
[2026-04-15 17:51:57] [SIM4G] RSP: <empty>
[2026-04-15 17:51:57] [SIM4G] Command timeout
[2026-04-15 17:52:07] [SIM4G] Retrying SIM bring-up
[2026-04-15 17:52:08] [SIM4G] CMD: AT
[2026-04-15 17:52:10] [SIM4G] RSP: <empty>
[2026-04-15 17:52:10] [SIM4G] Command timeout
[2026-04-15 17:52:10] [SIM4G] Init step failed: AT
[2026-04-15 17:52:26] [SIM4G] Retrying SIM bring-up
[2026-04-15 17:52:26] [SIM4G] CMD: AT
[2026-04-15 17:52:28] [SIM4G] RSP: <empty>
[2026-04-15 17:52:28] [SIM4G] Command timeout
[2026-04-15 17:52:29] [SIM4G] Init step failed: AT
[2026-04-15 17:52:29] ADS value: 0.00
[2026-04-15 17:52:29] Ver: 1
[2026-04-15 17:52:44] [SIM4G] Retrying SIM bring-up
[2026-04-15 17:52:44] [SIM4G] CMD: AT
[2026-04-15 17:52:46] [SIM4G] RSP: <empty>
[2026-04-15 17:52:47] [SIM4G] Command timeout
[2026-04-15 17:52:47] [SIM4G] Init step failed: AT
[2026-04-15 17:53:03] [SIM4G] Retrying SIM bring-up
[2026-04-15 17:53:03] [SIM4G] CMD: AT
[2026-04-15 17:53:05] [SIM4G] RSP: <empty>
[2026-04-15 17:53:05] [SIM4G] Command timeout
[2026-04-15 17:53:06] [SIM4G] Init step failed: AT
[2026-04-15 17:53:21] [SIM4G] Retrying SIM bring-up
[2026-04-15 17:53:21] [SIM4G] CMD: AT
[2026-04-15 17:53:23] [SIM4G] RSP: <empty>
[2026-04-15 17:53:24] [SIM4G] Command timeout
[2026-04-15 17:53:24] [SIM4G] Init step failed: AT
[2026-04-15 17:53:30] ADS value: 0.00
[2026-04-15 17:53:30] Ver: 1
[2026-04-15 17:53:40] [SIM4G] Retrying SIM bring-up
[2026-04-15 17:53:40] [SIM4G] CMD: AT
[2026-04-15 17:53:42] [SIM4G] RSP: <empty>
[2026-04-15 17:53:42] [SIM4G] Command timeout
[2026-04-15 17:53:43] [SIM4G] Init step failed: AT
[2026-04-15 17:54:01] [SIM4G] Retrying SIM bring-up
[2026-04-15 17:54:01] [SIM4G] CMD: AT
[2026-04-15 17:54:03] [SIM4G] RSP: <empty>
[2026-04-15 17:54:04] [SIM4G] Command timeout
[2026-04-15 17:54:05] [SIM4G] Init step failed: AT
[2026-04-15 17:54:21] [SIM4G] Retrying SIM bring-up
[2026-04-15 17:54:21] [SIM4G] CMD: AT
[2026-04-15 17:54:23] [SIM4G] RSP: <empty>
[2026-04-15 17:54:24] [SIM4G] Command timeout
[2026-04-15 17:54:24] [SIM4G] Init step failed: AT
[2026-04-15 17:54:30] ADS value: 0.00
[2026-04-15 17:54:31] Ver: 1
[2026-04-15 17:54:40] [SIM4G] Retrying SIM bring-up
[2026-04-15 17:54:41] [SIM4G] CMD: AT
[2026-04-15 17:54:42] [SIM4G] RSP: <empty>
[2026-04-15 17:54:43] [SIM4G] Command timeout
[2026-04-15 17:54:43] [SIM4G] Init step failed: AT
[2026-04-15 17:54:58] [SIM4G] Retrying SIM bring-up
[2026-04-15 17:54:59] [SIM4G] CMD: AT
[2026-04-15 17:55:01] [SIM4G] RSP: <empty>
[2026-04-15 17:55:02] [SIM4G] Command timeout
[2026-04-15 17:55:02] [SIM4G] Init step failed: AT
[2026-04-15 17:55:19] [SIM4G] Retrying SIM bring-up
[2026-04-15 17:55:19] [SIM4G] CMD: AT
[2026-04-15 17:55:21] [SIM4G] RSP: <empty>
[2026-04-15 17:55:22] [SIM4G] Command timeout
[2026-04-15 17:55:22] [SIM4G] Init step failed: AT
[2026-04-15 17:59:03] Starting progressive OTA download...
[2026-04-15 17:59:09] OTA Progress: 10%
[2026-04-15 17:59:13] OTA Progress: 20%
[2026-04-15 17:59:16] OTA Progress: 30%
[2026-04-15 17:59:19] OTA Progress: 40%
[2026-04-15 17:59:22] OTA Progress: 50%
[2026-04-15 17:59:28] OTA Progress: 60%
[2026-04-15 17:59:33] OTA Progress: 70%
[2026-04-15 17:59:36] OTA Progress: 80%
[2026-04-15 17:59:40] OTA Progress: 90%
[2026-04-15 17:59:45] OTA Progress: 100%
[2026-04-15 17:59:45] OTA download complete! Verifying...
[2026-04-15 17:59:46] OTA 100% Complete! Rebooting now...
[2026-04-15 18:00:19] ADS value: 0.00
[2026-04-15 18:00:19] Ver: 606
[2026-04-15 18:01:07] running_opposite
[2026-04-15 18:02:03] running_front
[2026-04-15 18:02:08] ADS value: 0.00
[2026-04-15 18:02:09] Ver: 606
[2026-04-15 18:03:50] ADS value: 0.00
[2026-04-15 18:44:24] OTA Progress: 80%
[2026-04-15 18:44:27] OTA Progress: 90%
[2026-04-15 18:44:36] OTA Progress: 100%
[2026-04-15 18:44:39] OTA download complete! Verifying...
[2026-04-15 18:44:40] OTA 100% Complete! Rebooting now...
[2026-04-15 18:45:12] ADS value: 0.00
[2026-04-15 18:45:13] Ver: 606
[2026-04-15 18:45:48] ADS value: 0.00
[2026-04-15 18:46:24] ADS value: 0.00
[2026-04-15 18:46:25] Ver: 606
[2026-04-15 18:47:04] Ver: 606
[2026-04-15 18:48:06] ADS value: 0.00
[2026-04-15 18:48:06] Ver: 606
[2026-04-15 18:48:37] ADS value: 0.00
[2026-04-15 18:48:37] Ver: 606
[2026-04-15 18:49:08] ADS value: 0.00
[2026-04-15 18:49:09] Ver: 606
[2026-04-15 18:50:12] Ver: 606
[2026-04-15 18:50:13] ADS value: 0.00
[2026-04-15 18:50:13] Ver: 606
[2026-04-15 18:51:23] ADS value: 0.00
[2026-04-15 18:51:24] Ver: 606
[2026-04-15 18:52:38] ADS value: 0.00
[2026-04-15 18:52:39] Ver: 606
[2026-04-15 18:53:10] ADS value: 0.00
[2026-04-15 18:53:11] Ver: 606
[2026-04-16 01:33:29] OTA Progress: 60%
[2026-04-16 01:33:32] OTA Progress: 70%
[2026-04-16 01:33:34] OTA Progress: 80%
[2026-04-16 01:33:37] OTA Progress: 90%
[2026-04-16 01:33:40] OTA Progress: 100%
[2026-04-16 01:33:40] OTA download complete! Verifying...
[2026-04-16 01:33:41] OTA 100% Complete! Rebooting now...
[2026-04-16 01:34:06] START command received: right
[2026-04-16 01:34:07] running_opposite
[2026-04-16 01:34:28] running_front
[2026-04-16 01:34:48] ADS value: 0.00
[2026-04-16 01:34:48] Ver: 701
[2026-04-16 01:35:20] ADS value: 0.00
[2026-04-16 01:35:20] Ver: 701
[2026-04-16 01:36:03] Ver: 701
[2026-04-16 01:36:34] ADS value: 0.00
[2026-04-16 01:36:35] Ver: 701
[2026-04-16 01:36:54] Starting progressive OTA download...
[2026-04-16 01:37:02] OTA Progress: 10%
[2026-04-16 01:37:05] OTA Progress: 20%
[2026-04-16 01:37:10] OTA Progress: 30%
[2026-04-16 01:37:14] OTA Progress: 40%
[2026-04-16 01:37:18] OTA Progress: 50%
[2026-04-16 01:37:22] OTA Progress: 60%
[2026-04-16 01:37:26] OTA Progress: 70%
[2026-04-16 01:37:32] OTA Progress: 80%
[2026-04-16 01:37:34] OTA Progress: 90%
[2026-04-16 01:37:37] OTA Progress: 100%
[2026-04-16 01:37:38] OTA download complete! Verifying...
[2026-04-16 01:37:38] OTA 100% Complete! Rebooting now...
[2026-04-16 01:38:00] running_opposite
[2026-04-16 01:38:21] running_front
[2026-04-16 01:38:41] ADS value: 0.00
[2026-04-16 01:38:41] Ver: 701
[2026-04-16 01:39:13] ADS value: 0.00
[2026-04-16 01:39:13] Ver: 701
[2026-04-16 01:40:21] ADS value: 0.00
[2026-04-16 01:40:21] Ver: 701
[2026-04-16 01:40:52] ADS value: 0.00
[2026-04-16 01:40:52] Ver: 701
[2026-04-16 06:06:36] ADS value: 0.00
[2026-04-16 06:06:37] Ver: 701
[2026-04-16 06:07:08] ADS value: 0.00
[2026-04-16 06:07:08] Ver: 701
[2026-04-16 06:07:12] MOVE command accepted: dir=forward, ms=1500, brush=off
[2026-04-16 06:07:13] timed_move start dir=forward,ms=1500,brush=off
[2026-04-16 06:07:15] timed_move stop: duration_done
[2026-04-16 06:07:26] MOVE command accepted: dir=backward, ms=1500, brush=off
[2026-04-16 06:07:27] timed_move start dir=backward,ms=1500,brush=off
[2026-04-16 06:07:30] timed_move stop: duration_done
[2026-04-16 06:07:39] ADS value: 0.00
[2026-04-16 06:07:40] Ver: 701
[2026-04-16 06:08:07] START command received: left
[2026-04-16 06:08:09] running_front
[2026-04-16 06:08:29] running_opposite
[2026-04-16 06:08:48] ADS value: 0.00
[2026-04-16 06:08:49] Ver: 701
[2026-04-16 06:09:20] ADS value: 0.00
[2026-04-16 06:09:21] Ver: 701
[2026-04-16 06:09:52] ADS value: 0.00
[2026-04-16 06:09:52] Ver: 701
[2026-04-16 06:09:59] START command received: left
[2026-04-16 06:10:00] running_front
[2026-04-16 06:10:38] START command received: left
[2026-04-16 06:10:40] running_front
[2026-04-16 06:11:01] running_opposite
[2026-04-16 06:11:21] ADS value: 0.00
[2026-04-16 06:11:22] Ver: 701
[2026-04-16 06:11:46] START command received: left
[2026-04-16 06:11:50] running_front
[2026-04-16 06:12:09] running_opposite
[2026-04-16 06:12:28] ADS value: 0.00
[2026-04-16 06:12:30] Ver: 701
[2026-04-16 09:02:49] Ver: 701
[2026-04-16 09:03:17] START command received: left
[2026-04-19 12:07:06] ADS value: 0.00
[2026-04-19 12:07:43] ADS value: 0.00
[2026-04-19 12:07:43] Ver: 701
[2026-04-19 12:08:14] ADS value: 0.00
[2026-04-19 12:08:15] Ver: 701
[2026-04-19 12:09:26] ADS value: 0.00
[2026-04-19 12:09:26] Ver: 701
[2026-04-19 12:14:20] ADS value: 0.00
[2026-04-19 12:14:56] ADS value: 0.00
[2026-04-19 12:14:56] Ver: 701
[2026-04-19 12:15:29] ADS value: 0.00
[2026-04-19 12:16:01] ADS value: 0.00
[2026-04-19 12:16:02] Ver: 701
[2026-04-19 12:16:33] ADS value: 0.00
[2026-04-19 12:16:34] Ver: 701
[2026-04-19 12:17:04] ADS value: 0.00
[2026-04-19 12:17:05] Ver: 701
[2026-04-19 12:17:36] ADS value: 0.00
[2026-04-19 12:17:36] Ver: 701
[2026-04-19 12:19:22] ADS value: 0.00
[2026-04-19 12:19:22] Ver: 701
[2026-04-19 12:21:45] Ver: 701
[2026-04-19 12:22:28] ADS value: 0.00
[2026-04-19 12:22:29] Ver: 701
[2026-04-19 12:22:59] ADS value: 0.00
[2026-04-19 12:23:00] Ver: 701
[2026-04-19 12:24:04] Ver: 701
[2026-04-19 12:24:49] ADS value: 0.00
[2026-04-19 12:24:49] Ver: 701
[2026-04-19 12:25:20] ADS value: 0.00
[2026-04-19 12:25:21] Ver: 701
[2026-04-19 12:25:54] ADS value: 0.00
[2026-04-19 12:26:27] ADS value: 0.00
[2026-04-19 12:26:27] Ver: 701
[2026-04-19 12:27:03] Ver: 701
[2026-04-19 12:27:34] ADS value: 0.00
[2026-04-19 12:27:35] Ver: 701
[2026-04-19 12:28:06] ADS value: 0.00
[2026-04-19 12:28:06] Ver: 701
[2026-04-19 12:28:37] ADS value: 0.00
[2026-04-19 12:28:38] Ver: 701
[2026-04-19 12:29:08] ADS value: 0.00
[2026-04-19 12:29:44] ADS value: 0.00
[2026-04-19 12:29:45] Ver: 701
[2026-04-19 12:30:16] ADS value: 0.00
[2026-04-19 12:30:17] Ver: 701
[2026-04-19 12:30:47] ADS value: 0.00
[2026-04-19 12:31:23] ADS value: 0.00
[2026-04-19 12:31:24] Ver: 701
[2026-04-19 19:42:08] running_opposite
[2026-04-19 19:42:16] running_front
[2026-04-19 19:42:25] ADS value: 0.00
[2026-04-19 19:42:26] Ver: 701
[2026-04-19 19:43:03] ADS value: 0.00
[2026-04-19 19:43:04] Ver: 701
[2026-04-19 19:43:36] Starting progressive OTA download...
[2026-04-19 19:43:40] OTA Progress: 10%
[2026-04-19 19:43:45] OTA Progress: 20%
[2026-04-19 19:43:49] OTA Progress: 30%
[2026-04-19 19:43:52] OTA Progress: 40%
[2026-04-19 19:43:58] OTA Progress: 50%
[2026-04-19 19:44:00] OTA Progress: 60%
[2026-04-19 19:44:04] OTA Progress: 70%
[2026-04-19 19:44:10] OTA Progress: 80%
[2026-04-19 19:44:13] OTA Progress: 90%
[2026-04-19 19:44:17] OTA Progress: 100%
[2026-04-19 19:44:18] OTA download complete! Verifying...
[2026-04-19 19:44:19] OTA 100% Complete! Rebooting now...
[2026-04-19 19:44:31] Boot complete
[2026-04-19 19:44:41] ADS value: 0.00
[2026-04-19 19:44:42] Ver: 701
[2026-04-19 19:45:03] ADS value: 0.00
[2026-04-19 19:45:03] Ver: 701
[2026-04-19 19:45:24] ADS value: 0.00
[2026-04-19 19:45:25] Ver: 701
[2026-04-19 19:45:45] ADS value: 0.00
[2026-04-19 19:45:46] Ver: 701
[2026-04-19 19:46:07] ADS value: 0.00
[2026-04-19 19:46:08] Ver: 701
[2026-04-19 19:47:29] ADS value: 0.00
[2026-04-19 19:47:30] Ver: 701
[2026-04-19 19:47:51] ADS value: 0.00
[2026-04-19 19:47:51] Ver: 701
[2026-04-19 19:48:32] ADS value: 0.00
[2026-04-19 19:48:33] Ver: 701
[2026-04-19 19:48:54] ADS value: 0.00
[2026-04-19 19:48:55] Ver: 701
[2026-04-20 06:40:34] ADS value: 0.00
[2026-04-20 06:40:34] Ver: 701
[2026-04-20 06:40:56] ADS value: 0.00
[2026-04-20 06:40:56] Ver: 701
[2026-04-20 06:41:21] ADS value: 0.00
[2026-04-20 06:41:21] Ver: 701
[2026-04-20 06:41:46] ADS value: 0.00
[2026-04-20 06:41:46] Ver: 701
[2026-04-20 06:42:11] ADS value: 0.00
[2026-04-20 06:42:12] Ver: 701
[2026-04-20 06:42:37] ADS value: 0.00
[2026-04-20 06:42:37] Ver: 701
[2026-04-20 06:43:03] ADS value: 0.00
[2026-04-20 06:43:04] Ver: 701
[2026-04-20 06:43:25] ADS value: 0.00
[2026-04-20 06:43:25] Ver: 701
[2026-04-20 06:43:59] ADS value: 0.00
[2026-04-20 06:43:59] Ver: 701
[2026-04-20 06:44:24] ADS value: 0.00
[2026-04-20 06:44:24] Ver: 701
[2026-04-20 06:44:50] ADS value: 0.00
[2026-04-20 06:44:50] Ver: 701
[2026-04-20 06:45:15] ADS value: 0.00
[2026-04-20 06:45:16] Ver: 701
[2026-04-20 06:45:40] ADS value: 0.00
[2026-04-20 06:45:41] Ver: 701
[2026-04-20 06:46:07] ADS value: 0.00
[2026-04-20 06:46:07] Ver: 701
[2026-04-20 06:46:32] ADS value: 0.00
[2026-04-20 06:46:32] Ver: 701
[2026-04-20 06:46:57] ADS value: 0.00
[2026-04-20 06:46:58] Ver: 701
[2026-04-20 06:47:23] ADS value: 0.00
[2026-04-20 06:47:23] Ver: 701
[2026-04-20 06:47:48] ADS value: 0.00
[2026-04-20 06:47:48] Ver: 701
[2026-04-20 06:48:15] ADS value: 0.00
[2026-04-20 06:48:15] Ver: 701
[2026-04-20 06:48:41] ADS value: 0.00
[2026-04-20 06:48:42] Ver: 701
[2026-04-20 06:49:06] ADS value: 0.00
[2026-04-20 06:49:07] Ver: 701
[2026-04-20 06:49:36] ADS value: 0.00
[2026-04-20 06:49:37] Ver: 701
[2026-04-20 06:50:01] ADS value: 0.00
[2026-04-20 06:50:02] Ver: 701
[2026-04-20 06:50:23] ADS value: 0.00
[2026-04-20 06:50:23] Ver: 701
[2026-04-20 06:50:47] ADS value: 0.00
[2026-04-20 06:50:48] Ver: 701
[2026-04-20 06:51:09] ADS value: 0.00
[2026-04-20 06:51:09] Ver: 701
[2026-04-20 06:51:34] ADS value: 0.00
[2026-04-20 06:51:34] Ver: 701
[2026-04-20 06:52:00] ADS value: 0.00
[2026-04-20 06:52:01] Ver: 701
[2026-04-20 06:52:27] ADS value: 0.00
[2026-04-20 06:52:27] Ver: 701
[2026-04-20 06:52:59] ADS value: 0.00
[2026-04-20 06:53:00] Ver: 701
[2026-04-20 06:53:21] ADS value: 0.00
[2026-04-20 06:53:22] Ver: 701
[2026-04-20 06:53:47] ADS value: 0.00
[2026-04-20 06:53:47] Ver: 701
[2026-04-20 06:54:12] ADS value: 0.00
[2026-04-20 06:54:12] Ver: 701
[2026-04-20 06:54:38] ADS value: 0.00
[2026-04-20 06:54:38] Ver: 701
[2026-04-20 06:55:04] ADS value: 0.00
[2026-04-20 06:55:05] Ver: 701
[2026-04-20 06:55:30] ADS value: 0.00
[2026-04-20 06:55:30] Ver: 701
[2026-04-20 06:55:55] ADS value: 0.00
[2026-04-20 06:55:55] Ver: 701
[2026-04-20 06:56:21] ADS value: 0.00
[2026-04-20 06:56:22] Ver: 701
[2026-04-20 06:56:42] ADS value: 0.00
[2026-04-20 06:56:43] Ver: 701
[2026-04-20 06:57:04] ADS value: 0.00
[2026-04-20 06:57:04] Ver: 701
[2026-04-20 06:57:27] ADS value: 0.00
[2026-04-20 06:57:27] Ver: 701
[2026-04-20 06:57:53] ADS value: 0.00
[2026-04-20 06:57:54] Ver: 701
[2026-04-20 06:58:18] ADS value: 0.00
[2026-04-20 06:58:19] Ver: 701
[2026-04-20 06:58:43] ADS value: 0.00
[2026-04-20 06:58:44] Ver: 701
[2026-04-20 06:59:09] ADS value: 0.00
[2026-04-20 06:59:09] Ver: 701
[2026-04-20 06:59:35] ADS value: 0.00
[2026-04-20 06:59:36] Ver: 701
[2026-04-20 07:00:00] ADS value: 0.00
[2026-04-20 07:00:01] Ver: 701
[2026-04-20 07:00:32] ADS value: 0.00
[2026-04-20 07:00:33] Ver: 701
[2026-04-20 07:00:58] ADS value: 0.00
[2026-04-20 07:00:58] Ver: 701
[2026-04-20 07:01:19] ADS value: 0.00
[2026-04-20 07:01:20] Ver: 701
[2026-04-20 07:01:43] ADS value: 0.00
[2026-04-20 07:01:44] Ver: 701
[2026-04-20 07:02:09] ADS value: 0.00
[2026-04-20 07:02:09] Ver: 701
[2026-04-20 07:02:38] ADS value: 0.00
[2026-04-20 07:02:39] Ver: 701
[2026-04-20 07:02:59] ADS value: 0.00
[2026-04-20 07:03:00] Ver: 701
[2026-04-20 07:03:24] ADS value: 0.00
[2026-04-20 07:03:25] Ver: 701
[2026-04-20 07:03:48] ADS value: 0.00
[2026-04-20 07:03:49] Ver: 701
[2026-04-20 07:04:14] ADS value: 0.00
[2026-04-20 07:04:14] Ver: 701
[2026-04-20 07:04:40] ADS value: 0.00
[2026-04-20 07:04:41] Ver: 701
[2026-04-20 07:05:12] Ver: 701
[2026-04-20 07:05:34] ADS value: 0.00
[2026-04-20 07:05:35] Ver: 701
[2026-04-20 07:06:02] ADS value: 0.00
[2026-04-20 07:06:03] Ver: 701
[2026-04-20 07:06:29] ADS value: 0.00
[2026-04-20 07:06:29] Ver: 701
[2026-04-20 07:06:54] ADS value: 0.00
[2026-04-20 07:06:55] Ver: 701
[2026-04-20 07:07:21] ADS value: 0.00
[2026-04-20 07:07:21] Ver: 701
[2026-04-20 07:07:48] ADS value: 0.00
[2026-04-20 07:07:48] Ver: 701
[2026-04-20 07:08:20] ADS value: 0.00
[2026-04-20 07:08:20] Ver: 701
[2026-04-20 07:08:45] ADS value: 0.00
[2026-04-20 07:08:45] Ver: 701
[2026-04-20 07:09:10] ADS value: 0.00
[2026-04-20 07:09:11] Ver: 701
[2026-04-20 07:09:35] ADS value: 0.00
[2026-04-20 07:09:36] Ver: 701
[2026-04-20 07:10:02] ADS value: 0.00
[2026-04-20 07:10:02] Ver: 701
[2026-04-20 07:10:27] ADS value: 0.00
[2026-04-20 07:10:28] Ver: 701
[2026-04-20 07:10:55] ADS value: 0.00
[2026-04-20 07:10:56] Ver: 701
[2026-04-20 07:11:20] ADS value: 0.00
[2026-04-20 07:11:21] Ver: 701
[2026-04-20 07:11:45] ADS value: 0.00
[2026-04-20 07:11:46] Ver: 701
[2026-04-20 07:12:11] ADS value: 0.00
[2026-04-20 07:12:12] Ver: 701
[2026-04-20 07:12:37] ADS value: 0.00
[2026-04-20 07:12:37] Ver: 701
[2026-04-20 07:12:59] ADS value: 0.00
[2026-04-20 07:12:59] Ver: 701
[2026-04-20 07:13:24] ADS value: 0.00
[2026-04-20 07:13:25] Ver: 701
[2026-04-20 07:13:52] ADS value: 0.00
[2026-04-20 07:13:52] Ver: 701
[2026-04-20 07:14:18] ADS value: 0.00
[2026-04-20 07:14:19] Ver: 701
[2026-04-20 07:14:50] ADS value: 0.00
[2026-04-20 07:14:51] Ver: 701
[2026-04-20 07:15:17] ADS value: 0.00
[2026-04-20 07:15:17] Ver: 701
[2026-04-20 07:15:42] ADS value: 0.00
[2026-04-20 07:15:42] Ver: 701
[2026-04-20 07:16:08] ADS value: 0.00
[2026-04-20 07:16:09] Ver: 701
[2026-04-20 07:16:34] ADS value: 0.00
[2026-04-20 07:16:34] Ver: 701
[2026-04-20 07:16:55] ADS value: 0.00
[2026-04-20 07:16:55] Ver: 701
[2026-04-20 07:17:24] ADS value: 0.00
[2026-04-20 07:17:25] Ver: 701
[2026-04-20 07:17:50] ADS value: 0.00
[2026-04-20 07:17:50] Ver: 701
[2026-04-20 07:18:15] ADS value: 0.00
[2026-04-20 07:18:16] Ver: 701
[2026-04-20 07:18:36] ADS value: 0.00
[2026-04-20 07:18:36] Ver: 701
[2026-04-20 07:19:03] ADS value: 0.00
[2026-04-20 07:19:03] Ver: 701
[2026-04-20 07:19:28] ADS value: 0.00
[2026-04-20 07:19:28] Ver: 701
[2026-04-20 07:19:53] ADS value: 0.00
[2026-04-20 07:19:53] Ver: 701
[2026-04-20 07:20:14] ADS value: 0.00
[2026-04-20 07:20:15] Ver: 701
[2026-04-20 07:20:36] ADS value: 0.00
[2026-04-20 07:20:36] Ver: 701
[2026-04-20 07:21:05] ADS value: 0.00
[2026-04-20 07:21:06] Ver: 701
[2026-04-20 07:21:30] ADS value: 0.00
[2026-04-20 07:21:31] Ver: 701
[2026-04-20 07:21:56] ADS value: 0.00
[2026-04-20 07:21:56] Ver: 701
[2026-04-20 07:22:21] ADS value: 0.00
[2026-04-20 07:22:22] Ver: 701
[2026-04-20 07:22:42] ADS value: 0.00
[2026-04-20 07:22:43] Ver: 701
[2026-04-20 07:23:07] ADS value: 0.00
[2026-04-20 07:23:08] Ver: 701
[2026-04-20 07:23:33] ADS value: 0.00
[2026-04-20 07:23:33] Ver: 701
[2026-04-20 07:23:58] ADS value: 0.00
[2026-04-20 07:23:58] Ver: 701
[2026-04-20 07:24:23] ADS value: 0.00
[2026-04-20 07:24:24] Ver: 701
[2026-04-20 07:24:50] ADS value: 0.00
[2026-04-20 07:24:50] Ver: 701
[2026-04-20 07:25:16] ADS value: 0.00
[2026-04-20 07:25:17] Ver: 701
[2026-04-20 07:25:43] ADS value: 0.00
[2026-04-20 07:25:44] Ver: 701
[2026-04-20 07:26:10] ADS value: 0.00
[2026-04-20 07:26:10] Ver: 701
[2026-04-20 07:26:45] ADS value: 0.00
[2026-04-20 07:26:46] Ver: 701
[2026-04-20 07:27:11] ADS value: 0.00
[2026-04-20 07:27:11] Ver: 701
[2026-04-20 07:27:37] ADS value: 0.00
[2026-04-20 07:27:38] Ver: 701
[2026-04-20 07:28:04] ADS value: 0.00
[2026-04-20 07:28:04] Ver: 701
[2026-04-20 07:28:29] ADS value: 0.00
[2026-04-20 07:28:29] Ver: 701
[2026-04-20 07:28:56] ADS value: 0.00
[2026-04-20 07:28:56] Ver: 701
[2026-04-20 07:29:21] ADS value: 0.00
[2026-04-20 07:29:21] Ver: 701
[2026-04-20 07:29:48] ADS value: 0.00
[2026-04-20 07:29:48] Ver: 701
[2026-04-20 07:30:13] ADS value: 0.00
[2026-04-20 07:30:13] Ver: 701
[2026-04-20 07:30:40] ADS value: 0.00
[2026-04-20 07:30:40] Ver: 701
[2026-04-20 07:31:11] ADS value: 0.00
[2026-04-20 07:31:12] Ver: 701
[2026-04-20 07:31:37] ADS value: 0.00
[2026-04-20 07:31:37] Ver: 701
[2026-04-20 07:31:59] ADS value: 0.00
[2026-04-20 07:31:59] Ver: 701
[2026-04-20 07:32:31] ADS value: 0.00
[2026-04-20 07:32:32] Ver: 701
[2026-04-20 07:32:53] ADS value: 0.00
[2026-04-20 07:32:53] Ver: 701
[2026-04-20 07:33:14] ADS value: 0.00
[2026-04-20 07:33:14] Ver: 701
[2026-04-20 07:33:36] ADS value: 0.00
[2026-04-20 07:33:36] Ver: 701
[2026-04-20 07:34:02] ADS value: 0.00
[2026-04-20 07:34:02] Ver: 701
[2026-04-20 07:34:36] ADS value: 0.00
[2026-04-20 07:34:36] Ver: 701
[2026-04-20 07:35:01] ADS value: 0.00
[2026-04-20 07:35:01] Ver: 701
[2026-04-20 07:35:26] ADS value: 0.00
[2026-04-20 07:35:27] Ver: 701
[2026-04-20 07:35:53] ADS value: 0.00
[2026-04-20 07:35:53] Ver: 701
[2026-04-20 07:36:18] ADS value: 0.00
[2026-04-20 07:36:18] Ver: 701
[2026-04-20 07:36:43] ADS value: 0.00
[2026-04-20 07:36:44] Ver: 701
[2026-04-20 07:37:14] ADS value: 0.00
[2026-04-20 07:37:14] Ver: 701
[2026-04-20 07:37:40] ADS value: 0.00
[2026-04-20 07:37:40] Ver: 701
[2026-04-20 07:38:06] ADS value: 0.00
[2026-04-20 07:38:06] Ver: 701
[2026-04-20 07:38:31] ADS value: 0.00
[2026-04-20 07:38:31] Ver: 701
[2026-04-20 07:38:57] ADS value: 0.00
[2026-04-20 07:38:57] Ver: 701
[2026-04-20 07:39:18] ADS value: 0.00
[2026-04-20 07:39:18] Ver: 701
[2026-04-20 07:39:42] ADS value: 0.00
[2026-04-20 07:39:42] Ver: 701
[2026-04-20 07:40:07] ADS value: 0.00
[2026-04-20 07:40:08] Ver: 701
[2026-04-20 07:40:33] ADS value: 0.00
[2026-04-20 07:40:33] Ver: 701
[2026-04-20 07:40:54] ADS value: 0.00
[2026-04-20 07:40:54] Ver: 701
[2026-04-20 07:41:15] ADS value: 0.00
[2026-04-20 07:41:15] Ver: 701
[2026-04-20 07:41:36] ADS value: 0.00
[2026-04-20 07:41:36] Ver: 701
[2026-04-20 07:41:57] ADS value: 0.00
[2026-04-20 07:41:57] Ver: 701
[2026-04-20 07:42:22] ADS value: 0.00
[2026-04-20 07:42:22] Ver: 701
[2026-04-20 07:42:43] ADS value: 0.00
[2026-04-20 07:42:43] Ver: 701
[2026-04-20 07:43:04] ADS value: 0.00
[2026-04-20 07:43:04] Ver: 701
[2026-04-20 07:43:25] ADS value: 0.00
[2026-04-20 07:43:25] Ver: 701
[2026-04-20 07:43:46] ADS value: 0.00
[2026-04-20 07:43:46] Ver: 701
[2026-04-20 07:44:07] ADS value: 0.00
[2026-04-20 07:44:08] Ver: 701
[2026-04-20 07:44:29] ADS value: 0.00
[2026-04-20 07:44:29] Ver: 701
[2026-04-20 07:44:50] ADS value: 0.00
[2026-04-20 07:44:50] Ver: 701
[2026-04-20 07:45:11] ADS value: 0.00
[2026-04-20 07:45:11] Ver: 701
[2026-04-20 07:45:32] ADS value: 0.00
[2026-04-20 07:45:32] Ver: 701
[2026-04-20 07:45:53] ADS value: 0.00
[2026-04-20 07:45:53] Ver: 701
[2026-04-20 07:46:14] ADS value: 0.00
[2026-04-20 07:46:15] Ver: 701
[2026-04-20 07:46:36] ADS value: 0.00
[2026-04-20 07:46:36] Ver: 701
[2026-04-20 07:46:56] ADS value: 0.00
[2026-04-20 07:46:57] Ver: 701
[2026-04-20 07:47:17] ADS value: 0.00
[2026-04-20 07:47:18] Ver: 701
[2026-04-20 07:47:36] Starting progressive OTA download...
[2026-04-20 07:47:45] OTA Progress: 10%
[2026-04-20 07:47:49] OTA Progress: 20%
[2026-04-20 07:47:53] OTA Progress: 30%
[2026-04-20 07:47:56] OTA Progress: 40%
[2026-04-20 07:47:59] OTA Progress: 50%
[2026-04-20 07:48:03] OTA Progress: 60%
[2026-04-20 07:48:07] OTA Progress: 70%
[2026-04-20 07:48:10] OTA Progress: 80%
[2026-04-20 07:48:14] OTA Progress: 90%
[2026-04-20 07:48:18] OTA Progress: 100%
[2026-04-20 07:48:18] OTA download complete! Verifying...
[2026-04-20 07:48:19] OTA 100% Complete! Rebooting now...
[2026-04-20 07:48:28] Boot complete
[2026-04-20 07:48:33] Starting progressive OTA download...
[2026-04-20 07:48:38] OTA Progress: 10%
[2026-04-20 07:48:42] OTA Progress: 20%
[2026-04-20 07:48:47] OTA Progress: 30%
[2026-04-20 07:48:51] OTA Progress: 40%
[2026-04-20 07:48:55] OTA Progress: 50%
[2026-04-20 07:48:59] OTA Progress: 60%
[2026-04-20 07:49:04] OTA Progress: 70%
[2026-04-20 07:49:09] OTA Progress: 80%
[2026-04-20 07:49:15] OTA Progress: 90%
[2026-04-20 07:49:19] OTA Progress: 100%
[2026-04-20 07:49:19] OTA download complete! Verifying...
[2026-04-20 07:49:20] OTA 100% Complete! Rebooting now...
[2026-04-20 07:49:30] Boot complete
[2026-04-20 07:49:35] Starting progressive OTA download...
[2026-04-20 07:49:39] OTA Progress: 10%
[2026-04-20 07:49:43] OTA Progress: 20%
[2026-04-20 07:49:48] OTA Progress: 30%
[2026-04-20 07:49:52] OTA Progress: 40%
[2026-04-20 07:49:57] OTA Progress: 50%
[2026-04-20 07:50:01] OTA Progress: 60%
[2026-04-20 07:50:05] OTA Progress: 70%
[2026-04-20 07:50:09] OTA Progress: 80%
[2026-04-20 07:50:13] OTA Progress: 90%
[2026-04-20 07:50:17] OTA Progress: 100%
[2026-04-20 07:50:17] OTA download complete! Verifying...
[2026-04-20 07:50:18] OTA 100% Complete! Rebooting now...
[2026-04-20 07:50:28] Boot complete
[2026-04-20 07:50:33] Starting progressive OTA download...
[2026-04-20 07:50:37] OTA Progress: 10%
[2026-04-20 07:50:40] OTA Progress: 20%
[2026-04-20 07:50:44] OTA Progress: 30%
[2026-04-20 07:50:48] OTA Progress: 40%
[2026-04-20 07:50:51] OTA Progress: 50%
[2026-04-20 07:50:55] OTA Progress: 60%
[2026-04-20 07:50:58] OTA Progress: 70%
[2026-04-20 07:51:02] OTA Progress: 80%
[2026-04-20 07:51:06] OTA Progress: 90%
[2026-04-20 07:51:09] OTA Progress: 100%
[2026-04-20 07:51:10] OTA download complete! Verifying...
[2026-04-20 07:51:10] OTA 100% Complete! Rebooting now...
[2026-04-20 07:51:20] Boot complete
[2026-04-20 07:51:26] Starting progressive OTA download...
[2026-04-20 07:51:30] OTA Progress: 10%
[2026-04-20 07:51:34] OTA Progress: 20%
[2026-04-20 07:51:38] OTA Progress: 30%
[2026-04-20 07:51:42] OTA Progress: 40%
[2026-04-20 07:51:46] OTA Progress: 50%
[2026-04-20 07:51:51] OTA Progress: 60%
[2026-04-20 07:51:54] OTA Progress: 70%
[2026-04-20 07:51:58] OTA Progress: 80%
[2026-04-20 07:52:01] OTA Progress: 90%
[2026-04-20 07:52:05] OTA Progress: 100%
[2026-04-20 07:52:06] OTA download complete! Verifying...
[2026-04-20 07:52:06] OTA 100% Complete! Rebooting now...
[2026-04-20 07:52:16] Boot complete
[2026-04-20 07:52:21] Starting progressive OTA download...
[2026-04-20 07:52:26] OTA Progress: 10%
[2026-04-20 07:52:32] OTA Progress: 20%
[2026-04-20 07:52:36] OTA Progress: 30%
[2026-04-20 07:52:40] OTA Progress: 40%
[2026-04-20 07:52:44] OTA Progress: 50%
[2026-04-20 07:52:47] OTA Progress: 60%
[2026-04-20 07:52:51] OTA Progress: 70%
[2026-04-20 07:52:55] OTA Progress: 80%
[2026-04-20 07:52:58] OTA Progress: 90%
[2026-04-20 07:53:02] OTA Progress: 100%
[2026-04-20 07:53:02] OTA download complete! Verifying...
[2026-04-20 07:53:03] OTA 100% Complete! Rebooting now...
[2026-04-20 07:53:13] Boot complete
[2026-04-20 07:53:25] ADS value: 0.00
[2026-04-20 07:53:25] Ver: 701
[2026-04-20 07:53:46] ADS value: 0.00
[2026-04-20 07:53:47] Ver: 701
[2026-04-20 07:54:08] ADS value: 0.00
[2026-04-20 07:54:08] Ver: 701
[2026-04-20 07:54:28] ADS value: 0.00
[2026-04-20 07:54:29] Ver: 701
[2026-04-20 07:54:49] ADS value: 0.00
[2026-04-20 07:54:50] Ver: 701
[2026-04-20 07:55:10] ADS value: 0.00
[2026-04-20 07:55:11] Ver: 701
[2026-04-20 07:55:31] ADS value: 0.00
[2026-04-20 07:55:32] Ver: 701
[2026-04-20 07:55:52] ADS value: 0.00
[2026-04-20 07:55:53] Ver: 701
[2026-04-20 07:56:14] ADS value: 0.00
[2026-04-20 07:56:14] Ver: 701
[2026-04-20 07:56:34] ADS value: 0.00
[2026-04-20 07:56:35] Ver: 701
[2026-04-20 07:56:55] ADS value: 0.00
[2026-04-20 07:56:56] Ver: 701
[2026-04-20 07:57:16] ADS value: 0.00
[2026-04-20 07:57:17] Ver: 701
[2026-04-20 07:57:37] ADS value: 0.00
[2026-04-20 07:57:38] Ver: 701
[2026-04-20 07:57:59] ADS value: 0.00
[2026-04-20 07:57:59] Ver: 701
[2026-04-20 07:58:20] ADS value: 0.00
[2026-04-20 07:58:20] Ver: 701
[2026-04-20 07:58:41] ADS value: 0.00
[2026-04-20 07:58:41] Ver: 701
[2026-04-20 07:59:02] ADS value: 0.00
[2026-04-20 07:59:02] Ver: 701
[2026-04-20 07:59:23] ADS value: 0.00
[2026-04-20 07:59:23] Ver: 701
[2026-04-20 07:59:44] ADS value: 0.00
[2026-04-20 07:59:44] Ver: 701
[2026-04-20 08:00:05] ADS value: 0.00
[2026-04-20 08:00:05] Ver: 701
[2026-04-20 08:00:26] ADS value: 0.00
[2026-04-20 08:00:26] Ver: 701
[2026-04-20 08:00:47] ADS value: 0.00
[2026-04-20 08:00:47] Ver: 701
[2026-04-20 08:01:08] ADS value: 0.00
[2026-04-20 08:01:08] Ver: 701
[2026-04-20 08:01:29] ADS value: 0.00
[2026-04-20 08:01:30] Ver: 701
[2026-04-20 08:01:50] ADS value: 0.00
[2026-04-20 08:01:51] Ver: 701
[2026-04-20 08:02:12] ADS value: 0.00
[2026-04-20 08:02:12] Ver: 701
[2026-04-20 08:02:33] ADS value: 0.00
[2026-04-20 08:02:33] Ver: 701
[2026-04-20 08:02:54] ADS value: 0.00
[2026-04-20 08:02:55] Ver: 701
[2026-04-20 08:03:15] ADS value: 0.00
[2026-04-20 08:03:15] Ver: 701
[2026-04-20 08:03:36] ADS value: 0.00
[2026-04-20 08:03:36] Ver: 701
[2026-04-20 08:03:57] ADS value: 0.00
[2026-04-20 08:03:58] Ver: 701
[2026-04-20 08:04:19] ADS value: 0.00
[2026-04-20 08:04:20] Ver: 701
[2026-04-20 08:04:42] ADS value: 0.00
[2026-04-20 08:04:43] Ver: 701
[2026-04-20 08:05:04] ADS value: 0.00
[2026-04-20 08:05:06] Ver: 701
[2026-04-20 08:05:27] ADS value: 0.00
[2026-04-20 08:05:28] Ver: 701
[2026-04-20 08:05:48] ADS value: 0.00
[2026-04-20 08:05:49] Ver: 701
[2026-04-20 08:06:10] ADS value: 0.00
[2026-04-20 08:06:10] Ver: 701
[2026-04-20 08:06:31] ADS value: 0.00
[2026-04-20 08:06:32] Ver: 701
[2026-04-20 08:06:53] ADS value: 0.00
[2026-04-20 08:06:53] Ver: 701
[2026-04-20 08:07:14] ADS value: 0.00
[2026-04-20 08:07:14] Ver: 701
[2026-04-20 08:07:35] ADS value: 0.00
[2026-04-20 08:07:35] Ver: 701
[2026-04-20 08:07:56] ADS value: 0.00
[2026-04-20 08:07:56] Ver: 701
[2026-04-20 08:08:17] ADS value: 0.00
[2026-04-20 08:08:17] Ver: 701
[2026-04-20 08:08:38] ADS value: 0.00
[2026-04-20 08:08:39] Ver: 701
[2026-04-20 08:09:00] ADS value: 0.00
[2026-04-20 08:09:00] Ver: 701
[2026-04-20 08:09:34] ADS value: 0.00
[2026-04-20 08:09:36] Ver: 701
[2026-04-20 08:09:56] ADS value: 0.00
[2026-04-20 08:09:57] Ver: 701
[2026-04-20 08:10:19] ADS value: 0.00
[2026-04-20 08:10:20] Ver: 701
[2026-04-20 08:10:50] ADS value: 0.00
[2026-04-20 08:10:50] Ver: 701
[2026-04-20 08:11:29] ADS value: 0.00
[2026-04-20 08:11:29] Ver: 701
[2026-04-20 08:11:33] ADS value: 0.00
[2026-04-20 08:11:34] Ver: 701
[2026-04-20 08:11:56] ADS value: 0.00
[2026-04-20 08:12:05] Ver: 701
[2026-04-20 08:12:18] ADS value: 0.00
[2026-04-20 08:12:19] Ver: 701
[2026-04-20 08:12:43] ADS value: 0.00
[2026-04-20 08:35:46] OTA Progress: 20%
[2026-04-20 08:35:50] OTA Progress: 30%
[2026-04-20 08:35:56] OTA Progress: 40%
[2026-04-20 08:36:02] OTA Progress: 50%
[2026-04-20 08:36:06] OTA Progress: 60%
[2026-04-20 08:36:11] OTA Progress: 70%
[2026-04-20 08:36:17] OTA Progress: 80%
[2026-04-20 08:36:22] OTA Progress: 90%
[2026-04-20 08:36:26] OTA Progress: 100%
[2026-04-20 08:36:26] OTA download complete! Verifying...
[2026-04-20 08:36:27] OTA 100% Complete! Rebooting now...
[2026-04-20 08:40:34] ADS value: 0.00
[2026-04-20 08:40:34] Ver: 1
[2026-04-20 08:40:55] ADS value: 0.00
[2026-04-20 08:40:55] Ver: 1
[2026-04-20 08:41:16] ADS value: 0.00
[2026-04-20 08:41:17] Ver: 1
[2026-04-20 08:41:38] ADS value: 0.00
[2026-04-20 08:41:38] Ver: 1
[2026-04-20 08:41:59] ADS value: 0.00
[2026-04-20 08:42:02] Ver: 1
[2026-04-20 08:42:23] ADS value: 0.00
[2026-04-20 08:42:24] Ver: 1
[2026-04-20 08:42:45] ADS value: 0.00
[2026-04-20 08:42:46] Ver: 1
[2026-04-20 08:43:07] ADS value: 0.00
[2026-04-20 08:43:08] Ver: 1
[2026-04-20 08:43:29] ADS value: 0.00
[2026-04-20 08:43:29] Ver: 1
[2026-04-20 08:43:50] ADS value: 0.00
[2026-04-20 08:43:51] Ver: 1
[2026-04-20 08:44:12] ADS value: 0.00
[2026-04-20 08:44:12] Ver: 1
[2026-04-20 08:44:33] ADS value: 0.00
[2026-04-20 08:44:34] Ver: 1
[2026-04-20 08:44:54] ADS value: 0.00
[2026-04-20 08:44:55] Ver: 1
[2026-04-20 08:45:16] ADS value: 0.00
[2026-04-20 08:45:16] Ver: 1
[2026-04-20 08:45:37] ADS value: 0.00
[2026-04-20 08:45:38] Ver: 1
[2026-04-20 08:45:58] ADS value: 0.00
[2026-04-20 08:45:59] Ver: 1
[2026-04-20 08:46:20] ADS value: 0.00
[2026-04-20 08:46:21] Ver: 1
[2026-04-20 08:46:41] ADS value: 0.00
[2026-04-20 08:46:42] Ver: 1
[2026-04-20 08:47:03] ADS value: 0.00
[2026-04-20 08:47:04] Ver: 1
[2026-04-20 08:47:25] ADS value: 0.00
[2026-04-20 08:47:26] Ver: 1
[2026-04-20 08:47:41] Starting progressive OTA download...
[2026-04-20 08:47:47] OTA Progress: 10%
[2026-04-20 08:47:52] OTA Progress: 20%
[2026-04-20 08:47:57] OTA Progress: 30%
[2026-04-20 08:48:02] OTA Progress: 40%
[2026-04-20 08:48:05] OTA Progress: 50%
[2026-04-20 08:48:09] OTA Progress: 60%
[2026-04-20 08:48:14] OTA Progress: 70%
[2026-04-20 08:48:17] OTA Progress: 80%
[2026-04-20 08:48:23] OTA Progress: 90%
[2026-04-20 08:48:28] OTA Progress: 100%
[2026-04-20 08:48:29] OTA download complete! Verifying...
[2026-04-20 08:49:03] OTA Progress: 30%
[2026-04-20 08:49:09] OTA Progress: 40%
[2026-04-20 08:49:15] OTA Progress: 50%
[2026-04-20 08:49:21] OTA Progress: 60%
[2026-04-20 08:49:27] OTA Progress: 70%
[2026-04-20 08:49:32] OTA Progress: 80%
[2026-04-20 08:49:37] OTA Progress: 90%
[2026-04-20 08:49:43] OTA Progress: 100%
[2026-04-20 08:49:44] OTA download complete! Verifying...
[2026-04-20 08:49:45] OTA 100% Complete! Rebooting now...
[2026-04-20 08:49:56] Boot complete
[2026-04-20 08:50:07] ADS value: 0.00
[2026-04-20 08:50:08] Ver: 1
[2026-04-20 08:50:29] ADS value: 0.00
[2026-04-20 08:50:29] Ver: 1
[2026-04-20 08:50:50] ADS value: 0.00
[2026-04-20 08:50:51] Ver: 1
[2026-04-20 08:51:11] ADS value: 0.00
[2026-04-20 08:51:12] Ver: 1
[2026-04-20 08:51:33] ADS value: 0.00
[2026-04-20 08:51:33] Ver: 1
[2026-04-20 08:51:54] ADS value: 0.00
[2026-04-20 08:51:55] Ver: 1
[2026-04-20 08:52:16] ADS value: 0.00
[2026-04-20 08:52:17] Ver: 1
[2026-04-20 08:52:38] ADS value: 0.00
[2026-04-20 08:52:39] Ver: 1
[2026-04-20 08:52:59] ADS value: 0.00
[2026-04-20 08:53:00] Ver: 1
[2026-04-20 08:53:21] ADS value: 0.00
[2026-04-20 08:53:25] Ver: 1
[2026-04-20 08:53:43] ADS value: 0.00
[2026-04-20 08:53:44] Ver: 1
[2026-04-20 08:54:07] ADS value: 0.00
[2026-04-20 08:54:08] Ver: 1
[2026-04-20 08:54:29] ADS value: 0.00
[2026-04-20 08:54:29] Ver: 1
[2026-04-20 08:54:50] ADS value: 0.00
[2026-04-20 08:54:51] Ver: 1
[2026-04-20 08:55:12] ADS value: 0.00
[2026-04-20 08:55:12] Ver: 1
[2026-04-20 08:55:33] ADS value: 0.00
[2026-04-20 08:55:34] Ver: 1
[2026-04-20 08:55:55] ADS value: 0.00
[2026-04-20 08:55:55] Ver: 1
[2026-04-20 08:56:16] ADS value: 0.00
[2026-04-20 08:56:17] Ver: 1
[2026-04-20 08:56:38] ADS value: 0.00
[2026-04-20 08:56:38] Ver: 1
[2026-04-20 08:56:59] ADS value: 0.00
[2026-04-20 08:57:00] Ver: 1
[2026-04-20 08:57:21] ADS value: 0.00
[2026-04-20 08:57:21] Ver: 1
[2026-04-20 08:57:42] ADS value: 0.00
[2026-04-20 08:57:43] Ver: 1
[2026-04-20 08:58:04] ADS value: 0.00
[2026-04-20 08:58:05] Ver: 1
[2026-04-20 08:58:26] ADS value: 0.00
[2026-04-20 08:58:27] Ver: 1
[2026-04-20 08:58:48] ADS value: 0.00
[2026-04-20 08:58:48] Ver: 1
[2026-04-20 16:22:50] ADS value: 0.00
[2026-04-20 16:22:51] Ver: 1
[2026-04-20 16:23:12] ADS value: 0.00
[2026-04-20 16:23:12] Ver: 1
[2026-04-20 16:23:41] Ver: 1
[2026-04-20 16:24:03] ADS value: 0.00
[2026-04-20 16:24:03] Ver: 1
[2026-04-20 16:24:25] ADS value: 0.00
[2026-04-20 16:24:25] Ver: 1
[2026-04-20 16:24:51] Ver: 1
[2026-04-20 16:25:21] Ver: 1
[2026-04-22 15:09:15] ADS value: 0.00
[2026-04-22 15:09:15] Ver: 1
[2026-04-22 15:09:36] ADS value: 0.00
[2026-04-22 15:09:37] Ver: 1
[2026-04-22 15:09:58] ADS value: 0.00
[2026-04-22 15:09:58] Ver: 1
[2026-04-22 15:10:01] running_front
[2026-04-22 15:10:06] running_opposite
[2026-04-22 15:10:19] ADS value: 0.00
[2026-04-22 15:10:20] Ver: 1
[2026-04-22 15:10:41] ADS value: 0.00
[2026-04-22 15:10:41] Ver: 1
[2026-04-22 15:11:02] ADS value: 0.00
[2026-04-22 15:11:03] Ver: 1
[2026-04-22 15:11:23] ADS value: 0.00
[2026-04-22 15:11:24] Ver: 1
[2026-04-22 15:11:45] ADS value: 0.00
[2026-04-22 15:11:48] Ver: 1
[2026-04-22 15:12:09] ADS value: 0.00
[2026-04-22 15:12:10] Ver: 1
[2026-04-22 15:12:31] ADS value: 0.00
[2026-04-22 15:12:32] Ver: 1
[2026-04-22 15:12:53] ADS value: 0.00
[2026-04-22 15:12:54] Ver: 1
[2026-04-22 15:13:15] ADS value: 0.00
[2026-04-22 15:13:16] Ver: 1
[2026-04-22 15:13:25] Starting progressive OTA download...
[2026-04-22 15:13:31] OTA Progress: 10%
[2026-04-22 15:13:36] OTA Progress: 20%
[2026-04-22 15:13:41] OTA Progress: 30%
[2026-04-22 15:13:46] OTA Progress: 40%
[2026-04-22 15:13:50] OTA Progress: 50%
[2026-04-22 15:13:54] OTA Progress: 60%
[2026-04-22 15:13:57] OTA Progress: 70%
[2026-04-22 15:14:01] OTA Progress: 80%
[2026-04-22 15:14:06] OTA Progress: 90%
[2026-04-22 15:14:09] OTA Progress: 100%
[2026-04-22 15:14:10] OTA download complete! Verifying...
[2026-04-22 15:14:11] OTA 100% Complete! Rebooting now...
[2026-04-22 15:14:22] Boot complete
[2026-04-22 15:14:34] ADS value: 0.00
[2026-04-22 15:14:34] Ver: 1
[2026-04-22 15:15:31] ADS value: 0.00
[2026-04-22 15:15:31] Ver: 1
[2026-04-22 15:15:54] ADS value: 0.00
[2026-04-22 15:15:54] Ver: 1
[2026-04-22 15:16:15] ADS value: 0.00
[2026-04-22 15:16:16] Ver: 1
[2026-04-22 15:16:37] ADS value: 0.00
[2026-04-22 15:16:37] Ver: 1
[2026-04-22 15:16:58] ADS value: 0.00
[2026-04-22 15:16:59] Ver: 1
[2026-04-22 15:17:20] ADS value: 0.00
[2026-04-22 15:17:21] Ver: 1
[2026-04-22 15:17:41] ADS value: 0.00
[2026-04-22 15:17:42] Ver: 1
[2026-04-22 15:18:04] ADS value: 0.00
[2026-04-22 15:18:04] Ver: 1
[2026-04-22 16:28:23] ADS value: 0.00
[2026-04-22 16:28:24] Ver: 1
[2026-04-22 16:28:48] ADS value: 0.00
[2026-04-22 16:28:49] Ver: 1
[2026-04-22 16:29:10] ADS value: 0.00
[2026-04-22 16:29:11] Ver: 1
[2026-04-22 16:29:32] ADS value: 0.00
[2026-04-22 16:29:32] Ver: 1
[2026-04-22 16:29:53] ADS value: 0.00
[2026-04-22 16:29:54] Ver: 1
[2026-04-22 16:30:15] ADS value: 0.00
[2026-04-22 16:30:15] Ver: 1
[2026-04-22 16:30:36] ADS value: 0.00
[2026-04-22 16:30:37] Ver: 1
[2026-04-22 16:30:58] ADS value: 0.00
[2026-04-22 16:31:00] Ver: 1
[2026-04-22 16:32:03] ADS value: 0.00
[2026-04-22 16:32:03] Ver: 1
[2026-04-22 16:32:24] ADS value: 0.00
[2026-04-22 16:32:25] Ver: 1
[2026-04-22 16:33:30] ADS value: 0.00
[2026-04-22 16:33:31] Ver: 1
[2026-04-22 16:34:23] ADS value: 0.00
[2026-04-22 16:34:23] Ver: 1
[2026-04-22 16:34:44] ADS value: 0.00
[2026-04-22 16:34:48] Ver: 1
[2026-04-22 16:35:13] Ver: 1
[2026-04-22 16:35:44] Ver: 1
[2026-04-22 16:38:01] Ver: 1
[2026-04-22 16:38:29] Ver: 1
[2026-04-22 16:38:51] ADS value: 0.00
[2026-04-22 16:38:51] Ver: 1
[2026-04-22 16:39:23] ADS value: 0.00
[2026-04-22 16:39:41] ADS value: 0.00
[2026-04-22 16:39:42] Ver: 1
[2026-04-22 16:40:03] ADS value: 0.00
[2026-04-22 16:40:04] Ver: 1
[2026-04-22 16:40:29] ADS value: 0.00
[2026-04-22 16:40:30] Ver: 1
[2026-04-22 16:40:54] ADS value: 0.00
[2026-04-22 16:40:54] Ver: 1
[2026-04-22 16:41:24] ADS value: 0.00
[2026-04-22 16:41:24] Ver: 1
[2026-04-22 16:41:46] ADS value: 0.00
[2026-04-22 16:41:47] Ver: 1
[2026-04-22 16:42:19] ADS value: 0.00
[2026-04-22 16:42:19] Ver: 1
[2026-04-22 16:42:44] ADS value: 0.00
[2026-04-22 16:42:45] Ver: 1
[2026-04-22 16:43:10] ADS value: 0.00
[2026-04-22 16:43:10] Ver: 1
[2026-04-22 16:43:36] ADS value: 0.00
[2026-04-22 16:43:37] Ver: 1
[2026-04-22 16:44:02] ADS value: 0.00
[2026-04-22 16:44:02] Ver: 1
[2026-04-22 16:44:34] ADS value: 0.00
[2026-04-22 16:44:35] Ver: 1
[2026-04-22 16:45:00] ADS value: 0.00
[2026-04-22 16:45:00] Ver: 1
[2026-04-22 16:45:25] ADS value: 0.00
[2026-04-22 16:45:25] Ver: 1
[2026-04-22 16:45:52] ADS value: 0.00
[2026-04-22 16:45:52] Ver: 1
[2026-04-22 16:46:17] ADS value: 0.00
[2026-04-22 16:46:18] Ver: 1
[2026-04-22 16:47:17] ADS value: 0.00
[2026-04-22 16:47:17] Ver: 1
[2026-04-22 16:47:17] ADS value: 0.00
[2026-04-22 16:47:17] Ver: 1
[2026-04-22 16:47:40] ADS value: 0.00
[2026-04-22 16:47:40] Ver: 1
[2026-04-22 16:48:07] ADS value: 0.00
[2026-04-22 16:48:08] Ver: 1
[2026-04-22 16:48:32] ADS value: 0.00
[2026-04-22 16:48:33] Ver: 1
[2026-04-22 16:49:05] ADS value: 0.00
[2026-04-22 16:49:05] Ver: 1
[2026-04-22 16:52:28] ADS value: 0.00
[2026-04-22 16:52:29] Ver: 1
[2026-04-22 16:52:54] ADS value: 0.00
[2026-04-22 16:52:54] Ver: 1
[2026-04-22 16:53:19] ADS value: 0.00
[2026-04-22 16:53:19] Ver: 1
[2026-04-22 16:53:44] ADS value: 0.00
[2026-04-22 16:53:45] Ver: 1
[2026-04-22 16:54:09] ADS value: 0.00
[2026-04-22 16:54:10] Ver: 1
[2026-04-22 16:54:39] ADS value: 0.00
[2026-04-22 16:54:40] Ver: 1
[2026-04-22 16:55:02] ADS value: 0.00
[2026-04-22 16:55:02] Ver: 1
[2026-04-22 16:55:34] ADS value: 0.00
[2026-04-22 16:55:35] Ver: 1
[2026-04-22 16:55:59] ADS value: 0.00
[2026-04-22 16:56:00] Ver: 1
[2026-04-22 16:56:24] ADS value: 0.00
[2026-04-22 16:56:25] Ver: 1
[2026-04-22 16:56:51] ADS value: 0.00
[2026-04-22 16:56:52] Ver: 1
[2026-04-22 16:57:16] ADS value: 0.00
[2026-04-22 16:57:17] Ver: 1
[2026-04-22 16:57:49] ADS value: 0.00
[2026-04-22 16:57:50] Ver: 1
[2026-04-22 16:58:14] ADS value: 0.00
[2026-04-22 16:58:15] Ver: 1
[2026-04-22 16:58:40] ADS value: 0.00
[2026-04-22 16:58:40] Ver: 1
[2026-04-22 16:59:07] ADS value: 0.00
[2026-04-22 16:59:07] Ver: 1
[2026-04-22 16:59:32] ADS value: 0.00
[2026-04-22 16:59:33] Ver: 1
[2026-04-22 17:00:04] ADS value: 0.00
[2026-04-22 17:00:05] Ver: 1
[2026-04-22 17:00:30] ADS value: 0.00
[2026-04-22 17:00:30] Ver: 1
[2026-04-22 17:00:55] ADS value: 0.00
[2026-04-22 17:00:56] Ver: 1
[2026-04-22 17:01:22] ADS value: 0.00
[2026-04-22 17:01:26] Ver: 1
[2026-04-22 17:05:35] ADS value: 0.00
[2026-04-22 17:05:36] Ver: 1
[2026-04-22 17:05:51] Starting progressive OTA download...
[2026-04-22 17:05:55] OTA Progress: 10%
[2026-04-22 17:06:01] OTA Progress: 20%
[2026-04-22 17:06:05] OTA Progress: 30%
[2026-04-22 17:06:10] OTA Progress: 40%
[2026-04-22 17:06:16] OTA Progress: 50%
[2026-04-22 17:06:22] OTA Progress: 60%
[2026-04-22 17:06:27] OTA Progress: 70%
[2026-04-22 17:06:33] OTA Progress: 80%
[2026-04-22 17:06:39] OTA Progress: 90%
[2026-04-22 17:06:45] OTA Progress: 100%
[2026-04-22 17:06:47] OTA download complete! Verifying...
[2026-04-22 17:06:48] OTA 100% Complete! Rebooting now...
[2026-04-22 17:06:58] Boot complete
[2026-04-22 17:07:01] Starting progressive OTA download...
[2026-04-22 17:07:10] OTA Progress: 10%
[2026-04-22 17:07:15] OTA Progress: 20%
[2026-04-22 17:07:24] OTA Progress: 30%
[2026-04-22 17:07:33] OTA Progress: 40%
[2026-04-22 17:07:39] OTA Progress: 50%
[2026-04-22 17:10:17] ADS value: 0.00
[2026-04-22 17:10:17] Ver: 1
[2026-04-22 17:10:41] ADS value: 0.00
[2026-04-22 17:10:42] Ver: 1
[2026-04-22 17:11:03] ADS value: 0.00
[2026-04-22 17:11:03] Ver: 1
[2026-04-22 17:11:24] ADS value: 0.00
[2026-04-22 17:11:25] Ver: 1
[2026-04-22 17:11:45] ADS value: 0.00
[2026-04-22 17:11:46] Ver: 1
[2026-04-22 17:12:07] ADS value: 0.00
[2026-04-22 17:12:08] Ver: 1
[2026-04-22 17:12:29] ADS value: 0.00
[2026-04-22 17:12:29] Ver: 1
[2026-04-22 17:12:51] ADS value: 0.00
[2026-04-22 17:12:51] Ver: 1
[2026-04-22 17:13:12] ADS value: 0.00
[2026-04-22 17:13:13] Ver: 1
[2026-04-22 17:13:33] ADS value: 0.00
[2026-04-22 17:13:34] Ver: 1
[2026-04-22 17:13:55] ADS value: 0.00
[2026-04-22 17:13:56] Ver: 1
[2026-04-22 17:14:17] ADS value: 0.00
[2026-04-22 17:14:17] Ver: 1
[2026-04-22 17:14:38] ADS value: 0.00
[2026-04-22 17:14:39] Ver: 1
[2026-04-22 17:15:00] ADS value: 0.00
[2026-04-22 17:15:01] Ver: 1
[2026-04-22 17:15:22] Starting progressive OTA download...
[2026-04-22 17:15:27] OTA Progress: 10%
[2026-04-22 17:15:33] OTA Progress: 20%
[2026-04-22 17:15:37] OTA Progress: 30%
[2026-04-22 17:15:43] OTA Progress: 40%
[2026-04-22 17:15:46] OTA Progress: 50%
[2026-04-22 17:15:51] OTA Progress: 60%
[2026-04-22 17:15:56] OTA Progress: 70%
[2026-04-22 17:16:02] OTA Progress: 80%
[2026-04-22 17:16:07] OTA Progress: 90%
[2026-04-22 17:16:12] OTA Progress: 100%
[2026-04-22 17:16:12] OTA download complete! Verifying...
[2026-04-22 17:16:13] OTA 100% Complete! Rebooting now...
[2026-04-22 17:16:25] Boot complete
[2026-04-22 17:16:29] Starting progressive OTA download...
[2026-04-22 17:16:33] OTA Progress: 10%
[2026-04-22 17:16:38] OTA Progress: 20%
[2026-04-22 17:16:41] OTA Progress: 30%
[2026-04-22 17:16:44] OTA Progress: 40%
[2026-04-22 17:16:49] OTA Progress: 50%
[2026-04-22 17:16:52] OTA Interrupted: Connection lost before finishing.
[2026-04-22 17:16:53] ADS value: 0.00
[2026-04-22 17:16:53] Ver: 1
[2026-04-22 17:17:01] Starting progressive OTA download...
[2026-04-22 17:17:05] OTA Progress: 10%
[2026-04-22 17:17:11] OTA Progress: 20%
[2026-04-22 17:17:16] OTA Progress: 30%
[2026-04-22 17:17:22] OTA Progress: 40%
[2026-04-22 17:17:26] OTA Progress: 50%
[2026-04-22 17:17:30] OTA Progress: 60%
[2026-04-22 17:17:36] OTA Progress: 70%
[2026-04-22 17:17:41] OTA Progress: 80%
[2026-04-22 17:17:46] OTA Progress: 90%
[2026-04-22 17:17:49] OTA Progress: 100%
[2026-04-22 17:17:50] OTA download complete! Verifying...
[2026-04-22 17:17:51] OTA 100% Complete! Rebooting now...
[2026-04-22 17:18:01] Boot complete
[2026-04-22 17:18:05] Starting progressive OTA download...
[2026-04-22 17:18:10] OTA Progress: 10%
[2026-04-22 17:18:14] OTA Progress: 20%
[2026-04-22 17:18:19] OTA Progress: 30%
[2026-04-22 17:18:23] OTA Progress: 40%
[2026-04-22 17:18:27] OTA Progress: 50%
[2026-04-22 17:18:31] OTA Progress: 60%
[2026-04-22 17:18:36] OTA Progress: 70%
[2026-04-22 17:18:40] OTA Progress: 80%
[2026-04-22 17:18:43] OTA Progress: 90%
[2026-04-22 17:18:49] OTA Progress: 100%
[2026-04-22 17:18:50] OTA download complete! Verifying...
[2026-04-22 17:18:50] OTA 100% Complete! Rebooting now...
[2026-04-22 17:19:00] Boot complete
[2026-04-22 17:19:04] Starting progressive OTA download...
[2026-04-22 17:19:08] OTA Progress: 10%
[2026-04-22 17:19:13] OTA Progress: 20%
[2026-04-22 17:19:17] OTA Progress: 30%
[2026-04-22 17:19:22] OTA Progress: 40%
[2026-04-22 17:19:27] OTA Progress: 50%
[2026-04-22 17:19:32] OTA Progress: 60%
[2026-04-22 17:19:35] OTA Progress: 70%
[2026-04-22 17:19:38] OTA Progress: 80%
[2026-04-22 17:19:42] OTA Progress: 90%
[2026-04-22 17:19:45] OTA Progress: 100%
[2026-04-22 17:19:45] OTA download complete! Verifying...
[2026-04-22 17:19:46] OTA 100% Complete! Rebooting now...
[2026-04-22 17:19:57] Boot complete
[2026-04-22 17:20:01] Starting progressive OTA download...
[2026-04-22 17:20:05] OTA Progress: 10%
[2026-04-22 17:20:09] OTA Progress: 20%
[2026-04-22 17:20:13] OTA Progress: 30%
[2026-04-22 17:20:18] OTA Progress: 40%
[2026-04-22 17:20:22] OTA Progress: 50%
[2026-04-22 17:20:26] OTA Progress: 60%
[2026-04-22 17:20:31] OTA Progress: 70%
[2026-04-22 17:20:37] OTA Progress: 80%
[2026-04-22 17:20:41] OTA Progress: 90%
[2026-04-22 17:20:46] OTA Progress: 100%
[2026-04-22 17:20:46] OTA download complete! Verifying...
[2026-04-22 17:20:47] OTA 100% Complete! Rebooting now...
[2026-04-22 17:20:57] Boot complete
[2026-04-22 17:21:01] Starting progressive OTA download...
[2026-04-22 17:21:06] OTA Progress: 10%
[2026-04-22 17:21:10] OTA Progress: 20%
[2026-04-22 17:21:15] OTA Progress: 30%
[2026-04-22 17:21:20] OTA Progress: 40%
[2026-04-22 17:21:24] OTA Progress: 50%
[2026-04-22 17:21:29] OTA Progress: 60%
[2026-04-22 17:21:33] OTA Progress: 70%
[2026-04-22 17:21:39] OTA Progress: 80%
[2026-04-22 17:21:43] OTA Progress: 90%
[2026-04-22 17:21:47] OTA Progress: 100%
[2026-04-22 17:21:47] OTA download complete! Verifying...
[2026-04-22 17:21:48] OTA 100% Complete! Rebooting now...
[2026-04-22 17:21:58] Boot complete
[2026-04-22 17:22:02] Starting progressive OTA download...
[2026-04-22 17:22:06] OTA Progress: 10%
[2026-04-22 17:22:08] OTA Progress: 20%
[2026-04-22 17:22:14] OTA Progress: 30%
[2026-04-22 17:22:18] OTA Progress: 40%
[2026-04-22 17:22:21] OTA Progress: 50%
[2026-04-22 17:22:27] OTA Progress: 60%
[2026-04-22 17:22:30] OTA Progress: 70%
[2026-04-22 17:22:35] OTA Progress: 80%
[2026-04-22 17:22:39] OTA Progress: 90%
[2026-04-22 17:22:45] OTA Progress: 100%
[2026-04-22 17:22:45] OTA download complete! Verifying...
[2026-04-22 17:22:46] OTA 100% Complete! Rebooting now...
[2026-04-22 17:22:57] Boot complete
[2026-04-22 17:23:01] Starting progressive OTA download...
[2026-04-22 17:23:05] OTA Progress: 10%
[2026-04-22 17:23:08] OTA Progress: 20%
[2026-04-22 17:23:13] OTA Progress: 30%
[2026-04-22 17:23:19] OTA Progress: 40%
[2026-04-22 17:23:24] OTA Progress: 50%
[2026-04-22 17:23:27] OTA Progress: 60%
[2026-04-22 17:23:30] OTA Progress: 70%
[2026-04-22 17:23:33] OTA Progress: 80%
[2026-04-22 17:23:36] OTA Progress: 90%
[2026-04-22 17:23:39] OTA Progress: 100%
[2026-04-22 17:23:40] OTA download complete! Verifying...
[2026-04-22 17:23:41] OTA 100% Complete! Rebooting now...
[2026-04-22 17:23:51] Boot complete
[2026-04-22 17:23:55] Starting progressive OTA download...
[2026-04-22 17:23:59] OTA Progress: 10%
[2026-04-22 17:24:03] OTA Progress: 20%
[2026-04-22 17:24:07] OTA Progress: 30%
[2026-04-22 17:24:11] OTA Progress: 40%
[2026-04-22 17:24:16] OTA Progress: 50%
[2026-04-22 17:24:20] OTA Progress: 60%
[2026-04-22 17:24:24] OTA Progress: 70%
[2026-04-22 17:24:27] OTA Progress: 80%
[2026-04-22 17:24:30] OTA Progress: 90%
[2026-04-22 17:24:34] OTA Progress: 100%
[2026-04-22 17:24:34] OTA download complete! Verifying...
[2026-04-22 17:24:35] OTA 100% Complete! Rebooting now...
[2026-04-22 17:24:45] Boot complete
[2026-04-22 17:24:49] Starting progressive OTA download...
[2026-04-22 17:24:52] OTA Progress: 10%
[2026-04-22 17:24:56] OTA Progress: 20%
[2026-04-22 17:25:00] OTA Progress: 30%
[2026-04-22 17:25:05] OTA Progress: 40%
[2026-04-22 17:25:10] OTA Progress: 50%
[2026-04-22 17:25:14] OTA Progress: 60%
[2026-04-22 17:25:19] OTA Progress: 70%
[2026-04-22 17:25:23] OTA Progress: 80%
[2026-04-22 17:25:27] OTA Progress: 90%
[2026-04-22 17:25:31] OTA Progress: 100%
[2026-04-22 17:25:31] OTA download complete! Verifying...
[2026-04-22 17:25:32] OTA 100% Complete! Rebooting now...
[2026-04-22 17:25:42] Boot complete
[2026-04-22 17:25:46] Starting progressive OTA download...
[2026-04-22 17:25:51] OTA Progress: 10%
[2026-04-22 17:25:55] OTA Progress: 20%
[2026-04-22 17:26:10] OTA Progress: 30%
[2026-04-22 17:26:16] OTA Progress: 40%
[2026-04-22 17:26:20] OTA Progress: 50%
[2026-04-22 17:26:26] OTA Progress: 60%
[2026-04-22 17:26:30] OTA Progress: 70%
[2026-04-22 17:26:36] OTA Progress: 80%
[2026-04-22 17:26:44] OTA Progress: 90%
[2026-04-22 17:27:03] OTA Progress: 100%
[2026-04-22 17:27:03] OTA download complete! Verifying...
[2026-04-22 17:27:04] OTA Error Code: 9
[2026-04-22 17:27:11] ADS value: 0.00
[2026-04-22 17:27:12] Ver: 1
[2026-04-22 17:27:16] Starting progressive OTA download...
[2026-04-22 17:27:34] OTA Progress: 10%
[2026-04-22 17:27:39] OTA Progress: 20%
[2026-04-22 17:27:42] OTA Progress: 30%
[2026-04-22 17:27:45] OTA Progress: 40%
[2026-04-22 17:27:50] OTA Progress: 50%
[2026-04-22 17:27:59] OTA Progress: 60%
[2026-04-22 17:28:11] OTA STUCK: Download timed out at 700499 bytes
[2026-04-22 17:28:20] ADS value: 0.00
[2026-04-22 17:28:23] Ver: 1
[2026-04-22 17:28:50] Ver: 1
[2026-04-22 17:28:55] Starting progressive OTA download...
[2026-04-22 17:29:39] ADS value: 0.00
[2026-04-22 17:29:40] Ver: 1
[2026-04-22 17:30:08] Ver: 1
[2026-04-22 17:30:29] ADS value: 0.00
[2026-04-22 17:30:29] Ver: 1
[2026-04-22 17:31:11] ADS value: 0.00
[2026-04-22 17:31:11] Ver: 1
[2026-04-22 17:31:33] ADS value: 0.00
[2026-04-22 17:31:34] Ver: 1
[2026-04-22 17:32:58] ADS value: 0.00
[2026-04-22 17:32:59] Ver: 1
[2026-04-22 17:33:19] ADS value: 0.00
[2026-04-22 17:33:20] Ver: 1
[2026-04-23 06:12:38] ADS value: 0.00
[2026-04-23 06:12:39] Ver: 1
[2026-04-23 06:13:00] ADS value: 0.00
[2026-04-23 06:13:00] Ver: 1
[2026-04-23 06:13:21] ADS value: 0.00
[2026-04-23 06:13:22] Ver: 1
[2026-04-23 06:13:44] ADS value: 0.00
[2026-04-23 06:13:44] Ver: 1
[2026-04-23 06:14:08] ADS value: 0.00
[2026-04-23 06:14:08] Ver: 1
[2026-04-23 06:14:27] ADS value: 0.00
[2026-04-23 06:14:28] Ver: 1
[2026-04-23 06:14:48] ADS value: 0.00
[2026-04-23 06:14:49] Ver: 1
[2026-04-23 06:15:33] ADS value: 0.00
[2026-04-23 06:15:37] Ver: 1
[2026-04-23 06:15:58] ADS value: 0.00
[2026-04-23 06:16:00] Ver: 1
[2026-04-23 06:17:23] ADS value: 0.00
[2026-04-23 06:17:24] Ver: 1
[2026-04-23 06:18:26] Ver: 1
[2026-04-23 06:27:10] ADS value: 0.00
[2026-04-23 06:27:10] Ver: 1
[2026-04-23 06:27:31] ADS value: 0.00
[2026-04-23 06:27:31] Ver: 1
[2026-04-23 06:27:52] ADS value: 0.00
[2026-04-23 06:27:52] Ver: 1
[2026-04-23 06:28:13] ADS value: 0.00
[2026-04-23 06:28:14] Ver: 1
[2026-04-23 06:28:35] ADS value: 0.00
[2026-04-23 06:28:35] Ver: 1
[2026-04-23 06:28:56] ADS value: 0.00
[2026-04-23 06:28:56] Ver: 1
[2026-04-23 06:29:21] ADS value: 0.00
[2026-04-23 06:29:21] Ver: 1
[2026-04-23 06:29:40] ADS value: 0.00
[2026-04-23 06:29:40] Ver: 1
[2026-04-23 06:30:01] ADS value: 0.00
[2026-04-23 06:30:02] Ver: 1
[2026-04-23 06:30:23] ADS value: 0.00
[2026-04-23 06:30:23] Ver: 1
[2026-04-23 06:30:44] ADS value: 0.00
[2026-04-23 06:30:45] Ver: 1
[2026-04-23 06:31:06] ADS value: 0.00
[2026-04-23 06:31:06] Ver: 1
[2026-04-23 06:31:27] ADS value: 0.00
[2026-04-23 06:31:28] Ver: 1
[2026-04-23 06:31:49] ADS value: 0.00
[2026-04-23 06:31:49] Ver: 1
[2026-04-23 06:32:14] ADS value: 0.00
[2026-04-23 06:32:15] Ver: 1
[2026-04-23 06:32:33] ADS value: 0.00
[2026-04-23 06:32:33] Ver: 1
[2026-04-23 06:32:54] ADS value: 0.00
[2026-04-23 06:32:55] Ver: 1
[2026-04-23 06:33:16] ADS value: 0.00
[2026-04-23 06:33:17] Ver: 1
[2026-04-23 06:33:37] ADS value: 0.00
[2026-04-23 06:33:38] Ver: 1
[2026-04-23 06:33:59] ADS value: 0.00
[2026-04-23 06:34:00] Ver: 1
[2026-04-23 06:34:21] ADS value: 0.00
[2026-04-23 06:34:21] Ver: 1
[2026-04-23 06:34:42] ADS value: 0.00
[2026-04-23 06:34:43] Ver: 1
[2026-04-23 06:35:03] ADS value: 0.00
[2026-04-23 06:35:05] Ver: 1
[2026-04-23 06:35:26] ADS value: 0.00
[2026-04-23 06:35:27] Ver: 1
[2026-04-23 06:35:48] ADS value: 0.00
[2026-04-23 06:35:49] Ver: 1
[2026-04-23 06:36:10] ADS value: 0.00
[2026-04-23 06:36:10] Ver: 1
[2026-04-23 06:36:31] ADS value: 0.00
[2026-04-23 06:36:34] Ver: 1
[2026-04-23 06:37:03] Ver: 1
[2026-04-23 06:37:28] ADS value: 0.00
[2026-04-23 06:37:33] Ver: 1
[2026-04-23 06:37:54] ADS value: 0.00
[2026-04-23 06:37:56] Ver: 1
[2026-04-23 06:38:21] ADS value: 0.00
[2026-04-23 06:38:21] Ver: 1
[2026-04-23 06:38:40] ADS value: 0.00
[2026-04-23 06:38:40] Ver: 1
[2026-04-23 06:39:04] ADS value: 0.00
[2026-04-23 06:39:29] ADS value: 0.00
[2026-04-23 06:39:30] Ver: 1
[2026-04-23 06:39:52] ADS value: 0.00
[2026-04-23 06:39:53] Ver: 1
[2026-04-23 06:40:14] ADS value: 0.00
[2026-04-23 06:40:17] Ver: 1
[2026-04-23 06:40:38] ADS value: 0.00
[2026-04-23 06:40:39] Ver: 1
[2026-04-23 06:41:03] ADS value: 0.00
[2026-04-23 06:41:04] Ver: 1
[2026-04-23 06:41:26] ADS value: 0.00
[2026-04-23 06:41:27] Ver: 1
[2026-04-23 06:41:57] Ver: 1
[2026-04-23 06:42:18] ADS value: 0.00
[2026-04-23 06:42:19] Ver: 1
[2026-04-23 06:42:41] ADS value: 0.00
[2026-04-23 06:42:42] Ver: 1
[2026-04-23 06:43:03] ADS value: 0.00
[2026-04-23 06:43:04] Ver: 1
[2026-04-23 06:43:25] ADS value: 0.00
[2026-04-23 06:43:25] Ver: 1
[2026-04-23 06:43:46] ADS value: 0.00
[2026-04-23 06:43:47] Ver: 1
[2026-04-23 06:44:08] ADS value: 0.00
[2026-04-23 06:44:08] Ver: 1
[2026-04-23 06:44:29] ADS value: 0.00
[2026-04-23 06:44:29] Ver: 1
[2026-04-23 06:44:51] ADS value: 0.00
[2026-04-23 06:44:52] Ver: 1
[2026-04-23 06:45:19] ADS value: 0.00
[2026-04-23 06:45:19] Ver: 1
[2026-04-23 06:45:40] ADS value: 0.00
[2026-04-23 06:45:41] Ver: 1
[2026-04-23 06:46:02] ADS value: 0.00
[2026-04-23 06:46:02] Ver: 1
[2026-04-23 06:46:24] ADS value: 0.00
[2026-04-23 06:46:24] Ver: 1
[2026-04-23 06:46:45] ADS value: 0.00
[2026-04-23 06:46:46] Ver: 1
[2026-04-23 06:47:07] ADS value: 0.00
[2026-04-23 06:47:07] Ver: 1
[2026-04-23 06:47:28] ADS value: 0.00
[2026-04-23 06:47:29] Ver: 1
[2026-04-23 06:47:50] ADS value: 0.00
[2026-04-23 06:47:50] Ver: 1
[2026-04-23 06:48:11] ADS value: 0.00
[2026-04-23 06:48:11] Ver: 1
[2026-04-23 06:48:32] ADS value: 0.00
[2026-04-23 06:48:33] Ver: 1
[2026-04-23 06:48:54] ADS value: 0.00
[2026-04-23 06:48:55] Ver: 1
[2026-04-23 06:49:16] ADS value: 0.00
[2026-04-23 06:49:16] Ver: 1
[2026-04-23 06:49:40] ADS value: 0.00
[2026-04-23 06:49:40] Ver: 1
[2026-04-23 06:50:01] ADS value: 0.00
[2026-04-23 06:50:02] Ver: 1
[2026-04-23 06:50:23] ADS value: 0.00
[2026-04-23 06:50:24] Ver: 1
[2026-04-23 06:50:46] ADS value: 0.00
[2026-04-23 06:50:46] Ver: 1
[2026-04-23 06:51:07] ADS value: 0.00
[2026-04-23 06:51:08] Ver: 1
[2026-04-23 06:51:29] ADS value: 0.00
[2026-04-23 06:51:30] Ver: 1
[2026-04-23 06:51:51] ADS value: 0.00
[2026-04-23 06:51:51] Ver: 1
[2026-04-23 06:52:16] ADS value: 0.00
[2026-04-23 06:52:23] Ver: 1
[2026-04-23 06:52:42] ADS value: 0.00
[2026-04-23 06:52:42] Ver: 1
[2026-04-23 06:53:04] ADS value: 0.00
[2026-04-23 06:53:04] Ver: 1
[2026-04-23 06:53:26] ADS value: 0.00
[2026-04-23 06:53:26] Ver: 1
[2026-04-23 06:53:47] ADS value: 0.00
[2026-04-23 06:53:48] Ver: 1
[2026-04-23 06:54:09] ADS value: 0.00
[2026-04-23 06:54:09] Ver: 1
[2026-04-23 06:54:30] ADS value: 0.00
[2026-04-23 06:54:31] Ver: 1
[2026-04-23 06:54:52] ADS value: 0.00
[2026-04-23 06:54:53] Ver: 1
[2026-04-23 06:55:14] ADS value: 0.00
[2026-04-23 06:55:15] Ver: 1
[2026-04-23 06:55:36] ADS value: 0.00
[2026-04-23 06:55:37] Ver: 1
[2026-04-23 06:55:59] ADS value: 0.00
[2026-04-23 06:55:59] Ver: 1
[2026-04-23 06:56:20] ADS value: 0.00
[2026-04-23 06:56:25] Ver: 1
[2026-04-23 06:56:42] ADS value: 0.00
[2026-04-23 06:56:43] Ver: 1
[2026-04-23 06:57:04] ADS value: 0.00
[2026-04-23 06:57:05] Ver: 1
[2026-04-23 06:57:26] ADS value: 0.00
[2026-04-23 06:57:27] Ver: 1
[2026-04-23 06:57:50] ADS value: 0.00
[2026-04-23 06:57:50] Ver: 1
[2026-04-23 06:58:54] ADS value: 0.00
[2026-04-23 06:58:55] Ver: 1
[2026-04-23 06:59:19] ADS value: 0.00
[2026-04-23 06:59:19] Ver: 1
[2026-04-23 06:59:40] ADS value: 0.00
[2026-04-23 06:59:44] Ver: 1
[2026-04-23 07:00:03] ADS value: 0.00
[2026-04-23 07:00:03] Ver: 1
[2026-04-23 07:00:24] ADS value: 0.00
[2026-04-23 07:00:25] Ver: 1
[2026-04-23 07:00:46] ADS value: 0.00
[2026-04-23 07:00:47] Ver: 1
[2026-04-23 07:01:08] ADS value: 0.00
[2026-04-23 07:01:09] Ver: 1
[2026-04-23 07:01:29] ADS value: 0.00
[2026-04-23 07:01:30] Ver: 1
[2026-04-23 07:01:57] Ver: 1
[2026-04-23 07:02:28] ADS value: 0.00
[2026-04-23 07:02:32] Ver: 1
[2026-04-23 07:02:53] ADS value: 0.00
[2026-04-23 07:03:24] ADS value: 0.00
[2026-04-23 07:03:25] Ver: 1
[2026-04-23 07:03:47] ADS value: 0.00
[2026-04-23 07:03:47] Ver: 1
[2026-04-23 07:04:09] ADS value: 0.00
[2026-04-23 07:04:09] Ver: 1
[2026-04-23 07:04:31] ADS value: 0.00
[2026-04-23 07:04:31] Ver: 1
[2026-04-23 07:04:52] ADS value: 0.00
[2026-04-23 07:04:53] Ver: 1
[2026-04-23 07:05:16] ADS value: 0.00
[2026-04-23 07:05:17] Ver: 1
[2026-04-23 07:05:37] ADS value: 0.00
[2026-04-23 07:05:38] Ver: 1
[2026-04-23 07:05:59] ADS value: 0.00
[2026-04-23 07:05:59] Ver: 1
[2026-04-23 07:06:20] ADS value: 0.00
[2026-04-23 07:06:21] Ver: 1
[2026-04-23 07:06:42] ADS value: 0.00
[2026-04-23 07:06:43] Ver: 1
[2026-04-23 07:07:04] ADS value: 0.00
[2026-04-23 07:07:04] Ver: 1
[2026-04-23 07:07:25] ADS value: 0.00
[2026-04-23 07:07:26] Ver: 1
[2026-04-23 07:07:46] ADS value: 0.00
[2026-04-23 07:07:47] Ver: 1
[2026-04-23 07:08:08] ADS value: 0.00
[2026-04-23 07:08:08] Ver: 1
[2026-04-23 07:08:29] ADS value: 0.00
[2026-04-23 07:08:30] Ver: 1
[2026-04-23 07:08:51] ADS value: 0.00
[2026-04-23 07:08:51] Ver: 1
[2026-04-23 07:09:13] ADS value: 0.00
[2026-04-23 07:09:13] Ver: 1
[2026-04-23 07:09:35] ADS value: 0.00
[2026-04-23 07:09:36] Ver: 1
[2026-04-23 07:09:56] ADS value: 0.00
[2026-04-23 07:09:57] Ver: 1
[2026-04-23 07:10:18] ADS value: 0.00
[2026-04-23 07:10:18] Ver: 1
[2026-04-23 07:10:39] ADS value: 0.00
[2026-04-23 07:10:40] Ver: 1
[2026-04-23 07:11:01] ADS value: 0.00
[2026-04-23 07:11:01] Ver: 1
[2026-04-23 07:11:22] ADS value: 0.00
[2026-04-23 07:11:23] Ver: 1
[2026-04-23 07:11:44] ADS value: 0.00
[2026-04-23 07:11:45] Ver: 1
[2026-04-23 07:12:06] ADS value: 0.00
[2026-04-23 07:12:06] Ver: 1
[2026-04-23 07:12:27] ADS value: 0.00
[2026-04-23 07:12:28] Ver: 1
[2026-04-23 07:12:49] ADS value: 0.00
[2026-04-23 07:12:49] Ver: 1
[2026-04-23 07:13:10] ADS value: 0.00
[2026-04-23 07:13:11] Ver: 1
[2026-04-23 07:13:32] ADS value: 0.00
[2026-04-23 07:13:32] Ver: 1
[2026-04-23 07:13:53] ADS value: 0.00
[2026-04-23 07:13:54] Ver: 1
[2026-04-23 07:20:02] ADS value: 0.00
[2026-04-23 07:20:02] Ver: 1
[2026-04-23 07:20:26] ADS value: 0.00
[2026-04-23 07:20:26] Ver: 1
[2026-04-23 07:20:46] ADS value: 0.00
[2026-04-23 07:20:47] Ver: 1
[2026-04-23 07:21:07] ADS value: 0.00
[2026-04-23 07:21:08] Ver: 1
[2026-04-23 07:21:29] ADS value: 0.00
[2026-04-23 07:21:29] Ver: 1
[2026-04-23 07:21:50] ADS value: 0.00
[2026-04-23 07:21:51] Ver: 1
[2026-04-23 07:22:12] ADS value: 0.00
[2026-04-23 07:22:12] Ver: 1
[2026-04-23 07:22:33] ADS value: 0.00
[2026-04-23 07:22:34] Ver: 1
[2026-04-23 07:22:56] ADS value: 0.00
[2026-04-23 07:22:57] Ver: 1
[2026-04-23 07:23:22] ADS value: 0.00
[2026-04-23 07:23:22] Ver: 1
[2026-04-23 07:23:41] ADS value: 0.00
[2026-04-23 07:23:42] Ver: 1
[2026-04-23 07:24:03] ADS value: 0.00
[2026-04-23 07:24:03] Ver: 1
[2026-04-23 07:24:25] ADS value: 0.00
[2026-04-23 07:24:25] Ver: 1
[2026-04-23 07:24:46] ADS value: 0.00
[2026-04-23 07:24:46] Ver: 1
[2026-04-23 07:25:07] ADS value: 0.00
[2026-04-23 07:25:08] Ver: 1
[2026-04-23 07:25:28] ADS value: 0.00
[2026-04-23 07:25:29] Ver: 1
[2026-04-23 07:25:53] ADS value: 0.00
[2026-04-23 07:25:53] Ver: 1
[2026-04-23 07:26:14] ADS value: 0.00
[2026-04-23 07:26:15] Ver: 1
[2026-04-23 07:26:36] ADS value: 0.00
[2026-04-23 07:26:36] Ver: 1
[2026-04-23 07:26:57] ADS value: 0.00
[2026-04-23 07:26:58] Ver: 1
[2026-04-23 07:27:19] ADS value: 0.00
[2026-04-23 07:27:19] Ver: 1
[2026-04-23 07:27:40] ADS value: 0.00
[2026-04-23 07:27:41] Ver: 1
[2026-04-23 07:28:01] ADS value: 0.00
[2026-04-23 07:28:02] Ver: 1
[2026-04-23 07:28:23] ADS value: 0.00
[2026-04-23 07:28:23] Ver: 1
[2026-04-23 07:28:45] ADS value: 0.00
[2026-04-23 07:28:45] Ver: 1
[2026-04-23 07:29:06] ADS value: 0.00
[2026-04-23 07:29:07] Ver: 1
[2026-04-23 07:29:28] ADS value: 0.00
[2026-04-23 07:29:29] Ver: 1
[2026-04-23 07:29:49] ADS value: 0.00
[2026-04-23 07:29:50] Ver: 1
[2026-04-23 07:30:11] ADS value: 0.00
[2026-04-23 07:30:12] Ver: 1
[2026-04-23 07:30:32] ADS value: 0.00
[2026-04-23 07:30:33] Ver: 1
[2026-04-23 07:30:54] ADS value: 0.00
[2026-04-23 07:30:55] Ver: 1
[2026-04-23 07:31:21] ADS value: 0.00
[2026-04-23 07:31:21] Ver: 1
[2026-04-23 07:31:41] ADS value: 0.00
[2026-04-23 07:31:41] Ver: 1
[2026-04-23 07:35:50] ADS value: 0.00
[2026-04-23 07:35:54] Ver: 1
[2026-04-23 07:36:15] ADS value: 0.00
[2026-04-23 07:36:16] Ver: 1
[2026-04-23 07:36:37] ADS value: 0.00
[2026-04-23 07:36:38] Ver: 1
[2026-04-23 07:36:58] ADS value: 0.00
[2026-04-23 07:36:59] Ver: 1
[2026-04-23 08:40:34] ADS value: 0.00
[2026-04-23 08:40:35] Ver: 1
[2026-04-23 08:40:55] ADS value: 0.00
[2026-04-23 08:40:57] Ver: 1
[2026-04-23 08:41:20] ADS value: 0.00
[2026-04-23 08:41:21] Ver: 1
[2026-04-23 08:41:41] ADS value: 0.00
[2026-04-23 08:41:42] Ver: 1
[2026-04-23 08:42:03] ADS value: 0.00
[2026-04-23 08:42:03] Ver: 1
[2026-04-23 08:42:24] ADS value: 0.00
[2026-04-23 08:42:25] Ver: 1
[2026-04-23 08:42:47] ADS value: 0.00
[2026-04-23 08:42:48] Ver: 1
[2026-04-23 08:43:10] ADS value: 0.00
[2026-04-23 08:43:12] Ver: 1
[2026-04-23 08:43:36] ADS value: 0.00
[2026-04-23 08:43:36] Ver: 1
[2026-04-23 08:43:56] ADS value: 0.00
[2026-04-23 08:43:57] Ver: 1
[2026-04-23 08:44:18] ADS value: 0.00
[2026-04-23 08:44:18] Ver: 1
[2026-04-23 08:44:39] ADS value: 0.00
[2026-04-23 08:44:40] Ver: 1
[2026-04-23 08:45:01] ADS value: 0.00
[2026-04-23 08:45:02] Ver: 1
[2026-04-23 08:45:23] ADS value: 0.00
[2026-04-23 08:45:24] Ver: 1
[2026-04-23 08:45:44] ADS value: 0.00
[2026-04-23 08:45:45] Ver: 1
[2026-04-23 08:46:06] ADS value: 0.00
[2026-04-23 08:46:07] Ver: 1
[2026-04-23 08:46:28] ADS value: 0.00
[2026-04-23 08:46:28] Ver: 1
[2026-04-23 08:46:49] ADS value: 0.00
[2026-04-23 08:46:50] Ver: 1
[2026-04-23 08:51:50] ADS value: 0.00
[2026-04-23 08:52:05] Ver: 1
[2026-04-23 08:52:13] ADS value: 0.00
[2026-04-23 08:52:14] Ver: 1
[2026-04-23 08:52:36] ADS value: 0.00
[2026-04-23 08:52:36] Ver: 1
[2026-04-23 08:52:57] ADS value: 0.00
[2026-04-23 08:52:57] Ver: 1
[2026-04-23 08:53:18] ADS value: 0.00
[2026-04-23 08:53:19] Ver: 1
[2026-04-23 08:53:40] ADS value: 0.00
[2026-04-23 08:53:41] Ver: 1
[2026-04-23 08:54:02] ADS value: 0.00
[2026-04-23 08:54:03] Ver: 1
[2026-04-23 08:54:24] ADS value: 0.00
[2026-04-23 08:54:25] Ver: 1
[2026-04-23 08:54:49] ADS value: 0.00
[2026-04-23 08:54:50] Ver: 1
[2026-04-23 08:55:14] ADS value: 0.00
[2026-04-23 08:55:16] Ver: 1
[2026-04-23 08:55:40] ADS value: 0.00
[2026-04-23 08:55:43] Ver: 1
[2026-04-23 08:56:05] ADS value: 0.00
[2026-04-23 08:57:40] ADS value: 0.00
[2026-04-23 08:57:45] Ver: 1
[2026-04-23 08:58:13] ADS value: 0.00
[2026-04-23 08:58:15] Ver: 1
[2026-04-23 08:59:26] ADS value: 0.00
[2026-04-23 08:59:26] Ver: 1
[2026-04-23 09:01:08] ADS value: 0.00
[2026-04-23 09:01:09] Ver: 1
[2026-04-23 09:01:30] ADS value: 0.00
[2026-04-23 09:01:34] Ver: 1
[2026-04-23 09:02:00] Ver: 1
[2026-04-23 09:02:21] ADS value: 0.00
[2026-04-23 09:02:22] Ver: 1
[2026-04-23 09:02:46] ADS value: 0.00
[2026-04-23 09:02:46] Ver: 1
[2026-04-23 09:03:08] ADS value: 0.00
[2026-04-23 09:03:09] Ver: 1
[2026-04-23 09:03:30] ADS value: 0.00
[2026-04-23 09:03:31] Ver: 1
[2026-04-23 09:03:53] ADS value: 0.00
[2026-04-23 09:05:26] Ver: 1
[2026-04-23 09:05:26] ADS value: 0.00
[2026-04-23 09:05:26] Ver: 1
[2026-04-23 09:05:26] ADS value: 0.00
[2026-04-23 09:05:26] Ver: 1
[2026-04-23 09:05:26] ADS value: 0.00
[2026-04-23 09:05:26] Ver: 1
[2026-04-23 09:05:42] ADS value: 0.00
[2026-04-23 09:05:43] Ver: 1
[2026-04-23 09:06:04] ADS value: 0.00
[2026-04-23 09:06:05] Ver: 1
[2026-04-23 09:06:27] ADS value: 0.00
[2026-04-23 09:06:28] Ver: 1
[2026-04-23 09:06:50] ADS value: 0.00
[2026-04-23 09:06:54] Ver: 1
[2026-04-23 09:07:13] ADS value: 0.00
[2026-04-23 09:07:15] Ver: 1
[2026-04-23 09:07:36] ADS value: 0.00
[2026-04-23 09:07:38] Ver: 1
[2026-04-23 09:07:59] ADS value: 0.00
[2026-04-23 09:08:00] Ver: 1
[2026-04-23 09:08:21] ADS value: 0.00
[2026-04-23 09:08:22] Ver: 1
[2026-04-23 09:08:44] ADS value: 0.00
[2026-04-23 09:08:44] Ver: 1
[2026-04-23 09:09:06] ADS value: 0.00
[2026-04-23 09:09:06] Ver: 1
[2026-04-23 09:09:27] ADS value: 0.00
[2026-04-23 09:09:28] Ver: 1
[2026-04-23 09:09:49] ADS value: 0.00
[2026-04-23 09:09:50] Ver: 1
[2026-04-23 09:10:12] ADS value: 0.00
[2026-04-23 09:10:15] Ver: 1
[2026-04-23 09:10:36] ADS value: 0.00
[2026-04-23 09:10:39] Ver: 1
[2026-04-23 09:10:58] ADS value: 0.00
[2026-04-23 09:10:59] Ver: 1
[2026-04-23 09:11:20] ADS value: 0.00
[2026-04-23 09:11:22] Ver: 1
[2026-04-23 09:11:43] ADS value: 0.00
[2026-04-23 09:11:44] Ver: 1
[2026-04-23 09:12:08] ADS value: 0.00
[2026-04-23 09:12:34] ADS value: 0.00
[2026-04-23 09:12:35] Ver: 1
[2026-04-23 09:13:01] ADS value: 0.00
[2026-04-23 09:13:07] Ver: 1
[2026-04-23 09:13:24] ADS value: 0.00
[2026-04-23 09:13:25] Ver: 1
[2026-04-23 09:13:45] ADS value: 0.00
[2026-04-23 09:13:46] Ver: 1
[2026-04-23 09:14:07] ADS value: 0.00
[2026-04-23 09:14:08] Ver: 1
[2026-04-23 09:14:28] ADS value: 0.00
[2026-04-23 09:14:29] Ver: 1
[2026-04-23 09:14:51] ADS value: 0.00
[2026-04-23 09:14:52] Ver: 1
[2026-04-23 09:15:14] ADS value: 0.00
[2026-04-23 09:15:15] Ver: 1
[2026-04-23 09:15:37] ADS value: 0.00
[2026-04-23 09:15:38] Ver: 1
[2026-04-23 09:16:00] ADS value: 0.00
[2026-04-23 09:16:01] Ver: 1
[2026-04-23 09:17:03] ADS value: 0.00
[2026-04-23 09:17:03] Ver: 1
[2026-04-23 09:18:25] ADS value: 0.00
[2026-04-23 09:18:26] Ver: 1
[2026-04-23 09:18:47] ADS value: 0.00
[2026-04-23 09:18:47] Ver: 1
[2026-04-23 09:19:08] ADS value: 0.00
[2026-04-23 09:19:09] Ver: 1
[2026-04-23 09:19:29] ADS value: 0.00
[2026-04-23 09:19:30] Ver: 1
[2026-04-23 09:19:53] ADS value: 0.00
[2026-04-23 09:19:53] Ver: 1
[2026-04-23 09:20:14] ADS value: 0.00
[2026-04-23 09:20:15] Ver: 1
[2026-04-23 09:20:36] ADS value: 0.00
[2026-04-23 09:20:37] Ver: 1
[2026-04-23 09:20:59] ADS value: 0.00
[2026-04-23 09:21:00] Ver: 1
[2026-04-23 09:21:23] ADS value: 0.00
[2026-04-23 09:21:29] Ver: 1
[2026-04-23 09:21:47] ADS value: 0.00
[2026-04-23 09:21:48] Ver: 1
[2026-04-23 09:22:10] ADS value: 0.00
[2026-04-23 09:22:11] Ver: 1
[2026-04-23 09:22:36] ADS value: 0.00
[2026-04-23 09:22:38] Ver: 1
[2026-04-23 09:22:59] ADS value: 0.00
[2026-04-23 09:23:00] Ver: 1
[2026-04-23 09:23:24] ADS value: 0.00
[2026-04-23 09:23:28] Ver: 1
[2026-04-23 09:23:47] ADS value: 0.00
[2026-04-23 09:23:48] Ver: 1
[2026-04-23 09:24:10] ADS value: 0.00
[2026-04-23 09:24:18] Ver: 1
[2026-04-23 09:24:33] ADS value: 0.00
[2026-04-23 09:24:35] Ver: 1
[2026-04-23 09:24:57] ADS value: 0.00
[2026-04-23 09:25:00] Ver: 1
[2026-04-23 09:25:20] ADS value: 0.00
[2026-04-23 09:25:21] Ver: 1
[2026-04-23 09:25:43] ADS value: 0.00
[2026-04-23 09:25:43] Ver: 1
[2026-04-23 09:27:43] Ver: 1
[2026-04-23 09:28:41] ADS value: 0.00
[2026-04-23 09:28:43] Ver: 1
[2026-04-23 09:29:07] ADS value: 0.00
[2026-04-23 09:29:39] ADS value: 0.00
[2026-04-23 09:29:40] Ver: 1
[2026-04-23 09:30:31] ADS value: 0.00
[2026-04-23 09:30:32] Ver: 1
[2026-04-23 09:30:57] ADS value: 0.00
[2026-04-23 09:30:58] Ver: 1
[2026-04-23 09:31:18] ADS value: 0.00
[2026-04-23 09:31:19] Ver: 1
[2026-04-23 09:32:44] ADS value: 0.00
[2026-04-23 09:32:45] Ver: 1
[2026-04-25 12:35:55] ADS value: 0.00
[2026-04-25 12:35:56] Ver: 1
[2026-04-25 12:36:20] ADS value: 0.00
[2026-04-25 12:36:21] Ver: 1
[2026-04-25 12:36:54] ADS value: 0.00
[2026-04-25 12:36:54] Ver: 1
[2026-04-25 12:37:18] ADS value: 0.00
[2026-04-25 12:37:19] Ver: 1
[2026-04-25 12:37:43] ADS value: 0.00
[2026-04-25 12:37:44] Ver: 1
[2026-04-25 12:38:12] ADS value: 0.00
[2026-04-25 12:38:13] Ver: 1
[2026-04-25 12:38:36] ADS value: 0.00
[2026-04-25 12:38:37] Ver: 1
[2026-04-25 12:39:08] ADS value: 0.00
[2026-04-25 12:39:09] Ver: 1
[2026-04-25 12:39:33] ADS value: 0.00
[2026-04-25 12:39:34] Ver: 1
[2026-04-25 12:40:00] ADS value: 0.00
[2026-04-25 12:40:00] Ver: 1
[2026-04-25 12:40:27] ADS value: 0.00
[2026-04-25 12:40:27] Ver: 1
[2026-04-25 12:40:52] ADS value: 0.00
[2026-04-25 12:40:52] Ver: 1
[2026-04-25 12:41:24] ADS value: 0.00
[2026-04-25 12:41:25] Ver: 1
[2026-04-25 12:41:49] ADS value: 0.00
[2026-04-25 12:41:50] Ver: 1
[2026-04-25 12:42:15] ADS value: 0.00
[2026-04-25 12:42:16] Ver: 1
[2026-04-25 12:42:42] ADS value: 0.00
[2026-04-25 12:42:43] Ver: 1
[2026-04-25 12:43:08] ADS value: 0.00
[2026-04-25 12:43:08] Ver: 1
[2026-04-25 12:43:40] ADS value: 0.00
[2026-04-25 12:43:41] Ver: 1
[2026-04-25 12:44:05] ADS value: 0.00
[2026-04-25 12:44:06] Ver: 1
[2026-04-25 12:44:31] ADS value: 0.00
[2026-04-25 12:44:31] Ver: 1
[2026-04-25 12:44:58] ADS value: 0.00
[2026-04-25 12:44:58] Ver: 1
[2026-04-25 12:45:23] ADS value: 0.00
[2026-04-25 12:45:23] Ver: 1
[2026-04-25 12:45:55] ADS value: 0.00
[2026-04-25 12:45:56] Ver: 1
[2026-04-25 12:46:20] ADS value: 0.00
[2026-04-25 12:46:21] Ver: 1
[2026-04-25 12:46:46] ADS value: 0.00
[2026-04-25 12:46:46] Ver: 1
[2026-04-25 12:47:13] ADS value: 0.00
[2026-04-25 12:47:14] Ver: 1
[2026-04-25 12:47:39] ADS value: 0.00
[2026-04-25 12:47:39] Ver: 1
[2026-04-25 12:48:11] ADS value: 0.00
[2026-04-25 12:48:12] Ver: 1
[2026-04-25 12:48:36] ADS value: 0.00
[2026-04-25 12:48:37] Ver: 1
[2026-04-25 12:49:02] ADS value: 0.00
[2026-04-25 12:49:02] Ver: 1
[2026-04-25 12:49:29] ADS value: 0.00
[2026-04-25 12:49:29] Ver: 1
[2026-04-25 12:49:54] ADS value: 0.00
[2026-04-25 12:49:55] Ver: 1
[2026-04-25 12:50:27] ADS value: 0.00
[2026-04-25 12:50:27] Ver: 1
[2026-04-25 12:50:52] ADS value: 0.00
[2026-04-25 12:50:53] Ver: 1
[2026-04-25 12:51:18] ADS value: 0.00
[2026-04-25 12:51:18] Ver: 1
[2026-04-25 12:51:44] ADS value: 0.00
[2026-04-25 12:51:45] Ver: 1
[2026-04-25 12:52:10] ADS value: 0.00
[2026-04-25 12:52:10] Ver: 1
[2026-04-25 12:52:43] ADS value: 0.00
[2026-04-25 12:52:43] Ver: 1
[2026-04-25 12:53:08] ADS value: 0.00
[2026-04-25 12:53:09] Ver: 1
[2026-04-25 12:53:29] ADS value: 0.00
[2026-04-25 12:53:30] Ver: 1
[2026-04-25 12:53:51] ADS value: 0.00
[2026-04-25 12:53:51] Ver: 1
[2026-04-25 12:54:12] ADS value: 0.00
[2026-04-25 12:54:13] Ver: 1
[2026-04-25 12:54:34] ADS value: 0.00
[2026-04-25 12:54:34] Ver: 1
[2026-04-25 12:54:56] ADS value: 0.00
[2026-04-25 12:54:56] Ver: 1
[2026-04-25 12:55:17] ADS value: 0.00
[2026-04-25 12:55:18] Ver: 1
[2026-04-25 12:55:39] ADS value: 0.00
[2026-04-25 12:55:40] Ver: 1
[2026-04-25 12:56:01] ADS value: 0.00
[2026-04-25 12:56:01] Ver: 1
[2026-04-25 12:56:23] ADS value: 0.00
[2026-04-25 12:56:24] Ver: 1
[2026-04-25 12:56:45] ADS value: 0.00
[2026-04-25 12:56:46] Ver: 1
[2026-04-25 12:57:06] ADS value: 0.00
[2026-04-25 12:57:19] Ver: 1
[2026-04-25 12:57:32] ADS value: 0.00
[2026-04-25 12:57:34] Ver: 1
[2026-04-25 12:57:51] ADS value: 0.00
[2026-04-25 12:57:52] Ver: 1
[2026-04-25 12:58:13] ADS value: 0.00
[2026-04-25 12:58:14] Ver: 1
[2026-04-25 12:58:35] ADS value: 0.00
[2026-04-25 12:58:36] Ver: 1
[2026-04-25 12:58:57] ADS value: 0.00
[2026-04-25 12:58:58] Ver: 1
[2026-04-25 12:59:18] ADS value: 0.00
[2026-04-25 12:59:19] Ver: 1
[2026-04-25 12:59:40] ADS value: 0.00
[2026-04-25 12:59:41] Ver: 1
[2026-04-25 13:00:02] ADS value: 0.00
[2026-04-25 13:00:02] Ver: 1
[2026-04-25 13:00:23] ADS value: 0.00
[2026-04-25 13:00:23] Ver: 1
[2026-04-25 13:00:44] ADS value: 0.00
[2026-04-25 13:00:45] Ver: 1
[2026-04-25 13:01:06] ADS value: 0.00
[2026-04-25 13:01:07] Ver: 1
[2026-04-25 13:01:28] ADS value: 0.00
[2026-04-25 13:01:29] Ver: 1
[2026-04-25 13:01:50] ADS value: 0.00
[2026-04-25 13:01:51] Ver: 1
[2026-04-25 13:02:12] ADS value: 0.00
[2026-04-25 13:02:13] Ver: 1
[2026-04-25 13:02:34] ADS value: 0.00
[2026-04-25 13:02:34] Ver: 1
[2026-04-25 13:02:55] ADS value: 0.00
[2026-04-25 13:02:56] Ver: 1
[2026-04-25 13:03:17] ADS value: 0.00
[2026-04-25 13:03:17] Ver: 1
[2026-04-25 13:03:38] ADS value: 0.00
[2026-04-25 13:03:39] Ver: 1
[2026-04-25 13:04:00] ADS value: 0.00
[2026-04-25 13:04:00] Ver: 1
[2026-04-25 13:04:21] ADS value: 0.00
[2026-04-25 13:04:22] Ver: 1
[2026-04-25 13:04:43] ADS value: 0.00
[2026-04-25 13:04:43] Ver: 1
[2026-04-25 13:05:04] ADS value: 0.00
[2026-04-25 13:05:05] Ver: 1
[2026-04-25 13:05:26] ADS value: 0.00
[2026-04-25 13:05:27] Ver: 1
[2026-04-25 13:05:47] ADS value: 0.00
[2026-04-25 13:05:48] Ver: 1
[2026-04-25 13:06:09] ADS value: 0.00
[2026-04-25 13:06:10] Ver: 1
[2026-04-25 13:06:31] ADS value: 0.00
[2026-04-25 13:06:32] Ver: 1
[2026-04-25 13:06:52] ADS value: 0.00
[2026-04-25 13:06:53] Ver: 1
[2026-04-25 13:07:14] ADS value: 0.00
[2026-04-25 13:07:14] Ver: 1
[2026-04-25 13:07:35] ADS value: 0.00
[2026-04-25 13:07:36] Ver: 1
[2026-04-25 13:07:57] ADS value: 0.00
[2026-04-25 13:07:58] Ver: 1
[2026-04-25 13:08:18] ADS value: 0.00
[2026-04-25 13:08:19] Ver: 1
[2026-04-25 13:08:40] ADS value: 0.00
[2026-04-25 13:08:40] Ver: 1
[2026-04-25 13:09:01] ADS value: 0.00
[2026-04-25 13:09:02] Ver: 1
[2026-04-25 13:13:18] ADS value: 0.00
[2026-04-25 13:13:19] Ver: 1
[2026-04-25 13:13:39] ADS value: 0.00
[2026-04-25 13:13:40] Ver: 1
[2026-04-25 13:14:06] Ver: 1
[2026-04-25 13:14:27] ADS value: 0.00
[2026-04-25 13:14:28] Ver: 1
[2026-04-25 13:14:48] ADS value: 0.00
[2026-04-25 13:14:49] Ver: 1
[2026-04-25 13:15:10] ADS value: 0.00
[2026-04-25 13:15:11] Ver: 1
[2026-04-25 13:15:31] ADS value: 0.00
[2026-04-25 13:15:32] Ver: 1
[2026-04-25 13:15:53] ADS value: 0.00
[2026-04-25 13:15:54] Ver: 1
[2026-04-30 13:03:36] ADS value: 0.00
[2026-04-30 13:03:36] Ver: 1
[2026-04-30 13:03:57] ADS value: 0.00
[2026-04-30 13:03:57] Ver: 1
[2026-04-30 13:04:19] ADS value: 0.00
[2026-04-30 13:04:20] Ver: 1
[2026-04-30 13:04:41] ADS value: 0.00
[2026-04-30 13:04:41] Ver: 1
[2026-04-30 13:05:03] ADS value: 0.00
[2026-04-30 13:05:04] Ver: 1
[2026-04-30 13:05:25] ADS value: 0.00
[2026-04-30 13:05:25] Ver: 1
[2026-04-30 13:05:46] ADS value: 0.00
[2026-04-30 13:05:47] Ver: 1
[2026-04-30 13:06:11] ADS value: 0.00
[2026-04-30 13:06:12] Ver: 1
[2026-04-30 13:06:33] ADS value: 0.00
[2026-04-30 13:06:33] Ver: 1
[2026-04-30 13:06:54] ADS value: 0.00
[2026-04-30 13:06:55] Ver: 1
[2026-04-30 13:07:16] ADS value: 0.00
[2026-04-30 13:07:17] Ver: 1
[2026-04-30 13:07:41] ADS value: 0.00
[2026-04-30 13:07:42] Ver: 1
[2026-04-30 13:08:03] ADS value: 0.00
[2026-04-30 13:08:04] Ver: 1
[2026-04-30 13:08:24] ADS value: 0.00
[2026-04-30 13:08:25] Ver: 1
[2026-04-30 13:08:46] ADS value: 0.00
[2026-04-30 13:08:47] Ver: 1
[2026-04-30 13:09:08] ADS value: 0.00
[2026-04-30 13:09:08] Ver: 1
[2026-04-30 13:09:29] ADS value: 0.00
[2026-04-30 13:09:30] Ver: 1
[2026-04-30 13:09:56] Ver: 1
[2026-04-30 13:10:16] ADS value: 0.00
[2026-04-30 13:10:17] Ver: 1
[2026-04-30 13:10:40] ADS value: 0.00
[2026-04-30 13:10:41] Ver: 1
[2026-04-30 13:11:01] ADS value: 0.00
[2026-04-30 13:11:02] Ver: 1
[2026-04-30 13:11:24] ADS value: 0.00
[2026-04-30 13:11:25] Ver: 1
[2026-04-30 13:11:46] ADS value: 0.00
[2026-04-30 13:11:47] Ver: 1
[2026-04-30 13:12:10] ADS value: 0.00
[2026-04-30 13:12:11] Ver: 1
[2026-04-30 13:12:33] ADS value: 0.00
[2026-04-30 13:12:33] Ver: 1
[2026-04-30 13:12:54] ADS value: 0.00
[2026-04-30 13:12:55] Ver: 1
[2026-04-30 13:13:16] ADS value: 0.00
[2026-04-30 13:13:16] Ver: 1
[2026-04-30 13:13:37] ADS value: 0.00
[2026-04-30 13:13:38] Ver: 1
[2026-04-30 13:13:59] ADS value: 0.00
[2026-04-30 13:13:59] Ver: 1
[2026-04-30 13:14:20] ADS value: 0.00
[2026-04-30 13:14:21] Ver: 1
[2026-04-30 13:14:42] ADS value: 0.00
[2026-04-30 13:14:43] Ver: 1
[2026-04-30 13:15:04] ADS value: 0.00
[2026-04-30 13:15:05] Ver: 1
[2026-04-30 13:15:25] ADS value: 0.00
[2026-04-30 13:15:26] Ver: 1
[2026-04-30 13:15:47] ADS value: 0.00
[2026-04-30 13:15:48] Ver: 1
[2026-04-30 13:16:09] ADS value: 0.00
[2026-04-30 13:16:09] Ver: 1
[2026-04-30 13:16:30] ADS value: 0.00
[2026-04-30 13:16:31] Ver: 1
[2026-04-30 13:16:52] ADS value: 0.00
[2026-04-30 13:16:52] Ver: 1
[2026-04-30 13:17:13] ADS value: 0.00
[2026-04-30 13:17:14] Ver: 1
[2026-04-30 13:17:34] ADS value: 0.00
[2026-04-30 13:17:35] Ver: 1
[2026-04-30 13:17:56] ADS value: 0.00
[2026-04-30 13:17:56] Ver: 1
[2026-04-30 13:18:18] ADS value: 0.00
[2026-04-30 13:18:18] Ver: 1
[2026-04-30 13:18:39] ADS value: 0.00
[2026-04-30 13:18:40] Ver: 1
[2026-04-30 13:19:02] ADS value: 0.00
[2026-04-30 13:19:02] Ver: 1
[2026-04-30 13:19:23] ADS value: 0.00
[2026-04-30 13:19:24] Ver: 1
[2026-04-30 13:19:48] ADS value: 0.00
[2026-04-30 13:19:49] Ver: 1
[2026-04-30 13:20:10] ADS value: 0.00
[2026-04-30 13:20:11] Ver: 1
[2026-04-30 13:20:31] ADS value: 0.00
[2026-04-30 13:20:32] Ver: 1
[2026-04-30 13:20:53] ADS value: 0.00
[2026-04-30 13:20:53] Ver: 1
[2026-04-30 13:21:14] ADS value: 0.00
[2026-04-30 13:21:15] Ver: 1
[2026-04-30 13:21:36] ADS value: 0.00
[2026-04-30 13:21:36] Ver: 1
[2026-04-30 13:21:58] ADS value: 0.00
[2026-04-30 13:21:58] Ver: 1
[2026-04-30 13:22:20] ADS value: 0.00
[2026-04-30 13:22:20] Ver: 1
[2026-04-30 13:22:44] ADS value: 0.00
[2026-04-30 13:22:45] Ver: 1
[2026-04-30 13:23:07] ADS value: 0.00
[2026-04-30 13:23:07] Ver: 1
[2026-04-30 13:23:31] ADS value: 0.00
[2026-04-30 13:23:31] Ver: 1
[2026-04-30 13:23:52] ADS value: 0.00
[2026-04-30 13:23:53] Ver: 1
[2026-04-30 13:24:14] ADS value: 0.00
[2026-04-30 13:24:14] Ver: 1
[2026-04-30 13:24:35] ADS value: 0.00
[2026-04-30 13:24:35] Ver: 1
[2026-04-30 13:24:56] ADS value: 0.00
[2026-04-30 13:24:57] Ver: 1
[2026-04-30 13:25:18] ADS value: 0.00
[2026-04-30 13:25:18] Ver: 1
[2026-04-30 13:25:39] ADS value: 0.00
[2026-04-30 13:25:40] Ver: 1
[2026-04-30 13:26:01] ADS value: 0.00
[2026-04-30 13:26:01] Ver: 1
[2026-04-30 13:26:22] ADS value: 0.00
[2026-04-30 13:26:23] Ver: 1
[2026-04-30 13:26:43] ADS value: 0.00
[2026-04-30 13:26:44] Ver: 1
[2026-04-30 13:27:05] ADS value: 0.00
[2026-04-30 13:27:06] Ver: 1
[2026-04-30 13:27:27] ADS value: 0.00
[2026-04-30 13:27:27] Ver: 1
[2026-04-30 13:27:48] ADS value: 0.00
[2026-04-30 13:27:49] Ver: 1
[2026-04-30 13:28:13] ADS value: 0.00
[2026-04-30 13:28:14] Ver: 1
[2026-04-30 13:28:35] ADS value: 0.00
[2026-04-30 13:28:35] Ver: 1
[2026-04-30 13:28:57] ADS value: 0.00
[2026-04-30 13:28:58] Ver: 1
[2026-04-30 13:29:18] ADS value: 0.00
[2026-04-30 13:29:19] Ver: 1
[2026-04-30 13:29:41] ADS value: 0.00
[2026-04-30 13:29:42] Ver: 1
[2026-04-30 13:30:07] ADS value: 0.00
[2026-04-30 13:30:07] Ver: 1
[2026-04-30 13:30:29] ADS value: 0.00
[2026-04-30 13:30:29] Ver: 1
[2026-04-30 13:30:53] ADS value: 0.00
[2026-04-30 13:30:56] Ver: 1
[2026-04-30 13:31:17] ADS value: 0.00
[2026-04-30 13:31:17] Ver: 1
[2026-04-30 13:31:38] ADS value: 0.00
[2026-04-30 13:31:39] Ver: 1
[2026-04-30 13:32:00] ADS value: 0.00
[2026-04-30 13:32:00] Ver: 1
[2026-04-30 13:32:22] ADS value: 0.00
[2026-04-30 13:32:22] Ver: 1
[2026-04-30 13:32:43] ADS value: 0.00
[2026-04-30 13:32:44] Ver: 1
[2026-04-30 13:33:08] ADS value: 0.00
[2026-04-30 13:33:08] Ver: 1
[2026-04-30 13:33:30] ADS value: 0.00
[2026-04-30 13:33:31] Ver: 1
[2026-04-30 13:33:39] running_front
[2026-04-30 13:33:46] running_opposite
[2026-04-30 13:33:52] ADS value: 0.00
[2026-04-30 13:33:53] Ver: 1
[2026-04-30 13:34:01] running_front
[2026-04-30 13:34:05] running_opposite
[2026-04-30 13:34:28] ADS value: 0.00
[2026-04-30 13:34:29] Ver: 1
[2026-04-30 13:34:50] ADS value: 0.00
[2026-04-30 13:34:50] Ver: 1
[2026-04-30 13:35:11] ADS value: 0.00
[2026-04-30 13:35:12] Ver: 1
[2026-04-30 13:35:33] ADS value: 0.00
[2026-04-30 13:35:34] Ver: 1
[2026-04-30 13:35:54] ADS value: 0.00
[2026-04-30 13:35:55] Ver: 1
[2026-04-30 13:36:16] ADS value: 0.00
[2026-04-30 13:36:16] Ver: 1
[2026-04-30 13:36:38] ADS value: 0.00
[2026-04-30 13:36:38] Ver: 1
[2026-04-30 13:36:59] ADS value: 0.00
[2026-04-30 13:37:00] Ver: 1
[2026-04-30 13:37:21] ADS value: 0.00
[2026-04-30 13:37:21] Ver: 1
[2026-04-30 13:37:42] ADS value: 0.00
[2026-04-30 13:37:43] Ver: 1
[2026-04-30 13:38:05] ADS value: 0.00
[2026-04-30 13:38:16] Ver: 1
[2026-04-30 13:38:27] ADS value: 0.00
[2026-04-30 13:38:28] Ver: 1
[2026-04-30 13:38:49] ADS value: 0.00
[2026-04-30 13:38:49] Ver: 1
[2026-04-30 13:39:10] ADS value: 0.00
[2026-04-30 13:39:11] Ver: 1
[2026-04-30 13:39:32] ADS value: 0.00
[2026-04-30 13:39:33] Ver: 1
[2026-04-30 13:39:54] ADS value: 0.00
[2026-04-30 13:39:55] Ver: 1
[2026-04-30 13:40:16] ADS value: 0.00
[2026-04-30 13:40:17] Ver: 1
[2026-04-30 13:40:38] ADS value: 0.00
[2026-04-30 13:40:38] Ver: 1
[2026-04-30 13:40:59] ADS value: 0.00
[2026-04-30 13:41:00] Ver: 1
[2026-04-30 13:41:21] ADS value: 0.00
[2026-04-30 13:41:21] Ver: 1
[2026-04-30 13:41:42] ADS value: 0.00
[2026-04-30 13:41:43] Ver: 1
[2026-04-30 13:42:03] ADS value: 0.00
[2026-04-30 13:42:04] Ver: 1
[2026-04-30 13:42:28] ADS value: 0.00
[2026-04-30 13:42:28] Ver: 1
[2026-04-30 13:42:49] ADS value: 0.00
[2026-04-30 13:42:50] Ver: 1
[2026-04-30 13:43:10] ADS value: 0.00
[2026-04-30 13:43:11] Ver: 1
[2026-04-30 13:43:32] ADS value: 0.00
[2026-04-30 13:43:33] Ver: 1
[2026-04-30 13:43:54] ADS value: 0.00
[2026-04-30 13:43:54] Ver: 1
[2026-04-30 13:44:15] ADS value: 0.00
[2026-04-30 13:44:16] Ver: 1
[2026-04-30 13:44:37] ADS value: 0.00
[2026-04-30 13:44:40] Ver: 1
[2026-04-30 13:45:01] ADS value: 0.00
[2026-04-30 13:45:02] Ver: 1
[2026-04-30 13:45:23] ADS value: 0.00
[2026-04-30 13:45:24] Ver: 1
[2026-04-30 13:45:45] ADS value: 0.00
[2026-04-30 13:45:46] Ver: 1
[2026-04-30 13:46:07] ADS value: 0.00
[2026-04-30 13:46:07] Ver: 1
[2026-04-30 13:46:28] ADS value: 0.00
[2026-04-30 13:46:29] Ver: 1
[2026-04-30 13:46:50] ADS value: 0.00
[2026-04-30 13:46:50] Ver: 1
[2026-04-30 13:47:11] ADS value: 0.00
[2026-04-30 13:47:12] Ver: 1
[2026-04-30 13:47:33] ADS value: 0.00
[2026-04-30 13:47:34] Ver: 1
[2026-04-30 13:47:54] ADS value: 0.00
[2026-04-30 13:47:55] Ver: 1
[2026-04-30 13:48:16] ADS value: 0.00
[2026-04-30 13:48:17] Ver: 1
[2026-04-30 13:48:37] ADS value: 0.00
[2026-04-30 13:48:40] Ver: 1
[2026-04-30 13:49:00] ADS value: 0.00
[2026-04-30 13:49:01] Ver: 1
[2026-04-30 13:49:25] ADS value: 0.00
[2026-04-30 13:49:26] Ver: 1
[2026-04-30 13:49:47] ADS value: 0.00
[2026-04-30 13:49:48] Ver: 1
[2026-04-30 13:50:08] ADS value: 0.00
[2026-04-30 13:50:09] Ver: 1
[2026-04-30 13:50:31] ADS value: 0.00
[2026-04-30 13:50:32] Ver: 1
[2026-04-30 13:50:53] ADS value: 0.00
[2026-04-30 13:50:53] Ver: 1
[2026-04-30 13:51:14] ADS value: 0.00
[2026-04-30 13:51:15] Ver: 1
[2026-04-30 13:51:40] ADS value: 0.00
[2026-04-30 13:51:41] Ver: 1
[2026-04-30 13:52:03] ADS value: 0.00
[2026-04-30 13:52:04] Ver: 1
[2026-04-30 13:52:25] ADS value: 0.00
[2026-04-30 13:52:27] Ver: 1
[2026-04-30 13:52:47] ADS value: 0.00
[2026-04-30 13:52:48] Ver: 1
[2026-04-30 13:53:13] ADS value: 0.00
[2026-04-30 13:53:14] Ver: 1
[2026-04-30 13:53:36] ADS value: 0.00
[2026-04-30 13:53:36] Ver: 1
[2026-04-30 13:53:57] ADS value: 0.00
[2026-04-30 13:53:59] Ver: 1
[2026-04-30 13:54:20] ADS value: 0.00
[2026-04-30 13:54:21] Ver: 1
[2026-04-30 13:54:42] ADS value: 0.00
[2026-04-30 13:54:43] Ver: 1
[2026-04-30 13:55:04] ADS value: 0.00
[2026-04-30 13:55:05] Ver: 1
[2026-04-30 13:55:26] ADS value: 0.00
[2026-04-30 13:55:26] Ver: 1
[2026-04-30 13:55:48] ADS value: 0.00
[2026-04-30 13:55:48] Ver: 1
[2026-04-30 13:56:10] ADS value: 0.00
[2026-04-30 13:56:11] Ver: 1
[2026-04-30 13:56:32] ADS value: 0.00
[2026-04-30 13:56:33] Ver: 1
[2026-04-30 13:56:54] ADS value: 0.00
[2026-04-30 13:56:55] Ver: 1
[2026-04-30 13:57:15] ADS value: 0.00
[2026-04-30 13:57:16] Ver: 1
[2026-04-30 13:57:37] ADS value: 0.00
[2026-04-30 13:57:38] Ver: 1
[2026-04-30 13:57:58] ADS value: 0.00
[2026-04-30 13:57:59] Ver: 1
[2026-04-30 13:58:20] ADS value: 0.00
[2026-04-30 13:58:20] Ver: 1
[2026-04-30 13:58:41] ADS value: 0.00
[2026-04-30 13:58:42] Ver: 1
[2026-04-30 13:59:03] ADS value: 0.00
[2026-04-30 13:59:03] Ver: 1
[2026-04-30 13:59:24] ADS value: 0.00
[2026-04-30 13:59:25] Ver: 1
[2026-04-30 13:59:46] ADS value: 0.00
[2026-04-30 13:59:46] Ver: 1
[2026-04-30 14:00:07] ADS value: 0.00
[2026-04-30 14:00:08] Ver: 1
[2026-04-30 14:00:29] ADS value: 0.00
[2026-04-30 14:00:29] Ver: 1
[2026-04-30 14:00:53] ADS value: 0.00
[2026-04-30 14:00:54] Ver: 1
[2026-04-30 14:01:15] ADS value: 0.00
[2026-04-30 14:01:15] Ver: 1
[2026-04-30 14:01:36] ADS value: 0.00
[2026-04-30 14:01:37] Ver: 1
[2026-04-30 14:02:01] ADS value: 0.00
[2026-04-30 14:02:02] Ver: 1
[2026-04-30 14:02:23] ADS value: 0.00
[2026-04-30 14:02:24] Ver: 1
[2026-04-30 14:02:47] ADS value: 0.00
[2026-04-30 14:02:48] Ver: 1
[2026-04-30 14:03:09] ADS value: 0.00
[2026-04-30 14:03:09] Ver: 1
[2026-04-30 14:03:33] ADS value: 0.00
[2026-04-30 14:03:34] Ver: 1
[2026-04-30 14:03:55] ADS value: 0.00
[2026-04-30 14:03:56] Ver: 1
[2026-04-30 14:04:17] ADS value: 0.00
[2026-04-30 14:04:17] Ver: 1
[2026-04-30 14:04:38] ADS value: 0.00
[2026-04-30 14:04:39] Ver: 1
[2026-04-30 14:05:00] ADS value: 0.00
[2026-04-30 14:05:00] Ver: 1
[2026-04-30 14:05:21] ADS value: 0.00
[2026-04-30 14:05:22] Ver: 1
[2026-04-30 14:05:43] ADS value: 0.00
[2026-04-30 14:05:44] Ver: 1
[2026-04-30 14:06:08] ADS value: 0.00
[2026-04-30 14:06:08] Ver: 1
[2026-04-30 14:06:29] ADS value: 0.00
[2026-04-30 14:06:30] Ver: 1
[2026-04-30 14:06:51] ADS value: 0.00
[2026-04-30 14:06:51] Ver: 1
[2026-04-30 14:07:13] ADS value: 0.00
[2026-04-30 14:07:13] Ver: 1
[2026-04-30 14:07:34] ADS value: 0.00
[2026-04-30 14:07:35] Ver: 1
[2026-04-30 14:07:56] ADS value: 0.00
[2026-04-30 14:07:57] Ver: 1
[2026-04-30 14:08:17] ADS value: 0.00
[2026-04-30 14:08:18] Ver: 1
[2026-04-30 14:08:38] ADS value: 0.00
[2026-04-30 14:08:39] Ver: 1
[2026-04-30 14:09:03] ADS value: 0.00
[2026-04-30 14:09:04] Ver: 1
[2026-04-30 14:09:26] ADS value: 0.00
[2026-04-30 14:09:26] Ver: 1
[2026-04-30 14:09:47] ADS value: 0.00
[2026-04-30 14:09:48] Ver: 1
[2026-04-30 14:10:09] ADS value: 0.00
[2026-04-30 14:10:10] Ver: 1
[2026-04-30 14:10:34] ADS value: 0.00
[2026-04-30 14:10:35] Ver: 1
[2026-04-30 14:10:56] ADS value: 0.00
[2026-04-30 14:10:56] Ver: 1
[2026-04-30 14:11:19] ADS value: 0.00
[2026-04-30 14:11:19] Ver: 1
[2026-04-30 14:11:41] ADS value: 0.00
[2026-04-30 14:11:41] Ver: 1
[2026-04-30 14:12:02] ADS value: 0.00
[2026-04-30 14:12:03] Ver: 1
[2026-04-30 14:12:13] running_opposite
[2026-04-30 14:12:19] running_front
[2026-04-30 14:12:24] ADS value: 0.00
[2026-04-30 14:12:24] Ver: 1
[2026-04-30 14:12:45] ADS value: 0.00
[2026-04-30 14:12:45] Ver: 1
[2026-04-30 14:13:06] ADS value: 0.00
[2026-04-30 14:13:07] Ver: 1
[2026-04-30 14:13:33] Ver: 1
[2026-04-30 14:13:53] ADS value: 0.00
[2026-04-30 14:13:54] Ver: 1
[2026-04-30 14:14:18] ADS value: 0.00
[2026-04-30 14:14:18] Ver: 1
[2026-04-30 14:14:40] ADS value: 0.00
[2026-04-30 14:14:41] Ver: 1
[2026-04-30 14:15:02] ADS value: 0.00
[2026-04-30 14:15:03] Ver: 1
[2026-04-30 14:15:24] ADS value: 0.00
[2026-04-30 14:15:24] Ver: 1
[2026-04-30 14:15:45] ADS value: 0.00
[2026-04-30 14:15:46] Ver: 1
[2026-04-30 14:16:07] ADS value: 0.00
[2026-04-30 14:16:07] Ver: 1
[2026-04-30 14:16:28] ADS value: 0.00
[2026-04-30 14:16:29] Ver: 1
[2026-04-30 14:16:50] ADS value: 0.00
[2026-04-30 14:16:51] Ver: 1
[2026-04-30 14:17:12] ADS value: 0.00
[2026-04-30 14:17:12] Ver: 1
[2026-04-30 14:17:33] ADS value: 0.00
[2026-04-30 14:17:34] Ver: 1
[2026-04-30 14:17:55] ADS value: 0.00
[2026-04-30 14:17:56] Ver: 1
[2026-04-30 14:18:18] ADS value: 0.00
[2026-04-30 14:18:20] Ver: 1
[2026-06-10 07:03:56] ADS value: 25.53, Ver: 106
[2026-06-10 07:04:38] ADS value: 39.74, Ver: 106
[2026-06-10 07:05:18] ADS value: 40.01, Ver: 106
[2026-06-10 07:05:31] ADS value: 24.90, Ver: 106
[2026-06-10 07:06:02] ADS value: 30.39, Ver: 106
[2026-06-10 07:06:33] ADS value: 33.84, Ver: 106
[2026-06-10 07:06:38] running_opposite
[2026-06-10 07:06:45] running_front
[2026-06-10 07:07:05] ADS value: 25.60, Ver: 106
[2026-06-10 07:07:35] ADS value: 25.60, Ver: 106
[2026-06-10 07:08:07] ADS value: 25.57, Ver: 106
[2026-06-10 07:08:37] ADS value: 25.66, Ver: 106
[2026-06-10 07:09:43] ADS value: 25.68, Ver: 106
[2026-06-10 07:10:14] ADS value: 36.48, Ver: 106
[2026-06-10 07:13:49] ADS value: 33.88, Ver: 106
[2026-06-10 07:14:50] ADS value: 39.05, Ver: 106
[2026-06-10 07:15:48] running_opposite
[2026-06-10 07:16:08] running_front
[2026-06-10 13:28:34] ADS value: 24.59, Ver: 106
[2026-06-10 13:29:05] ADS value: 24.71, Ver: 106
[2026-06-10 13:29:36] ADS value: 24.69, Ver: 106
[2026-06-10 13:32:07] ADS value: 24.60, Ver: 106
[2026-06-10 13:32:37] ADS value: 24.68, Ver: 106
[2026-06-10 13:33:08] ADS value: 24.69, Ver: 106
[2026-06-10 13:35:39] ADS value: 24.61, Ver: 106
[2026-06-10 13:36:40] ADS value: 24.67, Ver: 106
[2026-06-10 13:37:11] ADS value: 24.69, Ver: 106
[2026-06-10 13:39:42] ADS value: 24.67, Ver: 106
[2026-06-10 13:40:12] ADS value: 24.64, Ver: 106
[2026-06-10 13:40:43] ADS value: 24.65, Ver: 106
[2026-06-10 13:43:14] ADS value: 24.66, Ver: 106
[2026-06-10 13:43:45] ADS value: 24.65, Ver: 106
[2026-06-10 13:44:16] ADS value: 24.66, Ver: 106
[2026-06-10 13:46:47] ADS value: 24.67, Ver: 106
[2026-06-10 13:47:47] ADS value: 24.65, Ver: 106
[2026-06-10 13:48:18] ADS value: 24.65, Ver: 106
[2026-06-10 13:48:49] ADS value: 24.55, Ver: 106
[2026-06-10 13:51:20] ADS value: 24.64, Ver: 106
[2026-06-10 13:51:51] ADS value: 24.63, Ver: 106
[2026-06-10 13:52:21] ADS value: 24.58, Ver: 106
[2026-06-10 13:52:52] ADS value: 24.63, Ver: 106
[2026-06-10 13:55:23] ADS value: 24.58, Ver: 106
[2026-06-10 13:56:24] ADS value: 24.65, Ver: 106
[2026-06-10 13:58:25] ADS value: 24.64, Ver: 106
[2026-06-10 13:59:26] ADS value: 24.48, Ver: 106
[2026-06-10 13:59:57] ADS value: 24.58, Ver: 106
[2026-06-10 14:02:28] ADS value: 24.64, Ver: 106
[2026-06-10 14:02:59] ADS value: 24.54, Ver: 106
[2026-06-10 14:03:29] ADS value: 24.61, Ver: 106
[2026-06-10 14:06:00] ADS value: 24.56, Ver: 106
[2026-06-10 14:06:31] ADS value: 24.49, Ver: 106
[2026-06-10 14:07:02] ADS value: 24.63, Ver: 106
[2026-06-10 14:09:33] ADS value: 24.58, Ver: 106
[2026-06-10 14:10:04] ADS value: 24.50, Ver: 106
[2026-06-10 14:10:34] ADS value: 24.58, Ver: 106
[2026-06-10 14:13:36] ADS value: 24.53, Ver: 106
[2026-06-10 14:14:06] ADS value: 24.52, Ver: 106
[2026-06-10 14:16:38] ADS value: 24.59, Ver: 106
[2026-06-10 14:17:09] ADS value: 24.53, Ver: 106
[2026-06-10 14:17:39] ADS value: 24.59, Ver: 106
[2026-06-10 14:20:10] ADS value: 24.59, Ver: 106
[2026-06-10 14:20:41] ADS value: 24.48, Ver: 106
[2026-06-10 14:21:12] ADS value: 24.53, Ver: 106
[2026-06-10 14:23:43] ADS value: 24.57, Ver: 106
[2026-06-10 14:24:14] ADS value: 24.50, Ver: 106
[2026-06-10 14:24:44] ADS value: 24.56, Ver: 106
[2026-06-10 14:27:16] ADS value: 24.55, Ver: 106
[2026-06-10 14:28:16] ADS value: 24.59, Ver: 106
[2026-06-10 14:31:18] ADS value: 24.44, Ver: 106
[2026-06-10 14:31:48] ADS value: 24.55, Ver: 106
[2026-06-10 14:34:20] ADS value: 24.54, Ver: 106
[2026-06-10 14:34:51] ADS value: 24.48, Ver: 106
[2026-06-10 14:35:21] ADS value: 24.59, Ver: 106
[2026-06-10 14:37:53] ADS value: 24.57, Ver: 106
[2026-06-10 14:38:23] ADS value: 24.49, Ver: 106
[2026-06-10 14:38:54] ADS value: 24.57, Ver: 106
[2026-06-10 14:41:25] ADS value: 24.58, Ver: 106
[2026-06-10 14:41:56] ADS value: 24.50, Ver: 106
[2026-06-10 14:42:26] ADS value: 24.57, Ver: 106
[2026-06-10 14:44:27] ADS value: 24.58, Ver: 106
[2026-06-10 14:45:28] ADS value: 24.50, Ver: 106
[2026-06-10 14:45:59] ADS value: 24.57, Ver: 106
[2026-06-10 14:48:30] ADS value: 24.57, Ver: 106
[2026-06-10 14:49:01] ADS value: 24.47, Ver: 106
[2026-06-10 14:49:31] ADS value: 24.57, Ver: 106
[2026-06-10 14:52:03] ADS value: 24.53, Ver: 106
[2026-06-10 14:52:33] ADS value: 24.47, Ver: 106
[2026-06-10 14:53:04] ADS value: 24.53, Ver: 106
[2026-06-10 14:55:36] ADS value: 24.54, Ver: 106
[2026-06-10 14:56:07] ADS value: 24.43, Ver: 106
[2026-06-10 14:56:38] ADS value: 24.50, Ver: 106
[2026-06-10 14:59:09] ADS value: 24.53, Ver: 106
[2026-06-10 15:00:09] ADS value: 24.55, Ver: 106
[2026-06-10 15:02:11] ADS value: 24.49, Ver: 106
[2026-06-10 15:03:45] ADS value: 24.53, Ver: 106
[2026-06-10 15:04:16] ADS value: 24.55, Ver: 106
[2026-06-10 15:06:47] ADS value: 24.42, Ver: 106
[2026-06-10 15:07:18] ADS value: 24.49, Ver: 106
[2026-06-10 15:07:48] ADS value: 24.47, Ver: 106
[2026-06-10 15:10:19] ADS value: 24.42, Ver: 106
[2026-06-10 15:10:50] ADS value: 24.48, Ver: 106
[2026-06-10 15:11:21] ADS value: 24.54, Ver: 106
[2026-06-10 15:13:52] ADS value: 24.39, Ver: 106
[2026-06-10 15:14:53] ADS value: 24.51, Ver: 106
[2026-06-10 15:17:24] ADS value: 24.45, Ver: 106
[2026-06-10 15:17:55] ADS value: 24.49, Ver: 106
[2026-06-10 15:18:25] ADS value: 24.54, Ver: 106
[2026-06-10 15:20:57] ADS value: 24.43, Ver: 106
[2026-06-10 15:21:27] ADS value: 24.48, Ver: 106
[2026-06-10 15:21:58] ADS value: 24.46, Ver: 106
[2026-06-10 15:24:29] ADS value: 24.41, Ver: 106
[2026-06-10 15:25:00] ADS value: 24.47, Ver: 106
[2026-06-10 15:25:31] ADS value: 24.50, Ver: 106
[2026-06-10 15:28:02] ADS value: 24.40, Ver: 106
[2026-06-10 15:29:03] ADS value: 24.53, Ver: 106
[2026-06-10 15:32:04] ADS value: 24.46, Ver: 106
[2026-06-10 15:32:35] ADS value: 24.46, Ver: 106
[2026-06-10 15:35:06] ADS value: 24.41, Ver: 106
[2026-06-10 15:36:10] ADS value: 24.38, Ver: 106
[2026-06-10 15:36:41] ADS value: 24.51, Ver: 106
[2026-06-10 15:37:11] ADS value: 24.48, Ver: 106
[2026-06-10 15:39:43] ADS value: 24.42, Ver: 106
[2026-06-10 15:40:44] ADS value: 24.46, Ver: 106
[2026-06-10 15:42:45] ADS value: 24.45, Ver: 106
[2026-06-10 15:43:45] ADS value: 24.49, Ver: 106
[2026-06-10 15:44:16] ADS value: 24.47, Ver: 106
[2026-06-10 15:46:47] ADS value: 24.48, Ver: 106
[2026-06-10 15:47:18] ADS value: 24.44, Ver: 106
[2026-06-10 15:47:49] ADS value: 24.47, Ver: 106
[2026-06-10 15:50:20] ADS value: 24.47, Ver: 106
[2026-06-10 15:50:51] ADS value: 24.51, Ver: 106
[2026-06-10 15:51:22] ADS value: 24.44, Ver: 106
[2026-06-10 15:53:53] ADS value: 24.45, Ver: 106
[2026-06-10 15:54:53] ADS value: 24.49, Ver: 106
[2026-06-10 15:57:55] ADS value: 24.46, Ver: 106
[2026-06-10 15:58:26] ADS value: 24.47, Ver: 106
[2026-06-10 16:00:57] ADS value: 24.44, Ver: 106
[2026-06-10 16:01:28] ADS value: 24.42, Ver: 106
[2026-06-10 16:01:58] ADS value: 24.44, Ver: 106
[2026-06-10 16:04:29] ADS value: 24.48, Ver: 106
[2026-06-10 16:05:00] ADS value: 24.48, Ver: 106
[2026-06-10 16:05:31] ADS value: 24.47, Ver: 106
[2026-06-10 16:08:02] ADS value: 24.42, Ver: 106
[2026-06-10 16:08:33] ADS value: 24.39, Ver: 106
[2026-06-10 16:09:03] ADS value: 24.39, Ver: 106
[2026-06-10 16:11:35] ADS value: 24.47, Ver: 106
[2026-06-10 16:12:35] ADS value: 24.46, Ver: 106
[2026-06-10 16:15:37] ADS value: 24.47, Ver: 106
[2026-06-10 16:16:07] ADS value: 24.43, Ver: 106
[2026-06-10 16:16:38] ADS value: 24.46, Ver: 106
[2026-06-10 16:19:09] ADS value: 24.49, Ver: 106
[2026-06-10 16:19:40] ADS value: 24.41, Ver: 106
[2026-06-10 16:20:11] ADS value: 24.42, Ver: 106
[2026-06-10 16:22:42] ADS value: 24.38, Ver: 106
[2026-06-10 16:23:43] ADS value: 24.41, Ver: 106
[2026-06-10 16:25:44] ADS value: 24.38, Ver: 106
[2026-06-10 16:26:45] ADS value: 24.44, Ver: 106
[2026-06-10 16:27:16] ADS value: 24.41, Ver: 106
[2026-06-10 16:29:47] ADS value: 24.43, Ver: 106
[2026-06-10 16:30:18] ADS value: 24.44, Ver: 106
[2026-06-10 16:30:49] ADS value: 24.40, Ver: 106
[2026-06-10 16:33:20] ADS value: 24.39, Ver: 106
[2026-06-10 16:33:50] ADS value: 24.38, Ver: 106
[2026-06-10 16:34:21] ADS value: 24.34, Ver: 106
[2026-06-10 16:36:52] ADS value: 24.38, Ver: 106
[2026-06-10 16:37:23] ADS value: 24.40, Ver: 106
[2026-06-10 16:37:54] ADS value: 24.44, Ver: 106
[2026-06-10 16:40:25] ADS value: 24.35, Ver: 106
[2026-06-10 16:41:26] ADS value: 24.39, Ver: 106
[2026-06-10 16:43:27] ADS value: 24.41, Ver: 106
[2026-06-10 16:44:28] ADS value: 24.42, Ver: 106
[2026-06-10 16:44:58] ADS value: 24.42, Ver: 106
[2026-06-10 16:45:29] ADS value: 24.43, Ver: 106
[2026-06-10 16:48:00] ADS value: 24.40, Ver: 106
[2026-06-10 16:48:31] ADS value: 24.42, Ver: 106
[2026-06-10 16:49:01] ADS value: 24.42, Ver: 106
[2026-06-10 16:49:32] ADS value: 24.31, Ver: 106
[2026-06-10 16:52:33] ADS value: 24.37, Ver: 106
[2026-06-10 16:53:04] ADS value: 24.33, Ver: 106
[2026-06-10 16:55:35] ADS value: 24.39, Ver: 106
[2026-06-10 16:56:06] ADS value: 24.39, Ver: 106
[2026-06-10 16:56:36] ADS value: 24.27, Ver: 106
[2026-06-10 16:59:08] ADS value: 24.35, Ver: 106
[2026-06-10 16:59:39] ADS value: 24.33, Ver: 106
[2026-06-10 17:00:09] ADS value: 24.34, Ver: 106
[2026-06-10 17:02:40] ADS value: 24.32, Ver: 106
[2026-06-10 17:03:11] ADS value: 24.35, Ver: 106
[2026-06-10 17:03:42] ADS value: 24.24, Ver: 106
[2026-06-10 17:06:13] ADS value: 24.36, Ver: 106
[2026-06-10 17:07:14] ADS value: 24.33, Ver: 106
[2026-06-10 17:10:15] ADS value: 24.31, Ver: 106
[2026-06-10 17:10:46] ADS value: 24.32, Ver: 106
[2026-06-10 17:13:17] ADS value: 24.33, Ver: 106
[2026-06-10 17:13:48] ADS value: 24.34, Ver: 106
[2026-06-10 17:14:18] ADS value: 24.33, Ver: 106
[2026-06-10 17:16:50] ADS value: 24.37, Ver: 106
[2026-06-10 17:17:21] ADS value: 24.34, Ver: 106
[2026-06-10 17:17:51] ADS value: 24.30, Ver: 106
[2026-06-10 17:20:23] ADS value: 24.38, Ver: 106
[2026-06-10 17:21:23] ADS value: 24.23, Ver: 106
[2026-06-10 17:23:25] ADS value: 24.33, Ver: 106
[2026-06-10 17:24:25] ADS value: 24.30, Ver: 106
[2026-06-10 17:24:56] ADS value: 24.24, Ver: 106
[2026-06-10 17:27:27] ADS value: 24.33, Ver: 106
[2026-06-10 17:27:58] ADS value: 24.33, Ver: 106
[2026-06-10 17:28:29] ADS value: 24.22, Ver: 106
[2026-06-10 17:31:00] ADS value: 24.32, Ver: 106
[2026-06-10 17:31:31] ADS value: 24.38, Ver: 106
[2026-06-10 17:32:01] ADS value: 24.22, Ver: 106
[2026-06-10 17:34:33] ADS value: 24.37, Ver: 106
[2026-06-10 17:35:03] ADS value: 24.37, Ver: 106
[2026-06-10 17:35:34] ADS value: 24.31, Ver: 106
[2026-06-10 17:38:05] ADS value: 24.25, Ver: 106
[2026-06-10 17:39:06] ADS value: 24.28, Ver: 106
[2026-06-10 17:41:07] ADS value: 24.37, Ver: 106
[2026-06-10 17:42:08] ADS value: 24.30, Ver: 106
[2026-06-10 17:42:38] ADS value: 24.24, Ver: 106
[2026-06-10 17:45:10] ADS value: 24.31, Ver: 106
[2026-06-10 17:45:40] ADS value: 24.33, Ver: 106
[2026-06-10 17:46:11] ADS value: 24.27, Ver: 106
[2026-06-10 17:48:42] ADS value: 24.34, Ver: 106
[2026-06-10 17:49:13] ADS value: 24.33, Ver: 106
[2026-06-10 17:49:43] ADS value: 24.28, Ver: 106
[2026-06-10 17:52:15] ADS value: 24.36, Ver: 106
[2026-06-10 17:53:15] ADS value: 24.29, Ver: 106
[2026-06-10 17:53:46] ADS value: 24.34, Ver: 106
[2026-06-10 17:56:17] ADS value: 24.34, Ver: 106
[2026-06-10 17:56:48] ADS value: 24.28, Ver: 106
[2026-06-10 17:57:19] ADS value: 24.36, Ver: 106
[2026-06-10 17:59:50] ADS value: 24.35, Ver: 106
[2026-06-10 18:00:20] ADS value: 24.25, Ver: 106
[2026-06-10 18:00:51] ADS value: 24.30, Ver: 106
[2026-06-10 18:03:22] ADS value: 24.32, Ver: 106
[2026-06-10 18:03:53] ADS value: 24.27, Ver: 106
[2026-06-10 18:04:24] ADS value: 24.35, Ver: 106
[2026-06-10 18:06:55] ADS value: 24.30, Ver: 106
[2026-06-10 18:07:56] ADS value: 24.34, Ver: 106
[2026-06-10 18:10:57] ADS value: 24.24, Ver: 106
[2026-06-10 18:11:27] ADS value: 24.31, Ver: 106
[2026-06-10 18:13:59] ADS value: 24.30, Ver: 106
[2026-06-10 18:14:29] ADS value: 24.21, Ver: 106
[2026-06-10 18:15:00] ADS value: 24.27, Ver: 106
[2026-06-10 18:17:31] ADS value: 24.33, Ver: 106
[2026-06-10 18:18:02] ADS value: 24.26, Ver: 106
[2026-06-10 18:18:33] ADS value: 24.34, Ver: 106
[2026-06-10 18:21:04] ADS value: 24.28, Ver: 106
[2026-06-10 18:21:35] ADS value: 24.22, Ver: 106
[2026-06-10 18:22:05] ADS value: 24.34, Ver: 106
[2026-06-10 18:24:06] ADS value: 24.25, Ver: 106
[2026-06-10 18:25:07] ADS value: 24.22, Ver: 106
[2026-06-10 18:25:38] ADS value: 24.31, Ver: 106
[2026-06-10 18:28:09] ADS value: 24.30, Ver: 106
[2026-06-10 18:28:40] ADS value: 24.20, Ver: 106
[2026-06-10 18:29:10] ADS value: 24.27, Ver: 106
[2026-06-10 18:31:41] ADS value: 24.25, Ver: 106
[2026-06-10 18:32:12] ADS value: 24.15, Ver: 106
[2026-06-10 18:32:43] ADS value: 24.25, Ver: 106
[2026-06-10 18:35:14] ADS value: 24.29, Ver: 106
[2026-06-10 18:35:45] ADS value: 24.23, Ver: 106
[2026-06-10 18:36:16] ADS value: 24.31, Ver: 106
[2026-06-10 18:38:47] ADS value: 24.24, Ver: 106
[2026-06-10 18:39:48] ADS value: 24.23, Ver: 106
[2026-06-10 18:41:49] ADS value: 24.30, Ver: 106
[2026-06-10 18:42:49] ADS value: 24.24, Ver: 106
[2026-06-10 18:43:20] ADS value: 24.26, Ver: 106
[2026-06-10 18:45:51] ADS value: 24.28, Ver: 106
[2026-06-10 18:46:22] ADS value: 24.19, Ver: 106
[2026-06-10 18:46:53] ADS value: 24.24, Ver: 106
[2026-06-10 18:49:24] ADS value: 24.28, Ver: 106
[2026-06-10 18:49:54] ADS value: 24.21, Ver: 106
[2026-06-10 18:50:25] ADS value: 24.28, Ver: 106
[2026-06-10 18:52:56] ADS value: 24.24, Ver: 106
[2026-06-10 18:53:27] ADS value: 24.14, Ver: 106
[2026-06-10 18:53:58] ADS value: 24.30, Ver: 106
[2026-06-10 18:56:59] ADS value: 24.20, Ver: 106
[2026-06-10 18:57:30] ADS value: 24.27, Ver: 106
[2026-06-10 19:00:01] ADS value: 24.25, Ver: 106
[2026-06-10 19:00:31] ADS value: 24.20, Ver: 106
[2026-06-10 19:01:02] ADS value: 24.24, Ver: 106
[2026-06-10 19:03:33] ADS value: 24.19, Ver: 106
[2026-06-10 19:04:04] ADS value: 24.15, Ver: 106
[2026-06-10 19:04:35] ADS value: 24.22, Ver: 106
[2026-06-10 19:07:06] ADS value: 24.23, Ver: 106
[2026-06-10 19:07:36] ADS value: 24.17, Ver: 106
[2026-06-10 19:08:07] ADS value: 24.23, Ver: 106
[2026-06-10 19:10:38] ADS value: 24.25, Ver: 106
[2026-06-10 19:11:39] ADS value: 24.24, Ver: 106
[2026-06-10 19:14:40] ADS value: 24.13, Ver: 106
[2026-06-10 19:15:11] ADS value: 24.25, Ver: 106
[2026-06-10 19:17:42] ADS value: 24.26, Ver: 106
[2026-06-10 19:18:13] ADS value: 24.11, Ver: 106
[2026-06-10 19:18:44] ADS value: 24.20, Ver: 106
[2026-06-10 19:21:15] ADS value: 24.21, Ver: 106
[2026-06-10 19:21:45] ADS value: 24.18, Ver: 106
[2026-06-10 19:22:16] ADS value: 24.27, Ver: 106
[2026-06-10 19:24:47] ADS value: 24.23, Ver: 106
[2026-06-10 19:25:48] ADS value: 24.20, Ver: 106
[2026-06-10 19:27:49] ADS value: 24.20, Ver: 106
[2026-06-10 19:28:50] ADS value: 24.14, Ver: 106
[2026-06-10 19:29:21] ADS value: 24.21, Ver: 106
[2026-06-10 19:31:52] ADS value: 24.23, Ver: 106
[2026-06-10 19:32:22] ADS value: 24.06, Ver: 106
[2026-06-10 19:32:53] ADS value: 24.23, Ver: 106
[2026-06-10 19:35:24] ADS value: 24.17, Ver: 106
[2026-06-10 19:35:55] ADS value: 24.17, Ver: 106
[2026-06-10 19:36:25] ADS value: 24.24, Ver: 106
[2026-06-10 19:38:57] ADS value: 24.22, Ver: 106
[2026-06-10 19:39:27] ADS value: 24.08, Ver: 106
[2026-06-10 19:39:58] ADS value: 24.23, Ver: 106
[2026-06-10 19:42:29] ADS value: 24.16, Ver: 106
[2026-06-10 19:43:30] ADS value: 24.16, Ver: 106
[2026-06-10 19:45:31] ADS value: 24.21, Ver: 106
[2026-06-10 19:46:32] ADS value: 24.07, Ver: 106
[2026-06-10 19:47:02] ADS value: 24.14, Ver: 106
[2026-06-10 19:49:34] ADS value: 24.23, Ver: 106
[2026-06-10 19:50:04] ADS value: 24.12, Ver: 106
[2026-06-10 19:50:35] ADS value: 24.17, Ver: 106
[2026-06-10 19:53:06] ADS value: 24.20, Ver: 106
[2026-06-10 19:53:37] ADS value: 24.14, Ver: 106
[2026-06-10 19:54:07] ADS value: 24.17, Ver: 106
[2026-06-10 19:56:39] ADS value: 24.20, Ver: 106
[2026-06-10 19:57:39] ADS value: 24.21, Ver: 106
[2026-06-10 20:00:41] ADS value: 24.09, Ver: 106
[2026-06-10 20:01:11] ADS value: 24.18, Ver: 106
[2026-06-10 20:03:43] ADS value: 24.17, Ver: 106
[2026-06-10 20:04:13] ADS value: 24.22, Ver: 106
[2026-06-10 20:04:44] ADS value: 24.22, Ver: 106
[2026-06-10 20:07:15] ADS value: 24.16, Ver: 106
[2026-06-10 20:07:46] ADS value: 24.16, Ver: 106
[2026-06-10 20:08:16] ADS value: 24.21, Ver: 106
[2026-06-10 20:08:47] ADS value: 24.19, Ver: 106
[2026-06-10 20:11:18] ADS value: 24.21, Ver: 106
[2026-06-10 20:12:19] ADS value: 24.18, Ver: 106
[2026-06-10 20:14:20] ADS value: 24.17, Ver: 106
[2026-06-10 20:15:21] ADS value: 24.14, Ver: 106
[2026-06-10 20:15:52] ADS value: 24.13, Ver: 106
[2026-06-10 20:18:23] ADS value: 24.15, Ver: 106
[2026-06-10 20:18:53] ADS value: 24.20, Ver: 106
[2026-06-10 20:19:24] ADS value: 24.19, Ver: 106
[2026-06-10 20:21:55] ADS value: 24.17, Ver: 106
[2026-06-10 20:22:26] ADS value: 24.16, Ver: 106
[2026-06-10 20:22:57] ADS value: 24.16, Ver: 106
[2026-06-10 20:25:28] ADS value: 24.15, Ver: 106
[2026-06-10 20:25:58] ADS value: 24.14, Ver: 106
[2026-06-10 20:26:29] ADS value: 24.12, Ver: 106
[2026-06-10 20:29:30] ADS value: 24.19, Ver: 106
[2026-06-10 20:30:01] ADS value: 24.15, Ver: 106
[2026-06-10 20:32:32] ADS value: 24.17, Ver: 106
[2026-06-10 20:33:03] ADS value: 24.13, Ver: 106
[2026-06-10 20:33:34] ADS value: 24.14, Ver: 106
[2026-06-10 20:36:05] ADS value: 24.13, Ver: 106
[2026-06-10 20:36:35] ADS value: 24.15, Ver: 106
[2026-06-10 20:37:06] ADS value: 24.12, Ver: 106
[2026-06-10 20:39:37] ADS value: 24.15, Ver: 106
[2026-06-10 20:40:08] ADS value: 24.17, Ver: 106
[2026-06-10 20:40:39] ADS value: 24.17, Ver: 106
[2026-06-10 20:43:10] ADS value: 24.15, Ver: 106
[2026-06-10 20:44:11] ADS value: 24.17, Ver: 106
[2026-06-10 20:47:12] ADS value: 24.13, Ver: 106
[2026-06-10 20:47:43] ADS value: 24.14, Ver: 106
[2026-06-10 20:50:14] ADS value: 24.11, Ver: 106
[2026-06-10 20:50:44] ADS value: 24.12, Ver: 106
[2026-06-10 20:51:15] ADS value: 24.10, Ver: 106
[2026-06-10 20:53:46] ADS value: 24.15, Ver: 106
[2026-06-10 20:54:17] ADS value: 24.16, Ver: 106
[2026-06-10 20:54:48] ADS value: 24.17, Ver: 106
[2026-06-10 20:57:19] ADS value: 24.12, Ver: 106
[2026-06-10 20:57:50] ADS value: 24.11, Ver: 106
[2026-06-10 20:58:20] ADS value: 24.13, Ver: 106
[2026-06-10 21:00:22] ADS value: 24.09, Ver: 106
[2026-06-10 21:01:22] ADS value: 24.13, Ver: 106
[2026-06-10 21:01:53] ADS value: 24.13, Ver: 106
[2026-06-10 21:04:24] ADS value: 24.13, Ver: 106
[2026-06-10 21:04:55] ADS value: 24.12, Ver: 106
[2026-06-10 21:05:26] ADS value: 24.10, Ver: 106
[2026-06-10 21:07:57] ADS value: 24.12, Ver: 106
[2026-06-10 21:08:27] ADS value: 24.09, Ver: 106
[2026-06-10 21:08:58] ADS value: 24.09, Ver: 106
[2026-06-10 21:11:29] ADS value: 24.07, Ver: 106
[2026-06-10 21:12:00] ADS value: 24.09, Ver: 106
[2026-06-10 21:12:31] ADS value: 24.09, Ver: 106
[2026-06-10 21:15:02] ADS value: 24.12, Ver: 106
[2026-06-10 21:16:03] ADS value: 24.14, Ver: 106
[2026-06-10 21:18:04] ADS value: 24.14, Ver: 106
[2026-06-10 21:19:05] ADS value: 24.12, Ver: 106
[2026-06-10 21:19:36] ADS value: 24.13, Ver: 106
[2026-06-10 21:22:07] ADS value: 24.08, Ver: 106
[2026-06-10 21:22:38] ADS value: 24.10, Ver: 106
[2026-06-10 21:23:08] ADS value: 24.08, Ver: 106
[2026-06-10 21:25:39] ADS value: 24.07, Ver: 106
[2026-06-10 21:26:10] ADS value: 24.13, Ver: 106
[2026-06-10 21:26:41] ADS value: 24.12, Ver: 106
[2026-06-10 21:29:12] ADS value: 24.08, Ver: 106
[2026-06-10 21:29:43] ADS value: 24.08, Ver: 106
[2026-06-10 21:30:14] ADS value: 24.06, Ver: 106
[2026-06-10 21:33:15] ADS value: 24.12, Ver: 106
[2026-06-10 21:33:46] ADS value: 24.11, Ver: 106
[2026-06-10 21:36:17] ADS value: 24.08, Ver: 106
[2026-06-10 21:36:48] ADS value: 24.09, Ver: 106
[2026-06-10 21:37:18] ADS value: 24.06, Ver: 106
[2026-06-10 21:39:50] ADS value: 24.08, Ver: 106
[2026-06-10 21:40:20] ADS value: 24.01, Ver: 106
[2026-06-10 21:40:51] ADS value: 24.03, Ver: 106
[2026-06-10 21:43:22] ADS value: 24.05, Ver: 106
[2026-06-10 21:43:53] ADS value: 24.07, Ver: 106
[2026-06-10 21:44:23] ADS value: 24.06, Ver: 106
[2026-06-10 21:46:55] ADS value: 24.07, Ver: 106
[2026-06-10 21:47:55] ADS value: 24.07, Ver: 106
[2026-06-10 21:50:57] ADS value: 24.08, Ver: 106
[2026-06-10 21:51:27] ADS value: 24.05, Ver: 106
[2026-06-10 21:53:59] ADS value: 24.06, Ver: 106
[2026-06-10 21:54:29] ADS value: 24.10, Ver: 106
[2026-06-10 21:55:00] ADS value: 24.10, Ver: 106
[2026-06-10 21:57:31] ADS value: 24.02, Ver: 106
[2026-06-10 21:58:02] ADS value: 24.04, Ver: 106
[2026-06-10 21:58:33] ADS value: 24.05, Ver: 106
[2026-06-10 22:01:04] ADS value: 24.09, Ver: 106
[2026-06-10 22:02:05] ADS value: 24.06, Ver: 106
[2026-06-10 22:04:06] ADS value: 24.05, Ver: 106
[2026-06-10 22:05:06] ADS value: 24.06, Ver: 106
[2026-06-10 22:05:37] ADS value: 24.02, Ver: 106
[2026-06-10 22:08:08] ADS value: 24.03, Ver: 106
[2026-06-10 22:08:39] ADS value: 24.01, Ver: 106
[2026-06-10 22:09:10] ADS value: 24.01, Ver: 106
[2026-06-10 22:11:41] ADS value: 24.03, Ver: 106
[2026-06-10 22:12:12] ADS value: 24.05, Ver: 106
[2026-06-10 22:12:42] ADS value: 24.06, Ver: 106
[2026-06-10 22:15:14] ADS value: 24.06, Ver: 106
[2026-06-10 22:15:44] ADS value: 23.99, Ver: 106
[2026-06-10 22:16:15] ADS value: 24.05, Ver: 106
[2026-06-10 22:18:46] ADS value: 24.01, Ver: 106
[2026-06-10 22:19:47] ADS value: 24.03, Ver: 106
[2026-06-10 22:21:48] ADS value: 24.02, Ver: 106
[2026-06-10 22:22:49] ADS value: 24.03, Ver: 106
[2026-06-10 22:23:20] ADS value: 24.01, Ver: 106
[2026-06-10 22:25:51] ADS value: 24.03, Ver: 106
[2026-06-10 22:26:21] ADS value: 23.98, Ver: 106
[2026-06-10 22:26:52] ADS value: 23.98, Ver: 106
[2026-06-10 22:29:23] ADS value: 24.02, Ver: 106
[2026-06-10 22:29:54] ADS value: 23.97, Ver: 106
[2026-06-10 22:30:25] ADS value: 23.99, Ver: 106
[2026-06-10 22:32:56] ADS value: 24.02, Ver: 106
[2026-06-10 22:33:57] ADS value: 24.00, Ver: 106
[2026-06-10 22:36:58] ADS value: 23.99, Ver: 106
[2026-06-10 22:37:29] ADS value: 23.96, Ver: 106
[2026-06-10 22:40:00] ADS value: 24.01, Ver: 106
[2026-06-10 22:40:31] ADS value: 24.01, Ver: 106
[2026-06-10 22:41:01] ADS value: 24.01, Ver: 106
[2026-06-10 22:43:33] ADS value: 23.99, Ver: 106
[2026-06-10 22:44:03] ADS value: 23.98, Ver: 106
[2026-06-10 22:44:34] ADS value: 24.01, Ver: 106
[2026-06-10 22:47:05] ADS value: 24.01, Ver: 106
[2026-06-10 22:47:36] ADS value: 24.02, Ver: 106
[2026-06-10 22:48:06] ADS value: 24.00, Ver: 106
[2026-06-10 22:50:38] ADS value: 24.01, Ver: 106
[2026-06-10 22:51:38] ADS value: 23.97, Ver: 106
[2026-06-10 22:53:40] ADS value: 24.00, Ver: 106
[2026-06-10 22:54:40] ADS value: 24.00, Ver: 106
[2026-06-10 22:55:11] ADS value: 24.00, Ver: 106
[2026-06-10 22:57:42] ADS value: 23.97, Ver: 106
[2026-06-10 22:58:13] ADS value: 24.02, Ver: 106
[2026-06-10 22:58:44] ADS value: 24.03, Ver: 106
[2026-06-10 23:01:15] ADS value: 24.00, Ver: 106
[2026-06-10 23:01:45] ADS value: 24.00, Ver: 106
[2026-06-10 23:02:16] ADS value: 23.98, Ver: 106
[2026-06-10 23:04:47] ADS value: 24.00, Ver: 106
[2026-06-10 23:05:48] ADS value: 24.00, Ver: 106
[2026-06-10 23:08:50] ADS value: 23.92, Ver: 106
[2026-06-10 23:09:20] ADS value: 23.97, Ver: 106
[2026-06-10 23:11:51] ADS value: 24.00, Ver: 106
[2026-06-10 23:12:22] ADS value: 23.91, Ver: 106
[2026-06-10 23:12:53] ADS value: 23.99, Ver: 106
[2026-06-10 23:15:24] ADS value: 23.94, Ver: 106
[2026-06-10 23:15:55] ADS value: 23.89, Ver: 106
[2026-06-10 23:16:25] ADS value: 23.96, Ver: 106
[2026-06-10 23:18:56] ADS value: 23.96, Ver: 106
[2026-06-10 23:19:27] ADS value: 23.83, Ver: 106
[2026-06-10 23:19:58] ADS value: 23.96, Ver: 106
[2026-06-10 23:22:29] ADS value: 23.96, Ver: 106
[2026-06-10 23:23:30] ADS value: 23.96, Ver: 106
[2026-06-10 23:26:31] ADS value: 23.89, Ver: 106
[2026-06-10 23:27:02] ADS value: 23.99, Ver: 106
[2026-06-10 23:29:33] ADS value: 23.94, Ver: 106
[2026-06-10 23:30:04] ADS value: 23.89, Ver: 106
[2026-06-10 23:30:34] ADS value: 23.94, Ver: 106
[2026-06-10 23:33:06] ADS value: 23.95, Ver: 106
[2026-06-10 23:33:36] ADS value: 23.83, Ver: 106
[2026-06-10 23:34:07] ADS value: 23.90, Ver: 106
[2026-06-10 23:36:38] ADS value: 23.96, Ver: 106
[2026-06-10 23:37:39] ADS value: 23.95, Ver: 106
[2026-06-10 23:39:40] ADS value: 23.91, Ver: 106
[2026-06-10 23:40:41] ADS value: 23.82, Ver: 106
[2026-06-10 23:41:12] ADS value: 23.93, Ver: 106
[2026-06-10 23:43:43] ADS value: 23.91, Ver: 106
[2026-06-10 23:44:14] ADS value: 23.84, Ver: 106
[2026-06-10 23:44:44] ADS value: 23.91, Ver: 106
[2026-06-10 23:47:15] ADS value: 23.95, Ver: 106
[2026-06-10 23:47:46] ADS value: 23.84, Ver: 106
[2026-06-10 23:48:17] ADS value: 23.92, Ver: 106
[2026-06-10 23:50:48] ADS value: 23.93, Ver: 106
[2026-06-10 23:51:19] ADS value: 23.85, Ver: 106
[2026-06-10 23:51:49] ADS value: 23.96, Ver: 106
[2026-06-10 23:54:21] ADS value: 23.89, Ver: 106
[2026-06-10 23:55:21] ADS value: 23.88, Ver: 106
[2026-06-10 23:57:23] ADS value: 23.94, Ver: 106
[2026-06-10 23:58:23] ADS value: 23.85, Ver: 106
[2026-06-10 23:58:54] ADS value: 23.94, Ver: 106
[2026-06-11 00:01:25] ADS value: 23.93, Ver: 106
[2026-06-11 00:01:56] ADS value: 23.84, Ver: 106
[2026-06-11 00:02:26] ADS value: 23.89, Ver: 106
[2026-06-11 00:04:58] ADS value: 23.87, Ver: 106
[2026-06-11 00:05:28] ADS value: 23.81, Ver: 106
[2026-06-11 00:05:59] ADS value: 23.88, Ver: 106
[2026-06-11 00:08:30] ADS value: 23.89, Ver: 106
[2026-06-11 00:09:31] ADS value: 23.89, Ver: 106
[2026-06-11 00:12:33] ADS value: 23.84, Ver: 106
[2026-06-11 00:13:04] ADS value: 23.94, Ver: 106
[2026-06-11 00:15:35] ADS value: 23.90, Ver: 106
[2026-06-11 00:16:06] ADS value: 23.80, Ver: 106
[2026-06-11 00:16:36] ADS value: 23.83, Ver: 106
[2026-06-11 00:19:08] ADS value: 23.90, Ver: 106
[2026-06-11 00:19:38] ADS value: 23.78, Ver: 106
[2026-06-11 00:20:09] ADS value: 23.94, Ver: 106
[2026-06-11 00:22:40] ADS value: 23.86, Ver: 106
[2026-06-11 00:23:11] ADS value: 23.80, Ver: 106
[2026-06-11 00:23:42] ADS value: 23.89, Ver: 106
[2026-06-11 00:26:13] ADS value: 23.93, Ver: 106
[2026-06-11 00:27:14] ADS value: 23.93, Ver: 106
[2026-06-11 00:30:15] ADS value: 23.83, Ver: 106
[2026-06-11 00:30:46] ADS value: 23.90, Ver: 106
[2026-06-11 00:33:17] ADS value: 23.97, Ver: 106
[2026-06-11 00:33:48] ADS value: 23.88, Ver: 106
[2026-06-11 00:34:18] ADS value: 23.90, Ver: 106
[2026-06-11 00:36:49] ADS value: 23.91, Ver: 106
[2026-06-11 00:37:20] ADS value: 23.83, Ver: 106
[2026-06-11 00:37:51] ADS value: 23.94, Ver: 106
[2026-06-11 00:40:22] ADS value: 24.27, Ver: 106
[2026-06-11 00:41:23] ADS value: 24.26, Ver: 106
[2026-06-11 00:43:24] ADS value: 27.58, Ver: 106
[2026-06-11 00:44:25] ADS value: 23.86, Ver: 106
[2026-06-11 00:44:56] ADS value: 28.82, Ver: 106
[2026-06-11 00:47:27] ADS value: 29.29, Ver: 106
[2026-06-11 00:47:57] ADS value: 27.48, Ver: 106
[2026-06-11 00:48:28] ADS value: 29.35, Ver: 106
[2026-06-11 00:50:59] ADS value: 29.69, Ver: 106
[2026-06-11 00:51:30] ADS value: 29.21, Ver: 106
[2026-06-11 00:52:01] ADS value: 30.04, Ver: 106
[2026-06-11 00:54:32] ADS value: 24.25, Ver: 106
[2026-06-11 00:55:03] ADS value: 27.21, Ver: 106
[2026-06-11 00:55:33] ADS value: 23.87, Ver: 106
[2026-06-11 00:58:04] ADS value: 23.91, Ver: 106
[2026-06-11 00:59:05] ADS value: 25.06, Ver: 106
[2026-06-11 01:01:06] ADS value: 30.28, Ver: 106
[2026-06-11 01:02:07] ADS value: 29.26, Ver: 106
[2026-06-11 01:02:38] ADS value: 23.92, Ver: 106
[2026-06-11 01:05:09] ADS value: 24.09, Ver: 106
[2026-06-11 01:05:40] ADS value: 23.84, Ver: 106
[2026-06-11 01:06:10] ADS value: 23.92, Ver: 106
[2026-06-11 01:08:42] ADS value: 23.89, Ver: 106
[2026-06-11 01:09:12] ADS value: 31.13, Ver: 106
[2026-06-11 01:09:43] ADS value: 24.39, Ver: 106
[2026-06-11 01:12:14] ADS value: 24.62, Ver: 106
[2026-06-11 01:13:15] ADS value: 35.16, Ver: 106
[2026-06-11 01:16:17] ADS value: 25.75, Ver: 106
[2026-06-11 01:16:47] ADS value: 33.15, Ver: 106
[2026-06-11 01:19:18] ADS value: 32.66, Ver: 106
[2026-06-11 01:19:49] ADS value: 27.00, Ver: 106
[2026-06-11 01:20:20] ADS value: 23.91, Ver: 106
[2026-06-11 01:22:51] ADS value: 26.53, Ver: 106
[2026-06-11 01:23:22] ADS value: 32.97, Ver: 106
[2026-06-11 01:23:53] ADS value: 25.26, Ver: 106
[2026-06-11 01:26:24] ADS value: 36.18, Ver: 106
[2026-06-11 01:26:55] ADS value: 23.86, Ver: 106
[2026-06-11 01:27:25] ADS value: 23.93, Ver: 106
[2026-06-11 01:29:56] ADS value: 23.91, Ver: 106
[2026-06-11 01:30:57] ADS value: 33.30, Ver: 106
[2026-06-11 01:32:58] ADS value: 23.90, Ver: 106
[2026-06-11 01:33:59] ADS value: 34.53, Ver: 106
[2026-06-11 01:34:30] ADS value: 23.93, Ver: 106
[2026-06-11 01:37:01] ADS value: 33.37, Ver: 106
[2026-06-11 01:37:32] ADS value: 30.09, Ver: 106
[2026-06-11 01:38:02] ADS value: 24.73, Ver: 106
[2026-06-11 01:40:34] ADS value: 23.91, Ver: 106
[2026-06-11 01:41:04] ADS value: 23.79, Ver: 106
[2026-06-11 01:41:35] ADS value: 24.49, Ver: 106
[2026-06-11 01:44:06] ADS value: 35.28, Ver: 106
[2026-06-11 01:45:07] ADS value: 33.84, Ver: 106
[2026-06-11 01:48:08] ADS value: 36.00, Ver: 106
[2026-06-11 01:48:39] ADS value: 28.87, Ver: 106
[2026-06-11 01:51:10] ADS value: 23.90, Ver: 106
[2026-06-11 01:51:41] ADS value: 23.84, Ver: 106
[2026-06-11 01:52:12] ADS value: 24.17, Ver: 106
[2026-06-11 01:54:43] ADS value: 36.32, Ver: 106
[2026-06-11 01:55:14] ADS value: 37.64, Ver: 106
[2026-06-11 01:55:44] ADS value: 23.92, Ver: 106
[2026-06-11 01:58:16] ADS value: 23.92, Ver: 106
[2026-06-11 01:58:46] ADS value: 34.49, Ver: 106
[2026-06-11 01:59:17] ADS value: 38.64, Ver: 106
[2026-06-11 02:01:48] ADS value: 27.07, Ver: 106
[2026-06-11 02:02:49] ADS value: 31.09, Ver: 106
[2026-06-11 02:05:51] ADS value: 31.15, Ver: 106
[2026-06-11 02:06:21] ADS value: 23.86, Ver: 106
[2026-06-11 02:08:52] ADS value: 30.22, Ver: 106
[2026-06-11 02:09:23] ADS value: 24.18, Ver: 106
[2026-06-11 02:09:54] ADS value: 23.91, Ver: 106
[2026-06-11 02:12:25] ADS value: 26.54, Ver: 106
[2026-06-11 02:12:56] ADS value: 23.85, Ver: 106
[2026-06-11 02:13:26] ADS value: 24.66, Ver: 106
[2026-06-11 02:15:58] ADS value: 23.91, Ver: 106
[2026-06-11 02:16:58] ADS value: 23.92, Ver: 106
[2026-06-11 02:19:00] ADS value: 23.91, Ver: 106
[2026-06-11 02:20:00] ADS value: 23.82, Ver: 106
[2026-06-11 02:20:31] ADS value: 23.88, Ver: 106
[2026-06-11 02:23:02] ADS value: 23.91, Ver: 106
[2026-06-11 02:23:33] ADS value: 23.79, Ver: 106
[2026-06-11 02:24:04] ADS value: 23.88, Ver: 106
[2026-06-11 02:26:35] ADS value: 23.89, Ver: 106
[2026-06-11 02:27:39] ADS value: 23.88, Ver: 106
[2026-06-11 02:28:40] ADS value: 23.90, Ver: 106
[2026-06-11 02:29:11] ADS value: 23.84, Ver: 106
[2026-06-11 02:31:42] ADS value: 23.85, Ver: 106
[2026-06-11 02:32:13] ADS value: 23.83, Ver: 106
[2026-06-11 02:32:43] ADS value: 23.81, Ver: 106
[2026-06-11 02:35:15] ADS value: 23.86, Ver: 106
[2026-06-11 02:36:19] ADS value: 23.88, Ver: 106
[2026-06-11 02:36:49] ADS value: 23.88, Ver: 106
[2026-06-11 02:39:21] ADS value: 23.87, Ver: 106
[2026-06-11 02:40:21] ADS value: 23.88, Ver: 106
[2026-06-11 02:42:22] ADS value: 23.83, Ver: 106
[2026-06-11 02:42:53] ADS value: 23.89, Ver: 106
[2026-06-11 02:43:24] ADS value: 23.89, Ver: 106
[2026-06-11 02:45:55] ADS value: 23.85, Ver: 106
[2026-06-11 02:46:26] ADS value: 28.97, Ver: 106
[2026-06-11 02:46:57] ADS value: 29.45, Ver: 106
[2026-06-11 02:49:28] ADS value: 23.97, Ver: 106
[2026-06-11 02:49:59] ADS value: 30.00, Ver: 106
[2026-06-11 02:50:29] ADS value: 24.11, Ver: 106
[2026-06-11 02:53:00] ADS value: 36.28, Ver: 106
[2026-06-11 02:53:31] ADS value: 23.85, Ver: 106
[2026-06-11 02:54:02] ADS value: 23.85, Ver: 106
[2026-06-11 02:56:33] ADS value: 38.34, Ver: 106
[2026-06-11 02:57:34] ADS value: 35.19, Ver: 106
[2026-06-11 03:00:35] ADS value: 39.91, Ver: 106
[2026-06-11 03:01:06] ADS value: 30.94, Ver: 106
[2026-06-11 03:03:37] ADS value: 23.81, Ver: 106
[2026-06-11 03:04:08] ADS value: 23.78, Ver: 106
[2026-06-11 03:04:38] ADS value: 23.87, Ver: 106
[2026-06-11 03:07:10] ADS value: 36.85, Ver: 106
[2026-06-11 03:07:40] ADS value: 33.83, Ver: 106
[2026-06-11 03:08:11] ADS value: 33.79, Ver: 106
[2026-06-11 03:13:47] ADS value: 36.97, Ver: 106
[2026-06-11 03:14:18] ADS value: 24.32, Ver: 106
[2026-06-11 03:16:49] ADS value: 23.83, Ver: 106
[2026-06-11 03:17:20] ADS value: 33.29, Ver: 106
[2026-06-11 03:17:51] ADS value: 39.78, Ver: 106
[2026-06-11 03:20:22] ADS value: 23.85, Ver: 106
[2026-06-11 03:20:52] ADS value: 23.85, Ver: 106
[2026-06-11 03:21:23] ADS value: 23.78, Ver: 106
[2026-06-11 03:23:54] ADS value: 40.53, Ver: 106
[2026-06-11 03:24:55] ADS value: 39.10, Ver: 106
[2026-06-11 03:27:57] ADS value: 41.27, Ver: 106
[2026-06-11 03:28:27] ADS value: 38.61, Ver: 106
[2026-06-11 03:30:58] ADS value: 23.84, Ver: 106
[2026-06-11 03:31:29] ADS value: 25.02, Ver: 106
[2026-06-11 03:32:00] ADS value: 34.74, Ver: 106
[2026-06-11 03:34:31] ADS value: 24.60, Ver: 106
[2026-06-11 03:35:02] ADS value: 28.32, Ver: 106
[2026-06-11 03:35:32] ADS value: 23.77, Ver: 106
[2026-06-11 03:38:04] ADS value: 29.80, Ver: 106
[2026-06-11 03:38:34] ADS value: 40.28, Ver: 106
[2026-06-11 03:39:05] ADS value: 31.59, Ver: 106
[2026-06-11 03:41:36] ADS value: 23.84, Ver: 106
[2026-06-11 03:42:37] ADS value: 23.80, Ver: 106
[2026-06-11 03:45:38] ADS value: 24.60, Ver: 106
[2026-06-11 03:46:42] ADS value: 36.28, Ver: 106
[2026-06-11 03:47:13] ADS value: 37.15, Ver: 106
[2026-06-11 03:49:44] ADS value: 23.77, Ver: 106
[2026-06-11 03:50:45] ADS value: 23.85, Ver: 106
[2026-06-11 03:52:46] ADS value: 40.72, Ver: 106
[2026-06-11 03:53:47] ADS value: 40.90, Ver: 106
[2026-06-11 03:54:18] ADS value: 25.27, Ver: 106
[2026-06-11 03:56:49] ADS value: 23.81, Ver: 106
[2026-06-11 03:57:19] ADS value: 38.12, Ver: 106
[2026-06-11 03:57:50] ADS value: 34.94, Ver: 106
[2026-06-11 04:00:21] ADS value: 23.80, Ver: 106
[2026-06-11 04:00:52] ADS value: 23.90, Ver: 106
[2026-06-11 04:01:23] ADS value: 30.28, Ver: 106
[2026-06-11 04:03:54] ADS value: 26.15, Ver: 106
[2026-06-11 04:04:24] ADS value: 23.89, Ver: 106
[2026-06-11 04:04:55] ADS value: 26.88, Ver: 106
[2026-06-11 04:07:26] ADS value: 39.71, Ver: 106
[2026-06-11 04:08:27] ADS value: 35.46, Ver: 106
[2026-06-11 04:10:28] ADS value: 24.09, Ver: 106
[2026-06-11 04:11:29] ADS value: 31.09, Ver: 106
[2026-06-11 04:12:00] ADS value: 40.20, Ver: 106
[2026-06-11 04:14:31] ADS value: 23.79, Ver: 106
[2026-06-11 04:15:02] ADS value: 23.88, Ver: 106
[2026-06-11 04:15:32] ADS value: 27.32, Ver: 106
[2026-06-11 04:18:37] ADS value: 39.96, Ver: 106
[2026-06-11 04:19:38] ADS value: 27.58, Ver: 106
[2026-06-11 04:21:39] ADS value: 24.28, Ver: 106
[2026-06-11 04:22:40] ADS value: 24.52, Ver: 106
[2026-06-11 04:23:10] ADS value: 40.14, Ver: 106
[2026-06-11 04:25:41] ADS value: 23.85, Ver: 106
[2026-06-11 04:26:12] ADS value: 23.84, Ver: 106
[2026-06-11 04:26:43] ADS value: 25.21, Ver: 106
[2026-06-11 04:29:14] ADS value: 34.01, Ver: 106
[2026-06-11 04:29:45] ADS value: 23.88, Ver: 106
[2026-06-11 04:30:15] ADS value: 23.91, Ver: 106
[2026-06-11 04:32:46] ADS value: 41.19, Ver: 106
[2026-06-11 04:33:17] ADS value: 24.82, Ver: 106
[2026-06-11 04:33:48] ADS value: 23.85, Ver: 106
