[2026-07-14 08:27:10] ADS value: 24.49, Ver: 106
[2026-07-14 08:27:41] ADS value: 24.45, Ver: 106
[2026-07-14 08:28:12] ADS value: 24.49, Ver: 106
[2026-07-14 08:28:43] ADS value: 24.49, Ver: 106
[2026-07-14 08:29:14] ADS value: 24.49, Ver: 106
[2026-07-14 08:30:21] ADS value: 24.50, Ver: 106
[2026-07-14 08:30:52] ADS value: 24.49, Ver: 106
[2026-07-14 08:31:58] ADS value: 24.49, Ver: 106
[2026-07-14 08:32:30] ADS value: 24.48, Ver: 106
[2026-07-14 08:33:01] ADS value: 24.49, Ver: 106
[2026-07-14 08:33:32] ADS value: 24.48, Ver: 106
[2026-07-14 08:34:03] ADS value: 24.48, Ver: 106
[2026-07-14 08:34:35] ADS value: 24.48, Ver: 106
[2026-07-14 08:35:06] ADS value: 24.48, Ver: 106
[2026-07-14 08:35:37] ADS value: 24.49, Ver: 106
[2026-07-14 08:36:09] ADS value: 24.48, Ver: 106
[2026-07-14 08:36:43] Boot complete
[2026-07-14 08:36:45] running_front
[2026-07-14 08:36:53] running_opposite
[2026-07-14 08:37:02] running_opposite
[2026-07-14 08:37:07] running_front
[2026-07-14 08:37:11] ADS value: 24.42, Ver: 106
[2026-07-14 10:09:54] Boot complete
[2026-07-14 10:10:13] ADS value: 24.43, Ver: 106
[2026-07-14 10:10:44] ADS value: 24.44, Ver: 106
[2026-07-14 10:11:15] ADS value: 24.44, Ver: 106
[2026-07-14 10:11:46] ADS value: 24.44, Ver: 106
[2026-07-14 10:12:17] ADS value: 24.45, Ver: 106
[2026-07-14 10:12:48] ADS value: 24.43, Ver: 106
[2026-07-14 10:13:19] ADS value: 24.43, Ver: 106
[2026-07-14 10:13:50] ADS value: 24.43, Ver: 106
[2026-07-14 10:14:21] ADS value: 24.44, Ver: 106
[2026-07-14 10:14:52] ADS value: 24.44, Ver: 106
[2026-07-14 10:15:23] ADS value: 24.45, Ver: 106
[2026-07-14 10:15:53] ADS value: 24.44, Ver: 106
[2026-07-14 10:16:24] ADS value: 24.45, Ver: 106
[2026-07-14 10:16:55] ADS value: 24.44, Ver: 106
[2026-07-14 10:17:26] ADS value: 24.45, Ver: 106
[2026-07-14 10:17:57] ADS value: 24.45, Ver: 106
[2026-07-14 10:18:28] ADS value: 24.45, Ver: 106
[2026-07-14 10:18:59] ADS value: 24.45, Ver: 106
[2026-07-14 10:19:30] ADS value: 24.44, Ver: 106
[2026-07-14 10:20:01] ADS value: 24.44, Ver: 106
[2026-07-14 10:20:32] ADS value: 24.45, Ver: 106
[2026-07-14 10:21:03] ADS value: 24.45, Ver: 106
[2026-07-14 10:21:34] ADS value: 24.44, Ver: 106
[2026-07-14 10:22:05] ADS value: 24.44, Ver: 106
[2026-07-14 10:23:37] ADS value: 24.40, Ver: 106
[2026-07-14 10:24:08] ADS value: 24.39, Ver: 106
[2026-07-14 10:24:38] ADS value: 24.38, Ver: 106
[2026-07-14 10:25:09] ADS value: 24.38, Ver: 106
[2026-07-14 10:25:41] ADS value: 24.37, Ver: 106
[2026-07-14 10:26:12] ADS value: 23.92, Ver: 106
[2026-07-14 10:26:43] ADS value: 23.77, Ver: 106
[2026-07-14 10:27:13] ADS value: 24.31, Ver: 106
[2026-07-14 10:27:44] ADS value: 24.34, Ver: 106
[2026-07-14 10:28:50] ADS value: 24.34, Ver: 106
[2026-07-14 10:29:21] ADS value: 24.35, Ver: 106
[2026-07-14 10:29:52] ADS value: 24.35, Ver: 106
[2026-07-14 10:32:54] ADS value: 24.37, Ver: 106
[2026-07-14 10:33:25] ADS value: 24.34, Ver: 106
[2026-07-14 10:33:56] ADS value: 24.38, Ver: 106
[2026-07-14 10:35:02] ADS value: 24.36, Ver: 106
[2026-07-14 10:35:33] ADS value: 24.37, Ver: 106
[2026-07-14 10:36:03] ADS value: 24.36, Ver: 106
[2026-07-14 10:36:34] ADS value: 24.38, Ver: 106
[2026-07-14 10:37:05] ADS value: 24.37, Ver: 106
[2026-07-14 10:37:35] ADS value: 24.36, Ver: 106
[2026-07-14 10:38:06] ADS value: 24.37, Ver: 106
[2026-07-14 10:38:37] ADS value: 24.36, Ver: 106
[2026-07-14 10:39:08] ADS value: 24.36, Ver: 106
[2026-07-14 10:39:38] ADS value: 24.38, Ver: 106
[2026-07-14 10:40:09] ADS value: 24.33, Ver: 106
[2026-07-14 10:40:40] ADS value: 24.32, Ver: 106
[2026-07-14 10:41:11] ADS value: 24.34, Ver: 106
[2026-07-14 10:41:41] ADS value: 24.34, Ver: 106
[2026-07-14 10:42:12] ADS value: 24.32, Ver: 106
[2026-07-14 10:42:43] ADS value: 24.32, Ver: 106
[2026-07-14 10:43:13] ADS value: 24.30, Ver: 106
[2026-07-14 10:43:44] ADS value: 24.31, Ver: 106
[2026-07-14 10:44:15] ADS value: 23.84, Ver: 106
[2026-07-14 10:44:45] ADS value: 24.29, Ver: 106
[2026-07-14 10:45:16] ADS value: 23.98, Ver: 106
[2026-07-14 10:45:47] ADS value: 24.31, Ver: 106
[2026-07-14 10:46:17] ADS value: 24.31, Ver: 106
[2026-07-14 10:46:48] ADS value: 24.33, Ver: 106
[2026-07-14 10:47:22] ADS value: 24.30, Ver: 106
[2026-07-14 10:47:53] ADS value: 24.35, Ver: 106
[2026-07-14 10:48:24] ADS value: 24.31, Ver: 106
[2026-07-14 10:48:54] ADS value: 24.33, Ver: 106
[2026-07-14 10:49:25] ADS value: 24.33, Ver: 106
[2026-07-14 10:49:56] ADS value: 24.06, Ver: 106
[2026-07-14 10:50:27] ADS value: 24.29, Ver: 106
[2026-07-14 10:50:57] ADS value: 24.30, Ver: 106
[2026-07-14 10:51:28] ADS value: 24.27, Ver: 106
[2026-07-14 10:51:59] ADS value: 24.27, Ver: 106
[2026-07-14 10:52:30] ADS value: 24.29, Ver: 106
[2026-07-14 10:53:00] ADS value: 24.31, Ver: 106
[2026-07-14 10:53:31] ADS value: 24.33, Ver: 106
[2026-07-14 10:54:02] ADS value: 24.33, Ver: 106
[2026-07-14 10:54:33] ADS value: 24.33, Ver: 106
[2026-07-14 10:55:04] ADS value: 24.33, Ver: 106
[2026-07-14 10:55:34] ADS value: 24.33, Ver: 106
[2026-07-14 10:56:40] ADS value: 24.34, Ver: 106
[2026-07-14 10:57:11] ADS value: 24.31, Ver: 106
[2026-07-14 10:57:42] ADS value: 24.32, Ver: 106
[2026-07-14 10:58:13] ADS value: 24.33, Ver: 106
[2026-07-14 10:58:45] ADS value: 24.33, Ver: 106
[2026-07-14 10:59:15] ADS value: 24.32, Ver: 106
[2026-07-14 10:59:46] ADS value: 24.31, Ver: 106
[2026-07-14 11:00:52] ADS value: 24.32, Ver: 106
[2026-07-14 11:01:23] ADS value: 24.31, Ver: 106
[2026-07-14 11:01:54] ADS value: 24.31, Ver: 106
[2026-07-14 11:02:25] ADS value: 24.34, Ver: 106
[2026-07-14 11:02:56] ADS value: 24.33, Ver: 106
[2026-07-14 11:03:26] ADS value: 24.32, Ver: 106
[2026-07-14 11:03:57] ADS value: 24.32, Ver: 106
[2026-07-14 11:04:28] ADS value: 24.29, Ver: 106
[2026-07-14 11:04:59] ADS value: 24.33, Ver: 106
[2026-07-14 11:05:29] ADS value: 24.30, Ver: 106
[2026-07-14 11:06:00] ADS value: 24.32, Ver: 106
[2026-07-14 11:06:31] ADS value: 24.30, Ver: 106
[2026-07-14 11:07:02] ADS value: 24.31, Ver: 106
[2026-07-14 11:07:33] ADS value: 24.30, Ver: 106
[2026-07-14 11:08:04] ADS value: 24.29, Ver: 106
[2026-07-14 11:08:35] ADS value: 24.30, Ver: 106
[2026-07-14 11:09:08] ADS value: 24.30, Ver: 106
[2026-07-14 11:09:38] ADS value: 24.28, Ver: 106
[2026-07-14 11:10:09] ADS value: 24.31, Ver: 106
[2026-07-14 11:10:40] ADS value: 24.31, Ver: 106
[2026-07-14 11:11:11] ADS value: 24.27, Ver: 106
[2026-07-14 11:11:41] ADS value: 24.29, Ver: 106
[2026-07-14 11:12:12] ADS value: 24.31, Ver: 106
[2026-07-14 11:12:42] ADS value: 24.32, Ver: 106
[2026-07-14 11:13:49] ADS value: 24.27, Ver: 106
[2026-07-14 11:14:19] ADS value: 24.28, Ver: 106
[2026-07-14 11:14:50] ADS value: 24.29, Ver: 106
[2026-07-14 11:15:21] ADS value: 24.24, Ver: 106
[2026-07-14 11:15:52] ADS value: 23.88, Ver: 106
[2026-07-14 11:16:22] ADS value: 24.27, Ver: 106
[2026-07-14 11:16:53] ADS value: 24.29, Ver: 106
[2026-07-14 11:17:24] ADS value: 24.28, Ver: 106
[2026-07-14 11:17:54] ADS value: 24.25, Ver: 106
[2026-07-14 11:18:25] ADS value: 24.27, Ver: 106
[2026-07-14 11:18:56] ADS value: 24.25, Ver: 106
[2026-07-14 11:19:27] ADS value: 24.24, Ver: 106
[2026-07-14 11:19:58] ADS value: 24.23, Ver: 106
[2026-07-14 11:20:28] ADS value: 24.24, Ver: 106
[2026-07-14 11:20:59] ADS value: 24.27, Ver: 106
[2026-07-14 11:21:30] ADS value: 24.26, Ver: 106
[2026-07-14 11:22:36] ADS value: 24.28, Ver: 106
[2026-07-14 11:23:07] ADS value: 24.27, Ver: 106
[2026-07-14 11:23:37] ADS value: 24.27, Ver: 106
[2026-07-14 11:24:08] ADS value: 24.28, Ver: 106
[2026-07-14 11:24:39] ADS value: 24.27, Ver: 106
[2026-07-14 11:25:10] ADS value: 24.28, Ver: 106
[2026-07-14 11:25:41] ADS value: 24.29, Ver: 106
[2026-07-14 11:26:50] ADS value: 24.26, Ver: 106
[2026-07-14 11:27:21] ADS value: 24.29, Ver: 106
[2026-07-14 11:27:52] ADS value: 24.30, Ver: 106
[2026-07-14 11:28:22] ADS value: 24.27, Ver: 106
[2026-07-14 11:28:53] ADS value: 24.28, Ver: 106
[2026-07-14 11:29:24] ADS value: 24.27, Ver: 106
[2026-07-14 11:29:54] ADS value: 24.29, Ver: 106
[2026-07-14 11:30:25] ADS value: 24.27, Ver: 106
[2026-07-14 11:30:56] ADS value: 24.30, Ver: 106
[2026-07-14 11:31:27] ADS value: 24.27, Ver: 106
[2026-07-14 11:31:58] ADS value: 24.30, Ver: 106
[2026-07-14 11:32:28] ADS value: 24.28, Ver: 106
[2026-07-14 11:32:59] ADS value: 24.28, Ver: 106
[2026-07-14 11:33:30] ADS value: 24.28, Ver: 106
[2026-07-14 11:34:01] ADS value: 24.29, Ver: 106
[2026-07-14 11:34:32] ADS value: 24.30, Ver: 106
[2026-07-14 11:35:38] ADS value: 24.27, Ver: 106
[2026-07-14 11:36:08] ADS value: 24.29, Ver: 106
[2026-07-14 11:36:39] ADS value: 24.27, Ver: 106
[2026-07-14 11:37:10] ADS value: 24.29, Ver: 106
[2026-07-14 11:37:40] ADS value: 24.29, Ver: 106
[2026-07-14 11:38:11] ADS value: 24.28, Ver: 106
[2026-07-14 11:38:42] ADS value: 24.30, Ver: 106
[2026-07-14 11:39:48] ADS value: 24.29, Ver: 106
[2026-07-14 11:40:19] ADS value: 24.30, Ver: 106
[2026-07-14 11:40:50] ADS value: 24.30, Ver: 106
[2026-07-14 11:41:21] ADS value: 24.30, Ver: 106
[2026-07-14 11:41:51] ADS value: 24.29, Ver: 106
[2026-07-14 11:42:22] ADS value: 24.28, Ver: 106
[2026-07-14 11:42:53] ADS value: 24.25, Ver: 106
[2026-07-14 11:43:24] ADS value: 24.30, Ver: 106
[2026-07-14 11:43:55] ADS value: 24.28, Ver: 106
[2026-07-14 11:44:25] ADS value: 24.27, Ver: 106
[2026-07-14 11:44:56] ADS value: 24.27, Ver: 106
[2026-07-14 11:45:27] ADS value: 24.28, Ver: 106
[2026-07-14 11:45:58] ADS value: 24.29, Ver: 106
[2026-07-14 11:46:28] ADS value: 24.28, Ver: 106
[2026-07-14 11:46:59] ADS value: 24.30, Ver: 106
[2026-07-14 11:47:30] ADS value: 24.27, Ver: 106
[2026-07-14 11:48:37] ADS value: 24.30, Ver: 106
[2026-07-14 11:49:07] ADS value: 24.27, Ver: 106
[2026-07-14 11:49:38] ADS value: 24.28, Ver: 106
[2026-07-14 11:50:09] ADS value: 24.28, Ver: 106
[2026-07-14 11:50:40] ADS value: 24.28, Ver: 106
[2026-07-14 11:51:11] ADS value: 24.30, Ver: 106
[2026-07-14 11:51:42] ADS value: 24.29, Ver: 106
[2026-07-14 11:52:12] ADS value: 24.27, Ver: 106
[2026-07-14 11:52:43] ADS value: 24.28, Ver: 106
[2026-07-14 11:53:14] ADS value: 24.27, Ver: 106
[2026-07-14 11:53:44] ADS value: 24.28, Ver: 106
[2026-07-14 11:54:15] ADS value: 24.27, Ver: 106
[2026-07-14 11:54:46] ADS value: 24.29, Ver: 106
[2026-07-14 11:55:16] ADS value: 24.28, Ver: 106
[2026-07-14 11:55:47] ADS value: 24.30, Ver: 106
[2026-07-14 11:56:18] ADS value: 24.30, Ver: 106
[2026-07-14 11:56:49] ADS value: 24.29, Ver: 106
[2026-07-14 11:57:20] ADS value: 24.28, Ver: 106
[2026-07-14 11:57:50] ADS value: 24.28, Ver: 106
[2026-07-14 11:58:21] ADS value: 24.30, Ver: 106
[2026-07-14 11:58:52] ADS value: 24.27, Ver: 106
[2026-07-14 11:59:23] ADS value: 24.27, Ver: 106
[2026-07-14 11:59:54] ADS value: 24.29, Ver: 106
[2026-07-14 12:00:24] ADS value: 24.29, Ver: 106
[2026-07-14 12:01:30] ADS value: 24.28, Ver: 106
[2026-07-14 12:02:01] ADS value: 24.28, Ver: 106
[2026-07-14 12:02:32] ADS value: 24.30, Ver: 106
[2026-07-14 12:03:03] ADS value: 24.30, Ver: 106
[2026-07-14 12:03:34] ADS value: 24.30, Ver: 106
[2026-07-14 12:04:05] ADS value: 24.28, Ver: 106
[2026-07-14 12:04:35] ADS value: 24.28, Ver: 106
[2026-07-14 12:05:42] ADS value: 24.29, Ver: 106
[2026-07-14 12:06:12] ADS value: 24.27, Ver: 106
[2026-07-14 12:06:43] ADS value: 24.28, Ver: 106
[2026-07-14 12:07:14] ADS value: 24.27, Ver: 106
[2026-07-14 12:07:45] ADS value: 24.30, Ver: 106
[2026-07-14 12:08:15] ADS value: 24.30, Ver: 106
[2026-07-14 12:08:46] ADS value: 24.30, Ver: 106
[2026-07-14 12:09:17] ADS value: 24.29, Ver: 106
[2026-07-14 12:09:48] ADS value: 24.30, Ver: 106
[2026-07-14 12:10:19] ADS value: 24.27, Ver: 106
[2026-07-14 12:10:49] ADS value: 24.27, Ver: 106
[2026-07-14 12:11:20] ADS value: 24.27, Ver: 106
[2026-07-14 12:11:51] ADS value: 24.29, Ver: 106
[2026-07-14 12:12:22] ADS value: 24.28, Ver: 106
[2026-07-14 12:12:53] ADS value: 24.29, Ver: 106
[2026-07-14 12:13:24] ADS value: 24.29, Ver: 106
[2026-07-14 12:14:30] ADS value: 24.30, Ver: 106
[2026-07-14 12:15:01] ADS value: 24.27, Ver: 106
[2026-07-14 12:15:32] ADS value: 24.28, Ver: 106
[2026-07-14 12:16:02] ADS value: 24.30, Ver: 106
[2026-07-14 12:16:33] ADS value: 24.29, Ver: 106
[2026-07-14 12:17:04] ADS value: 24.28, Ver: 106
[2026-07-14 12:17:35] ADS value: 24.29, Ver: 106
[2026-07-14 12:18:41] ADS value: 24.28, Ver: 106
[2026-07-14 12:19:12] ADS value: 24.28, Ver: 106
[2026-07-14 12:19:42] ADS value: 24.28, Ver: 106
[2026-07-14 12:20:13] ADS value: 24.27, Ver: 106
[2026-07-14 12:20:44] ADS value: 24.28, Ver: 106
[2026-07-14 12:21:15] ADS value: 24.27, Ver: 106
[2026-07-14 12:21:45] ADS value: 24.28, Ver: 106
[2026-07-14 12:22:16] ADS value: 24.27, Ver: 106
[2026-07-14 12:22:47] ADS value: 24.27, Ver: 106
[2026-07-14 12:23:17] ADS value: 24.28, Ver: 106
[2026-07-14 12:23:48] ADS value: 24.27, Ver: 106
[2026-07-14 12:24:19] ADS value: 24.29, Ver: 106
[2026-07-14 12:24:50] ADS value: 24.27, Ver: 106
[2026-07-14 12:25:21] ADS value: 24.27, Ver: 106
[2026-07-14 12:25:52] ADS value: 24.30, Ver: 106
[2026-07-14 12:26:23] ADS value: 24.29, Ver: 106
[2026-07-14 12:27:29] ADS value: 24.29, Ver: 106
[2026-07-14 12:28:00] ADS value: 24.30, Ver: 106
[2026-07-14 12:28:30] ADS value: 24.28, Ver: 106
[2026-07-14 12:29:01] ADS value: 24.29, Ver: 106
[2026-07-14 12:29:32] ADS value: 24.30, Ver: 106
[2026-07-14 12:30:03] ADS value: 24.27, Ver: 106
[2026-07-14 12:30:34] ADS value: 24.29, Ver: 106
[2026-07-14 12:31:40] ADS value: 24.28, Ver: 106
[2026-07-14 12:32:10] ADS value: 24.29, Ver: 106
[2026-07-14 12:32:41] ADS value: 24.28, Ver: 106
[2026-07-14 12:33:12] ADS value: 24.29, Ver: 106
[2026-07-14 12:33:43] ADS value: 24.27, Ver: 106
[2026-07-14 12:34:14] ADS value: 24.30, Ver: 106
[2026-07-14 12:34:44] ADS value: 24.27, Ver: 106
[2026-07-14 12:35:15] ADS value: 24.28, Ver: 106
[2026-07-14 12:35:46] ADS value: 24.28, Ver: 106
[2026-07-14 12:36:16] ADS value: 24.28, Ver: 106
[2026-07-14 12:36:47] ADS value: 24.28, Ver: 106
[2026-07-14 12:37:18] ADS value: 24.27, Ver: 106
[2026-07-14 12:37:49] ADS value: 24.28, Ver: 106
[2026-07-14 12:38:19] ADS value: 24.28, Ver: 106
[2026-07-14 12:38:50] ADS value: 24.30, Ver: 106
[2026-07-14 12:39:21] ADS value: 24.29, Ver: 106
[2026-07-14 12:40:27] ADS value: 24.29, Ver: 106
[2026-07-14 12:40:58] ADS value: 24.29, Ver: 106
[2026-07-14 12:41:29] ADS value: 24.27, Ver: 106
[2026-07-14 12:42:00] ADS value: 24.27, Ver: 106
[2026-07-14 12:42:31] ADS value: 24.28, Ver: 106
[2026-07-14 12:43:02] ADS value: 24.28, Ver: 106
[2026-07-14 12:43:32] ADS value: 24.28, Ver: 106
[2026-07-14 12:44:38] ADS value: 24.29, Ver: 106
[2026-07-14 12:45:09] ADS value: 24.27, Ver: 106
[2026-07-14 12:45:40] ADS value: 24.28, Ver: 106
[2026-07-14 12:46:11] ADS value: 24.27, Ver: 106
[2026-07-14 12:46:42] ADS value: 24.30, Ver: 106
[2026-07-14 12:47:13] ADS value: 24.28, Ver: 106
[2026-07-14 12:47:43] ADS value: 24.30, Ver: 106
[2026-07-14 12:48:14] ADS value: 24.30, Ver: 106
[2026-07-14 12:48:45] ADS value: 24.29, Ver: 106
[2026-07-14 12:49:16] ADS value: 24.28, Ver: 106
[2026-07-14 12:49:47] ADS value: 24.28, Ver: 106
[2026-07-14 12:50:18] ADS value: 24.28, Ver: 106
[2026-07-14 12:50:48] ADS value: 24.29, Ver: 106
[2026-07-14 12:51:19] ADS value: 24.28, Ver: 106
[2026-07-14 12:51:50] ADS value: 24.28, Ver: 106
[2026-07-14 12:52:21] ADS value: 24.28, Ver: 106
[2026-07-14 12:53:26] ADS value: 24.29, Ver: 106
[2026-07-14 12:53:57] ADS value: 24.30, Ver: 106
[2026-07-14 12:54:28] ADS value: 24.28, Ver: 106
[2026-07-14 12:54:58] ADS value: 24.28, Ver: 106
[2026-07-14 12:55:29] ADS value: 24.28, Ver: 106
[2026-07-14 12:56:00] ADS value: 24.29, Ver: 106
[2026-07-14 12:56:31] ADS value: 24.29, Ver: 106
[2026-07-14 12:57:02] ADS value: 24.27, Ver: 106
[2026-07-14 12:57:32] ADS value: 24.28, Ver: 106
[2026-07-14 12:58:03] ADS value: 24.27, Ver: 106
[2026-07-14 12:58:34] ADS value: 24.28, Ver: 106
[2026-07-14 12:59:05] ADS value: 24.28, Ver: 106
[2026-07-14 12:59:36] ADS value: 24.27, Ver: 106
[2026-07-14 13:00:07] ADS value: 24.27, Ver: 106
[2026-07-14 13:00:37] ADS value: 24.27, Ver: 106
[2026-07-14 13:01:08] ADS value: 24.30, Ver: 106
[2026-07-14 13:01:39] ADS value: 24.28, Ver: 106
[2026-07-14 13:02:09] ADS value: 24.29, Ver: 106
[2026-07-14 13:02:40] ADS value: 24.28, Ver: 106
[2026-07-14 13:03:11] ADS value: 24.27, Ver: 106
[2026-07-14 13:03:42] ADS value: 24.27, Ver: 106
[2026-07-14 13:04:13] ADS value: 24.30, Ver: 106
[2026-07-14 13:04:43] ADS value: 24.29, Ver: 106
[2026-07-14 13:05:14] ADS value: 24.28, Ver: 106
[2026-07-14 13:06:20] ADS value: 24.26, Ver: 106
[2026-07-14 13:06:51] ADS value: 24.29, Ver: 106
[2026-07-14 13:07:22] ADS value: 24.29, Ver: 106
[2026-07-14 13:07:52] ADS value: 24.27, Ver: 106
[2026-07-14 13:08:00] Starting progressive OTA download...
[2026-07-14 13:08:04] OTA Progress: 10%
[2026-07-14 13:08:15] OTA Progress: 30%
[2026-07-14 13:08:19] OTA Progress: 40%
[2026-07-14 13:08:22] OTA Progress: 50%
[2026-07-14 13:08:25] OTA Progress: 60%
[2026-07-14 13:08:29] OTA Progress: 70%
[2026-07-14 13:08:32] OTA Progress: 80%
[2026-07-14 13:08:35] OTA Progress: 90%
[2026-07-14 13:08:38] OTA Progress: 100%
[2026-07-14 13:08:39] OTA 100% Complete! Rebooting now...
[2026-07-14 13:08:48] Boot complete
[2026-07-14 13:09:10] ADS value: 24.27, Ver: 111
[2026-07-14 13:09:41] ADS value: 24.29, Ver: 111
[2026-07-14 13:10:12] ADS value: 24.27, Ver: 111
[2026-07-14 13:10:43] ADS value: 24.29, Ver: 111
[2026-07-14 13:11:14] ADS value: 24.28, Ver: 111
[2026-07-14 13:11:45] ADS value: 24.28, Ver: 111
[2026-07-14 13:12:16] ADS value: 24.29, Ver: 111
[2026-07-14 13:12:47] ADS value: 24.29, Ver: 111
[2026-07-14 13:13:18] ADS value: 24.29, Ver: 111
[2026-07-14 13:13:48] ADS value: 24.28, Ver: 111
[2026-07-14 13:14:55] ADS value: 24.27, Ver: 111
[2026-07-14 13:15:26] ADS value: 24.28, Ver: 111
[2026-07-14 13:15:56] ADS value: 24.29, Ver: 111
[2026-07-14 13:16:27] ADS value: 24.29, Ver: 111
[2026-07-14 13:16:58] ADS value: 24.28, Ver: 111
[2026-07-14 13:17:29] ADS value: 24.26, Ver: 111
[2026-07-14 13:18:00] ADS value: 24.28, Ver: 111
[2026-07-14 13:19:06] ADS value: 24.29, Ver: 111
[2026-07-14 13:19:37] ADS value: 24.27, Ver: 111
[2026-07-14 13:20:07] ADS value: 24.27, Ver: 111
[2026-07-14 13:20:38] ADS value: 24.29, Ver: 111
[2026-07-14 13:21:09] ADS value: 24.27, Ver: 111
[2026-07-14 13:21:40] ADS value: 24.28, Ver: 111
[2026-07-14 13:22:11] ADS value: 24.28, Ver: 111
[2026-07-14 13:22:42] ADS value: 24.26, Ver: 111
[2026-07-14 13:23:13] ADS value: 24.26, Ver: 111
[2026-07-14 13:23:44] ADS value: 24.28, Ver: 111
[2026-07-14 13:24:15] ADS value: 24.27, Ver: 111
[2026-07-14 13:24:46] ADS value: 24.26, Ver: 111
[2026-07-14 13:25:17] ADS value: 24.28, Ver: 111
[2026-07-14 13:25:48] ADS value: 24.25, Ver: 111
[2026-07-14 13:26:19] ADS value: 24.27, Ver: 111
[2026-07-14 13:26:50] ADS value: 24.26, Ver: 111
[2026-07-14 13:27:57] ADS value: 24.28, Ver: 111
[2026-07-14 13:28:27] ADS value: 24.28, Ver: 111
[2026-07-14 13:28:58] ADS value: 24.28, Ver: 111
[2026-07-14 13:29:29] ADS value: 24.26, Ver: 111
[2026-07-14 13:30:00] ADS value: 24.29, Ver: 111
[2026-07-14 13:30:31] ADS value: 24.29, Ver: 111
[2026-07-14 13:31:02] ADS value: 24.26, Ver: 111
[2026-07-14 13:31:32] ADS value: 24.30, Ver: 111
[2026-07-14 13:32:39] ADS value: 24.27, Ver: 111
[2026-07-14 13:33:10] ADS value: 24.28, Ver: 111
[2026-07-14 13:33:41] ADS value: 24.27, Ver: 111
[2026-07-14 13:34:11] ADS value: 24.27, Ver: 111
[2026-07-14 13:34:42] ADS value: 24.27, Ver: 111
[2026-07-14 13:35:13] ADS value: 24.28, Ver: 111
[2026-07-14 13:35:44] ADS value: 24.25, Ver: 111
[2026-07-14 13:36:15] ADS value: 24.26, Ver: 111
[2026-07-14 13:36:46] ADS value: 24.27, Ver: 111
[2026-07-14 13:37:16] ADS value: 24.29, Ver: 111
[2026-07-14 13:37:47] ADS value: 24.26, Ver: 111
[2026-07-14 13:38:18] ADS value: 24.27, Ver: 111
[2026-07-14 13:38:49] ADS value: 24.28, Ver: 111
[2026-07-14 13:39:20] ADS value: 24.25, Ver: 111
[2026-07-14 13:39:51] ADS value: 24.25, Ver: 111
[2026-07-14 13:40:57] ADS value: 24.26, Ver: 111
[2026-07-14 13:41:29] ADS value: 24.27, Ver: 111
[2026-07-14 13:41:59] ADS value: 24.27, Ver: 111
[2026-07-14 13:42:30] ADS value: 24.25, Ver: 111
[2026-07-14 13:43:01] ADS value: 24.29, Ver: 111
[2026-07-14 13:43:33] ADS value: 24.26, Ver: 111
[2026-07-14 13:44:03] ADS value: 24.26, Ver: 111
[2026-07-14 13:45:45] ADS value: 24.26, Ver: 111
[2026-07-14 13:46:16] ADS value: 24.25, Ver: 111
[2026-07-14 13:46:46] ADS value: 24.25, Ver: 111
[2026-07-14 13:47:17] ADS value: 24.28, Ver: 111
[2026-07-14 13:47:48] ADS value: 24.27, Ver: 111
[2026-07-14 13:48:18] ADS value: 24.27, Ver: 111
[2026-07-14 13:48:49] ADS value: 24.26, Ver: 111
[2026-07-14 13:49:19] ADS value: 24.21, Ver: 111
[2026-07-14 13:49:50] ADS value: 24.27, Ver: 111
[2026-07-14 13:50:21] ADS value: 24.24, Ver: 111
[2026-07-14 13:50:52] ADS value: 24.26, Ver: 111
[2026-07-14 13:51:23] ADS value: 24.25, Ver: 111
[2026-07-14 13:51:54] ADS value: 24.28, Ver: 111
[2026-07-14 13:52:25] ADS value: 24.26, Ver: 111
[2026-07-14 13:52:56] ADS value: 24.26, Ver: 111
[2026-07-14 13:53:30] ADS value: 24.27, Ver: 111
[2026-07-14 13:54:00] ADS value: 24.25, Ver: 111
[2026-07-14 13:54:31] ADS value: 24.24, Ver: 111
[2026-07-14 13:55:02] ADS value: 24.31, Ver: 111
[2026-07-14 13:55:33] ADS value: 24.31, Ver: 111
[2026-07-14 13:56:04] ADS value: 24.31, Ver: 111
[2026-07-14 13:56:35] ADS value: 24.31, Ver: 111
[2026-07-14 13:57:06] ADS value: 24.31, Ver: 111
[2026-07-14 13:57:37] ADS value: 24.30, Ver: 111
[2026-07-14 13:58:08] ADS value: 24.31, Ver: 111
[2026-07-14 13:58:38] ADS value: 23.88, Ver: 111
[2026-07-14 13:59:09] ADS value: 24.27, Ver: 111
[2026-07-14 13:59:40] ADS value: 24.30, Ver: 111
[2026-07-14 14:00:11] ADS value: 24.30, Ver: 111
[2026-07-14 14:00:42] ADS value: 24.31, Ver: 111
[2026-07-14 14:01:13] ADS value: 24.30, Ver: 111
[2026-07-14 14:01:44] ADS value: 24.30, Ver: 111
[2026-07-14 14:02:15] ADS value: 24.30, Ver: 111
[2026-07-14 14:02:46] ADS value: 24.25, Ver: 111
[2026-07-14 14:03:17] ADS value: 24.28, Ver: 111
[2026-07-14 14:03:48] ADS value: 24.24, Ver: 111
[2026-07-14 14:04:19] ADS value: 24.28, Ver: 111
[2026-07-14 14:04:49] ADS value: 24.24, Ver: 111
[2026-07-14 14:05:55] ADS value: 24.25, Ver: 111
[2026-07-14 14:06:26] ADS value: 24.24, Ver: 111
[2026-07-14 14:06:57] ADS value: 24.26, Ver: 111
[2026-07-14 14:07:28] ADS value: 24.27, Ver: 111
[2026-07-14 14:07:59] ADS value: 24.26, Ver: 111
[2026-07-14 14:08:30] ADS value: 24.26, Ver: 111
[2026-07-14 14:09:01] ADS value: 24.27, Ver: 111
[2026-07-14 14:09:32] ADS value: 24.24, Ver: 111
[2026-07-14 14:10:38] ADS value: 24.25, Ver: 111
[2026-07-14 14:11:09] ADS value: 24.26, Ver: 111
[2026-07-14 14:11:40] ADS value: 24.25, Ver: 111
[2026-07-14 14:12:11] ADS value: 24.27, Ver: 111
[2026-07-14 14:12:42] ADS value: 24.25, Ver: 111
[2026-07-14 14:13:13] ADS value: 24.27, Ver: 111
[2026-07-14 14:13:44] ADS value: 24.26, Ver: 111
[2026-07-14 14:14:15] ADS value: 24.25, Ver: 111
[2026-07-14 14:14:46] ADS value: 24.26, Ver: 111
[2026-07-14 14:15:17] ADS value: 24.25, Ver: 111
[2026-07-14 14:15:48] ADS value: 24.24, Ver: 111
[2026-07-14 14:16:19] ADS value: 24.26, Ver: 111
[2026-07-14 14:16:50] ADS value: 24.25, Ver: 111
[2026-07-14 14:17:21] ADS value: 24.24, Ver: 111
[2026-07-14 14:17:52] ADS value: 24.25, Ver: 111
[2026-07-14 14:18:58] ADS value: 24.24, Ver: 111
[2026-07-14 14:19:29] ADS value: 24.26, Ver: 111
[2026-07-14 14:20:00] ADS value: 24.28, Ver: 111
[2026-07-14 14:20:31] ADS value: 24.25, Ver: 111
[2026-07-14 14:21:02] ADS value: 24.28, Ver: 111
[2026-07-14 14:21:33] ADS value: 24.26, Ver: 111
[2026-07-14 14:22:03] ADS value: 24.25, Ver: 111
[2026-07-14 14:22:34] ADS value: 24.24, Ver: 111
[2026-07-14 14:23:05] ADS value: 24.27, Ver: 111
[2026-07-14 14:23:36] ADS value: 24.26, Ver: 111
[2026-07-14 14:24:07] ADS value: 24.26, Ver: 111
[2026-07-14 14:24:38] ADS value: 24.25, Ver: 111
[2026-07-14 14:25:09] ADS value: 24.24, Ver: 111
[2026-07-14 14:25:40] ADS value: 24.25, Ver: 111
[2026-07-14 14:26:10] ADS value: 24.25, Ver: 111
[2026-07-14 14:26:41] ADS value: 24.26, Ver: 111
[2026-07-14 14:27:12] ADS value: 24.25, Ver: 111
[2026-07-14 14:27:43] ADS value: 24.27, Ver: 111
[2026-07-14 14:28:13] ADS value: 24.27, Ver: 111
[2026-07-14 14:28:44] ADS value: 24.26, Ver: 111
[2026-07-14 14:29:15] ADS value: 24.26, Ver: 111
[2026-07-14 14:29:46] ADS value: 24.25, Ver: 111
[2026-07-14 14:30:17] ADS value: 24.25, Ver: 111
[2026-07-14 14:30:48] ADS value: 24.26, Ver: 111
[2026-07-14 14:31:57] ADS value: 24.25, Ver: 111
[2026-07-14 14:32:28] ADS value: 24.27, Ver: 111
[2026-07-14 14:32:58] ADS value: 24.25, Ver: 111
[2026-07-14 14:33:29] ADS value: 24.27, Ver: 111
[2026-07-14 14:34:00] ADS value: 24.27, Ver: 111
[2026-07-14 14:34:31] ADS value: 24.26, Ver: 111
[2026-07-14 14:35:02] ADS value: 24.25, Ver: 111
[2026-07-14 14:35:33] ADS value: 24.25, Ver: 111
[2026-07-14 14:36:39] ADS value: 24.25, Ver: 111
[2026-07-14 14:37:10] ADS value: 24.27, Ver: 111
[2026-07-14 14:37:41] ADS value: 24.25, Ver: 111
[2026-07-14 14:38:12] ADS value: 24.25, Ver: 111
[2026-07-14 14:38:43] ADS value: 24.26, Ver: 111
[2026-07-14 14:39:14] ADS value: 24.25, Ver: 111
[2026-07-14 14:39:45] ADS value: 24.28, Ver: 111
[2026-07-14 14:40:16] ADS value: 24.24, Ver: 111
[2026-07-14 14:40:47] ADS value: 24.23, Ver: 111
[2026-07-14 14:41:18] ADS value: 24.25, Ver: 111
[2026-07-14 14:41:49] ADS value: 24.25, Ver: 111
[2026-07-14 14:42:20] ADS value: 24.26, Ver: 111
[2026-07-14 14:42:50] ADS value: 24.26, Ver: 111
[2026-07-14 14:43:21] ADS value: 24.24, Ver: 111
[2026-07-14 14:43:52] ADS value: 24.25, Ver: 111
[2026-07-14 14:45:34] ADS value: 24.25, Ver: 111
[2026-07-14 14:46:04] ADS value: 24.25, Ver: 111
[2026-07-14 14:46:35] ADS value: 24.26, Ver: 111
[2026-07-14 14:47:06] ADS value: 24.24, Ver: 111
[2026-07-14 14:47:37] ADS value: 24.25, Ver: 111
[2026-07-14 14:48:08] ADS value: 24.25, Ver: 111
[2026-07-14 14:48:39] ADS value: 24.24, Ver: 111
[2026-07-14 14:49:45] ADS value: 24.24, Ver: 111
[2026-07-14 14:50:16] ADS value: 24.25, Ver: 111
[2026-07-14 14:50:47] ADS value: 24.25, Ver: 111
[2026-07-14 14:51:17] ADS value: 24.25, Ver: 111
[2026-07-14 14:51:48] ADS value: 24.23, Ver: 111
[2026-07-14 14:52:18] ADS value: 24.23, Ver: 111
[2026-07-14 14:52:50] ADS value: 24.27, Ver: 111
[2026-07-14 14:53:21] ADS value: 24.24, Ver: 111
[2026-07-14 14:53:51] ADS value: 24.25, Ver: 111
[2026-07-14 14:54:22] ADS value: 24.23, Ver: 111
[2026-07-14 14:54:53] ADS value: 24.25, Ver: 111
[2026-07-14 14:55:24] ADS value: 24.25, Ver: 111
[2026-07-14 14:55:55] ADS value: 24.23, Ver: 111
[2026-07-14 14:56:26] ADS value: 24.24, Ver: 111
[2026-07-14 14:56:57] ADS value: 24.25, Ver: 111
[2026-07-14 14:58:38] ADS value: 24.26, Ver: 111
[2026-07-14 14:59:09] ADS value: 24.24, Ver: 111
[2026-07-14 14:59:40] ADS value: 24.24, Ver: 111
[2026-07-14 15:00:11] ADS value: 24.24, Ver: 111
[2026-07-14 15:00:42] ADS value: 24.23, Ver: 111
[2026-07-14 15:01:13] ADS value: 24.23, Ver: 111
[2026-07-14 15:01:47] ADS value: 24.25, Ver: 111
[2026-07-14 15:02:18] ADS value: 24.26, Ver: 111
[2026-07-14 15:02:49] ADS value: 24.25, Ver: 111
[2026-07-14 15:03:20] ADS value: 24.23, Ver: 111
[2026-07-14 15:03:50] ADS value: 24.25, Ver: 111
[2026-07-14 15:04:21] ADS value: 24.27, Ver: 111
[2026-07-14 15:04:52] ADS value: 24.26, Ver: 111
[2026-07-14 15:05:23] ADS value: 24.23, Ver: 111
[2026-07-14 15:05:53] ADS value: 24.23, Ver: 111
[2026-07-14 15:06:24] ADS value: 24.23, Ver: 111
[2026-07-14 15:07:02] ADS value: 24.24, Ver: 111
[2026-07-14 15:07:31] ADS value: 24.24, Ver: 111
[2026-07-14 15:08:02] ADS value: 24.24, Ver: 111
[2026-07-14 15:08:33] ADS value: 24.25, Ver: 111
[2026-07-14 15:09:04] ADS value: 24.26, Ver: 111
[2026-07-14 15:09:35] ADS value: 24.24, Ver: 111
[2026-07-14 15:10:06] ADS value: 24.24, Ver: 111
[2026-07-14 15:11:48] ADS value: 24.25, Ver: 111
[2026-07-14 15:12:19] ADS value: 24.25, Ver: 111
[2026-07-14 15:12:53] ADS value: 24.23, Ver: 111
[2026-07-14 15:13:23] ADS value: 24.25, Ver: 111
[2026-07-14 15:13:53] ADS value: 24.24, Ver: 111
[2026-07-14 15:14:24] ADS value: 24.23, Ver: 111
[2026-07-14 15:14:55] ADS value: 24.23, Ver: 111
[2026-07-14 15:15:29] ADS value: 24.24, Ver: 111
[2026-07-14 15:16:00] ADS value: 24.23, Ver: 111
[2026-07-14 15:16:31] ADS value: 24.24, Ver: 111
[2026-07-14 15:17:02] ADS value: 24.24, Ver: 111
[2026-07-14 15:17:33] ADS value: 24.23, Ver: 111
[2026-07-14 15:18:04] ADS value: 24.23, Ver: 111
[2026-07-14 15:18:35] ADS value: 24.26, Ver: 111
[2026-07-14 15:19:06] ADS value: 24.26, Ver: 111
[2026-07-14 15:19:36] ADS value: 24.25, Ver: 111
[2026-07-14 15:20:07] ADS value: 24.25, Ver: 111
[2026-07-14 15:20:38] ADS value: 24.24, Ver: 111
[2026-07-14 15:21:08] ADS value: 24.25, Ver: 111
[2026-07-14 15:21:39] ADS value: 24.23, Ver: 111
[2026-07-14 15:22:10] ADS value: 24.23, Ver: 111
[2026-07-14 15:22:40] ADS value: 24.25, Ver: 111
[2026-07-14 15:23:11] ADS value: 24.22, Ver: 111
[2026-07-14 15:24:20] ADS value: 24.23, Ver: 111
[2026-07-14 15:25:26] ADS value: 24.23, Ver: 111
[2026-07-14 15:25:57] ADS value: 24.25, Ver: 111
[2026-07-14 15:27:01] ADS value: 24.22, Ver: 111
[2026-07-14 15:27:32] ADS value: 24.24, Ver: 111
[2026-07-14 15:28:03] ADS value: 24.23, Ver: 111
[2026-07-14 15:28:37] ADS value: 24.24, Ver: 111
[2026-07-14 15:29:08] ADS value: 24.24, Ver: 111
[2026-07-14 15:29:39] ADS value: 24.23, Ver: 111
[2026-07-14 15:30:10] ADS value: 24.25, Ver: 111
[2026-07-14 15:30:40] ADS value: 24.24, Ver: 111
[2026-07-14 15:31:11] ADS value: 24.23, Ver: 111
[2026-07-14 15:31:41] ADS value: 24.22, Ver: 111
[2026-07-14 15:32:12] ADS value: 24.26, Ver: 111
[2026-07-14 15:32:43] ADS value: 24.23, Ver: 111
[2026-07-14 15:33:14] ADS value: 24.24, Ver: 111
[2026-07-14 15:33:45] ADS value: 24.25, Ver: 111
[2026-07-14 15:34:16] ADS value: 24.22, Ver: 111
[2026-07-14 15:34:47] ADS value: 24.26, Ver: 111
[2026-07-14 15:35:18] ADS value: 24.26, Ver: 111
[2026-07-14 15:35:49] ADS value: 24.24, Ver: 111
[2026-07-14 15:36:20] ADS value: 24.22, Ver: 111
[2026-07-14 15:37:26] ADS value: 24.26, Ver: 111
[2026-07-14 15:37:57] ADS value: 24.23, Ver: 111
[2026-07-14 15:38:28] ADS value: 24.24, Ver: 111
[2026-07-14 15:38:59] ADS value: 24.24, Ver: 111
[2026-07-14 15:39:30] ADS value: 24.25, Ver: 111
[2026-07-14 15:40:01] ADS value: 24.24, Ver: 111
[2026-07-14 15:40:31] ADS value: 24.24, Ver: 111
[2026-07-14 15:41:02] ADS value: 24.22, Ver: 111
[2026-07-14 15:42:09] ADS value: 24.23, Ver: 111
[2026-07-14 15:42:40] ADS value: 24.24, Ver: 111
[2026-07-14 15:43:11] ADS value: 24.24, Ver: 111
[2026-07-14 15:43:42] ADS value: 24.25, Ver: 111
[2026-07-14 15:44:12] ADS value: 24.23, Ver: 111
[2026-07-14 15:44:43] ADS value: 24.24, Ver: 111
[2026-07-14 15:45:14] ADS value: 24.23, Ver: 111
[2026-07-14 15:45:45] ADS value: 24.24, Ver: 111
[2026-07-14 15:46:15] ADS value: 24.25, Ver: 111
[2026-07-14 15:46:46] ADS value: 24.23, Ver: 111
[2026-07-14 15:47:17] ADS value: 24.24, Ver: 111
[2026-07-14 15:47:48] ADS value: 24.24, Ver: 111
[2026-07-14 15:48:19] ADS value: 24.24, Ver: 111
[2026-07-14 15:48:50] ADS value: 24.24, Ver: 111
[2026-07-14 15:49:21] ADS value: 24.23, Ver: 111
[2026-07-14 15:51:38] ADS value: 24.22, Ver: 111
[2026-07-14 15:52:09] ADS value: 24.24, Ver: 111
[2026-07-14 15:52:40] ADS value: 24.23, Ver: 111
[2026-07-14 15:53:11] ADS value: 24.24, Ver: 111
[2026-07-14 15:53:42] ADS value: 24.24, Ver: 111
[2026-07-14 15:54:16] ADS value: 24.26, Ver: 111
[2026-07-14 15:55:22] ADS value: 24.24, Ver: 111
[2026-07-14 15:55:53] ADS value: 24.22, Ver: 111
[2026-07-14 15:56:24] ADS value: 24.22, Ver: 111
[2026-07-14 15:56:55] ADS value: 24.24, Ver: 111
[2026-07-14 15:57:26] ADS value: 24.23, Ver: 111
[2026-07-14 15:57:56] ADS value: 24.24, Ver: 111
[2026-07-14 15:58:27] ADS value: 24.25, Ver: 111
[2026-07-14 15:58:57] ADS value: 24.24, Ver: 111
[2026-07-14 15:59:28] ADS value: 24.22, Ver: 111
[2026-07-14 15:59:59] ADS value: 24.22, Ver: 111
[2026-07-14 16:00:30] ADS value: 24.23, Ver: 111
[2026-07-14 16:01:01] ADS value: 24.23, Ver: 111
[2026-07-14 16:01:32] ADS value: 24.22, Ver: 111
[2026-07-14 16:02:03] ADS value: 24.22, Ver: 111
[2026-07-14 16:02:34] ADS value: 24.25, Ver: 111
[2026-07-14 16:03:43] ADS value: 24.24, Ver: 111
[2026-07-14 16:04:14] ADS value: 24.24, Ver: 111
[2026-07-14 16:04:45] ADS value: 24.22, Ver: 111
[2026-07-14 16:05:15] ADS value: 24.22, Ver: 111
[2026-07-14 16:05:46] ADS value: 24.23, Ver: 111
[2026-07-14 16:06:17] ADS value: 24.25, Ver: 111
[2026-07-14 16:06:48] ADS value: 24.24, Ver: 111
[2026-07-14 16:07:19] ADS value: 24.22, Ver: 111
[2026-07-14 16:08:25] ADS value: 24.22, Ver: 111
[2026-07-14 16:08:56] ADS value: 24.24, Ver: 111
[2026-07-14 16:09:26] ADS value: 24.25, Ver: 111
[2026-07-14 16:09:57] ADS value: 24.23, Ver: 111
[2026-07-14 16:10:28] ADS value: 24.24, Ver: 111
[2026-07-14 16:10:59] ADS value: 24.23, Ver: 111
[2026-07-14 16:11:30] ADS value: 24.25, Ver: 111
[2026-07-14 16:12:01] ADS value: 24.24, Ver: 111
[2026-07-14 16:12:32] ADS value: 24.22, Ver: 111
[2026-07-14 16:13:03] ADS value: 24.25, Ver: 111
[2026-07-14 16:13:34] ADS value: 24.24, Ver: 111
[2026-07-14 16:14:05] ADS value: 24.23, Ver: 111
[2026-07-14 16:14:36] ADS value: 24.22, Ver: 111
[2026-07-14 16:15:07] ADS value: 24.22, Ver: 111
[2026-07-14 16:15:38] ADS value: 24.23, Ver: 111
[2026-07-14 16:17:19] ADS value: 24.24, Ver: 111
[2026-07-14 16:17:50] ADS value: 24.24, Ver: 111
[2026-07-14 16:18:21] ADS value: 24.23, Ver: 111
[2026-07-14 16:18:52] ADS value: 24.23, Ver: 111
[2026-07-14 16:19:23] ADS value: 24.23, Ver: 111
[2026-07-14 16:19:54] ADS value: 24.23, Ver: 111
[2026-07-14 16:21:00] ADS value: 24.23, Ver: 111
[2026-07-14 16:21:31] ADS value: 24.24, Ver: 111
[2026-07-14 16:22:01] ADS value: 24.25, Ver: 111
[2026-07-14 16:22:32] ADS value: 24.24, Ver: 111
[2026-07-14 16:23:03] ADS value: 24.23, Ver: 111
[2026-07-14 16:23:33] ADS value: 24.22, Ver: 111
[2026-07-14 16:24:04] ADS value: 24.23, Ver: 111
[2026-07-14 16:24:36] ADS value: 24.21, Ver: 111
[2026-07-14 16:25:07] ADS value: 24.22, Ver: 111
[2026-07-14 16:25:37] ADS value: 24.23, Ver: 111
[2026-07-14 16:26:08] ADS value: 24.24, Ver: 111
[2026-07-14 16:26:38] ADS value: 24.23, Ver: 111
[2026-07-14 16:27:09] ADS value: 24.25, Ver: 111
[2026-07-14 16:27:40] ADS value: 24.21, Ver: 111
[2026-07-14 16:28:11] ADS value: 24.22, Ver: 111
[2026-07-14 16:28:42] ADS value: 24.22, Ver: 111
[2026-07-14 16:30:23] ADS value: 24.22, Ver: 111
[2026-07-14 16:30:54] ADS value: 24.24, Ver: 111
[2026-07-14 16:31:25] ADS value: 24.21, Ver: 111
[2026-07-14 16:31:56] ADS value: 24.23, Ver: 111
[2026-07-14 16:32:27] ADS value: 24.23, Ver: 111
[2026-07-14 16:32:58] ADS value: 24.22, Ver: 111
[2026-07-14 16:33:31] ADS value: 24.22, Ver: 111
[2026-07-14 16:34:38] ADS value: 24.22, Ver: 111
[2026-07-14 16:35:08] ADS value: 24.21, Ver: 111
[2026-07-14 16:35:39] ADS value: 24.23, Ver: 111
[2026-07-14 16:36:10] ADS value: 24.22, Ver: 111
[2026-07-14 16:36:41] ADS value: 24.24, Ver: 111
[2026-07-14 16:37:12] ADS value: 24.21, Ver: 111
[2026-07-14 16:37:43] ADS value: 24.22, Ver: 111
[2026-07-14 16:38:14] ADS value: 24.24, Ver: 111
[2026-07-14 16:38:45] ADS value: 24.24, Ver: 111
[2026-07-14 16:39:16] ADS value: 24.22, Ver: 111
[2026-07-14 16:39:47] ADS value: 24.23, Ver: 111
[2026-07-14 16:40:18] ADS value: 24.25, Ver: 111
[2026-07-14 16:40:49] ADS value: 24.21, Ver: 111
[2026-07-14 16:41:20] ADS value: 24.24, Ver: 111
[2026-07-14 16:41:51] ADS value: 24.21, Ver: 111
[2026-07-14 16:43:33] ADS value: 24.23, Ver: 111
[2026-07-14 16:44:03] ADS value: 24.22, Ver: 111
[2026-07-14 16:44:34] ADS value: 24.21, Ver: 111
[2026-07-14 16:45:05] ADS value: 24.25, Ver: 111
[2026-07-14 16:45:36] ADS value: 24.23, Ver: 111
[2026-07-14 16:46:07] ADS value: 24.23, Ver: 111
[2026-07-14 16:46:38] ADS value: 24.23, Ver: 111
[2026-07-14 16:47:44] ADS value: 24.23, Ver: 111
[2026-07-14 16:48:15] ADS value: 24.22, Ver: 111
[2026-07-14 16:48:46] ADS value: 24.22, Ver: 111
[2026-07-14 16:49:17] ADS value: 24.25, Ver: 111
[2026-07-14 16:49:48] ADS value: 24.21, Ver: 111
[2026-07-14 16:50:19] ADS value: 24.22, Ver: 111
[2026-07-14 16:50:50] ADS value: 24.23, Ver: 111
[2026-07-14 16:51:21] ADS value: 24.22, Ver: 111
[2026-07-14 16:51:52] ADS value: 24.22, Ver: 111
[2026-07-14 16:52:23] ADS value: 24.23, Ver: 111
[2026-07-14 16:52:54] ADS value: 24.22, Ver: 111
[2026-07-14 16:53:25] ADS value: 24.21, Ver: 111
[2026-07-14 16:53:55] ADS value: 24.23, Ver: 111
[2026-07-14 16:54:26] ADS value: 24.23, Ver: 111
[2026-07-14 16:54:57] ADS value: 24.23, Ver: 111
[2026-07-14 16:56:03] ADS value: 24.25, Ver: 111
[2026-07-14 16:56:34] ADS value: 24.23, Ver: 111
[2026-07-14 16:57:05] ADS value: 24.23, Ver: 111
[2026-07-14 16:57:35] ADS value: 24.25, Ver: 111
[2026-07-14 16:58:06] ADS value: 24.21, Ver: 111
[2026-07-14 16:58:36] ADS value: 24.23, Ver: 111
[2026-07-14 16:59:07] ADS value: 24.25, Ver: 111
[2026-07-14 16:59:38] ADS value: 24.22, Ver: 111
[2026-07-14 17:00:45] ADS value: 24.22, Ver: 111
[2026-07-14 17:01:16] ADS value: 24.22, Ver: 111
[2026-07-14 17:01:47] ADS value: 24.21, Ver: 111
[2026-07-14 17:02:18] ADS value: 24.23, Ver: 111
[2026-07-14 17:02:49] ADS value: 24.22, Ver: 111
[2026-07-14 17:03:19] ADS value: 24.21, Ver: 111
[2026-07-14 17:03:50] ADS value: 24.23, Ver: 111
[2026-07-14 17:05:03] ADS value: 24.22, Ver: 111
[2026-07-14 17:05:34] ADS value: 24.22, Ver: 111
[2026-07-14 17:06:05] ADS value: 24.24, Ver: 111
[2026-07-14 17:06:36] ADS value: 24.25, Ver: 111
[2026-07-14 17:07:07] ADS value: 24.21, Ver: 111
[2026-07-14 17:07:38] ADS value: 24.23, Ver: 111
[2026-07-14 17:08:09] ADS value: 24.23, Ver: 111
[2026-07-14 17:09:51] ADS value: 24.23, Ver: 111
[2026-07-14 17:10:22] ADS value: 24.21, Ver: 111
[2026-07-14 17:10:52] ADS value: 24.23, Ver: 111
[2026-07-14 17:11:23] ADS value: 24.20, Ver: 111
[2026-07-14 17:11:53] ADS value: 24.21, Ver: 111
[2026-07-14 17:12:24] ADS value: 24.24, Ver: 111
[2026-07-14 17:12:55] ADS value: 24.24, Ver: 111
[2026-07-14 17:14:01] ADS value: 24.25, Ver: 111
[2026-07-14 17:14:32] ADS value: 24.21, Ver: 111
[2026-07-14 17:15:03] ADS value: 24.22, Ver: 111
[2026-07-14 17:15:34] ADS value: 24.22, Ver: 111
[2026-07-14 17:16:05] ADS value: 24.21, Ver: 111
[2026-07-14 17:16:35] ADS value: 24.23, Ver: 111
[2026-07-14 17:17:06] ADS value: 24.23, Ver: 111
[2026-07-14 17:17:37] ADS value: 24.21, Ver: 111
[2026-07-14 17:18:09] ADS value: 24.21, Ver: 111
[2026-07-14 17:18:39] ADS value: 24.22, Ver: 111
[2026-07-14 17:19:10] ADS value: 24.24, Ver: 111
[2026-07-14 17:19:41] ADS value: 24.21, Ver: 111
[2026-07-14 17:20:12] ADS value: 24.23, Ver: 111
[2026-07-14 17:20:43] ADS value: 24.21, Ver: 111
[2026-07-14 17:21:14] ADS value: 24.22, Ver: 111
[2026-07-14 17:22:23] ADS value: 24.21, Ver: 111
[2026-07-14 17:22:53] ADS value: 24.21, Ver: 111
[2026-07-14 17:23:24] ADS value: 24.24, Ver: 111
[2026-07-14 17:23:55] ADS value: 24.22, Ver: 111
[2026-07-14 17:24:27] ADS value: 24.24, Ver: 111
[2026-07-14 17:24:58] ADS value: 24.20, Ver: 111
[2026-07-14 17:25:29] ADS value: 24.24, Ver: 111
[2026-07-14 17:26:00] ADS value: 24.22, Ver: 111
[2026-07-14 17:27:06] ADS value: 24.22, Ver: 111
[2026-07-14 17:27:37] ADS value: 24.22, Ver: 111
[2026-07-14 17:28:08] ADS value: 24.21, Ver: 111
[2026-07-14 17:28:39] ADS value: 24.22, Ver: 111
[2026-07-14 17:29:10] ADS value: 24.22, Ver: 111
[2026-07-14 17:29:41] ADS value: 24.23, Ver: 111
[2026-07-14 17:30:12] ADS value: 24.20, Ver: 111
[2026-07-14 17:30:43] ADS value: 24.22, Ver: 111
[2026-07-14 17:31:13] ADS value: 24.24, Ver: 111
[2026-07-14 17:31:44] ADS value: 24.24, Ver: 111
[2026-07-14 17:32:15] ADS value: 24.24, Ver: 111
[2026-07-14 17:32:45] ADS value: 24.22, Ver: 111
[2026-07-14 17:33:16] ADS value: 24.23, Ver: 111
[2026-07-14 17:33:48] ADS value: 24.23, Ver: 111
[2026-07-14 17:34:18] ADS value: 24.21, Ver: 111
[2026-07-14 17:36:00] ADS value: 24.21, Ver: 111
[2026-07-14 17:36:31] ADS value: 24.22, Ver: 111
[2026-07-14 17:37:02] ADS value: 24.21, Ver: 111
[2026-07-14 17:37:33] ADS value: 24.21, Ver: 111
[2026-07-14 17:38:04] ADS value: 24.22, Ver: 111
[2026-07-14 17:38:36] ADS value: 24.21, Ver: 111
[2026-07-14 17:39:07] ADS value: 24.24, Ver: 111
[2026-07-14 17:40:14] ADS value: 24.21, Ver: 111
[2026-07-14 17:40:44] ADS value: 24.21, Ver: 111
[2026-07-14 17:41:15] ADS value: 24.24, Ver: 111
[2026-07-14 17:41:46] ADS value: 24.22, Ver: 111
[2026-07-14 17:42:16] ADS value: 24.22, Ver: 111
[2026-07-14 17:42:47] ADS value: 24.21, Ver: 111
[2026-07-14 17:43:18] ADS value: 24.24, Ver: 111
[2026-07-14 17:43:49] ADS value: 24.21, Ver: 111
[2026-07-14 17:44:20] ADS value: 24.23, Ver: 111
[2026-07-14 17:44:50] ADS value: 24.20, Ver: 111
[2026-07-14 17:45:21] ADS value: 24.22, Ver: 111
[2026-07-14 17:45:52] ADS value: 24.24, Ver: 111
[2026-07-14 17:46:22] ADS value: 24.24, Ver: 111
[2026-07-14 17:46:53] ADS value: 24.20, Ver: 111
[2026-07-14 17:47:24] ADS value: 24.22, Ver: 111
[2026-07-14 17:47:55] ADS value: 24.23, Ver: 111
[2026-07-14 17:48:28] ADS value: 24.21, Ver: 111
[2026-07-14 17:48:59] ADS value: 24.24, Ver: 111
[2026-07-14 17:49:30] ADS value: 24.23, Ver: 111
[2026-07-14 17:50:00] ADS value: 24.20, Ver: 111
[2026-07-14 17:50:31] ADS value: 24.22, Ver: 111
[2026-07-14 17:51:02] ADS value: 24.23, Ver: 111
[2026-07-14 17:51:33] ADS value: 24.21, Ver: 111
[2026-07-14 17:52:04] ADS value: 24.22, Ver: 111
[2026-07-14 17:53:10] ADS value: 24.22, Ver: 111
[2026-07-14 17:53:40] ADS value: 24.22, Ver: 111
[2026-07-14 17:54:11] ADS value: 24.24, Ver: 111
[2026-07-14 17:54:42] ADS value: 24.21, Ver: 111
[2026-07-14 17:55:12] ADS value: 24.22, Ver: 111
[2026-07-14 17:55:43] ADS value: 24.22, Ver: 111
[2026-07-14 17:56:14] ADS value: 24.20, Ver: 111
[2026-07-14 17:56:45] ADS value: 24.22, Ver: 111
[2026-07-14 17:57:16] ADS value: 24.22, Ver: 111
[2026-07-14 17:57:47] ADS value: 24.23, Ver: 111
[2026-07-14 17:58:17] ADS value: 24.20, Ver: 111
[2026-07-14 17:58:48] ADS value: 24.23, Ver: 111
[2026-07-14 17:59:19] ADS value: 24.24, Ver: 111
[2026-07-14 17:59:50] ADS value: 24.21, Ver: 111
[2026-07-14 18:00:21] ADS value: 24.22, Ver: 111
[2026-07-14 18:02:02] ADS value: 24.23, Ver: 111
[2026-07-14 18:02:33] ADS value: 24.20, Ver: 111
[2026-07-14 18:03:04] ADS value: 24.21, Ver: 111
[2026-07-14 18:03:35] ADS value: 24.21, Ver: 111
[2026-07-14 18:04:06] ADS value: 24.22, Ver: 111
[2026-07-14 18:04:37] ADS value: 24.22, Ver: 111
[2026-07-14 18:05:08] ADS value: 24.22, Ver: 111
[2026-07-14 18:06:15] ADS value: 24.21, Ver: 111
[2026-07-14 18:06:46] ADS value: 24.22, Ver: 111
[2026-07-14 18:07:17] ADS value: 24.22, Ver: 111
[2026-07-14 18:07:48] ADS value: 24.23, Ver: 111
[2026-07-14 18:08:19] ADS value: 24.21, Ver: 111
[2026-07-14 18:08:50] ADS value: 24.21, Ver: 111
[2026-07-14 18:09:21] ADS value: 24.22, Ver: 111
[2026-07-14 18:09:52] ADS value: 24.20, Ver: 111
[2026-07-14 18:10:22] ADS value: 24.23, Ver: 111
[2026-07-14 18:10:53] ADS value: 24.20, Ver: 111
[2026-07-14 18:11:24] ADS value: 24.22, Ver: 111
[2026-07-14 18:11:55] ADS value: 24.21, Ver: 111
[2026-07-14 18:12:26] ADS value: 24.20, Ver: 111
[2026-07-14 18:12:57] ADS value: 24.21, Ver: 111
[2026-07-14 18:13:28] ADS value: 24.23, Ver: 111
[2026-07-14 18:15:10] ADS value: 24.21, Ver: 111
[2026-07-14 18:15:40] ADS value: 24.20, Ver: 111
[2026-07-14 18:16:11] ADS value: 24.21, Ver: 111
[2026-07-14 18:16:42] ADS value: 24.22, Ver: 111
[2026-07-14 18:17:13] ADS value: 24.22, Ver: 111
[2026-07-14 18:17:44] ADS value: 24.21, Ver: 111
[2026-07-14 18:18:15] ADS value: 24.23, Ver: 111
[2026-07-14 18:19:22] ADS value: 24.20, Ver: 111
[2026-07-14 18:19:53] ADS value: 24.22, Ver: 111
[2026-07-14 18:20:23] ADS value: 24.23, Ver: 111
[2026-07-14 18:20:54] ADS value: 24.22, Ver: 111
[2026-07-14 18:21:25] ADS value: 24.23, Ver: 111
[2026-07-14 18:21:56] ADS value: 24.21, Ver: 111
[2026-07-14 18:22:27] ADS value: 24.20, Ver: 111
[2026-07-14 18:22:58] ADS value: 24.21, Ver: 111
[2026-07-14 18:23:28] ADS value: 24.23, Ver: 111
[2026-07-14 18:23:59] ADS value: 24.20, Ver: 111
[2026-07-14 18:24:29] ADS value: 24.22, Ver: 111
[2026-07-14 18:25:01] ADS value: 24.20, Ver: 111
[2026-07-14 18:25:32] ADS value: 24.24, Ver: 111
[2026-07-14 18:26:02] ADS value: 24.20, Ver: 111
[2026-07-14 18:26:33] ADS value: 24.21, Ver: 111
[2026-07-14 18:28:14] ADS value: 24.21, Ver: 111
[2026-07-14 18:28:45] ADS value: 24.22, Ver: 111
[2026-07-14 18:29:16] ADS value: 24.20, Ver: 111
[2026-07-14 18:29:47] ADS value: 24.23, Ver: 111
[2026-07-14 18:30:18] ADS value: 24.21, Ver: 111
[2026-07-14 18:30:49] ADS value: 24.22, Ver: 111
[2026-07-14 18:31:20] ADS value: 24.23, Ver: 111
[2026-07-14 18:32:25] ADS value: 24.23, Ver: 111
[2026-07-14 18:32:56] ADS value: 24.22, Ver: 111
[2026-07-14 18:33:27] ADS value: 24.21, Ver: 111
[2026-07-14 18:33:58] ADS value: 24.23, Ver: 111
[2026-07-14 18:34:29] ADS value: 24.23, Ver: 111
[2026-07-14 18:35:00] ADS value: 24.22, Ver: 111
[2026-07-14 18:35:31] ADS value: 24.21, Ver: 111
[2026-07-14 18:36:02] ADS value: 24.20, Ver: 111
[2026-07-14 18:36:32] ADS value: 24.23, Ver: 111
[2026-07-14 18:37:03] ADS value: 24.22, Ver: 111
[2026-07-14 18:37:34] ADS value: 24.20, Ver: 111
[2026-07-14 18:38:05] ADS value: 24.22, Ver: 111
[2026-07-14 18:38:36] ADS value: 24.21, Ver: 111
[2026-07-14 18:39:06] ADS value: 24.19, Ver: 111
[2026-07-14 18:39:37] ADS value: 24.23, Ver: 111
[2026-07-14 18:40:11] ADS value: 24.20, Ver: 111
[2026-07-14 18:41:17] ADS value: 24.19, Ver: 111
[2026-07-14 18:41:48] ADS value: 24.19, Ver: 111
[2026-07-14 18:42:18] ADS value: 24.20, Ver: 111
[2026-07-14 18:42:49] ADS value: 24.23, Ver: 111
[2026-07-14 18:43:20] ADS value: 24.20, Ver: 111
[2026-07-14 18:43:51] ADS value: 24.21, Ver: 111
[2026-07-14 18:44:22] ADS value: 24.21, Ver: 111
[2026-07-14 18:45:27] ADS value: 24.21, Ver: 111
[2026-07-14 18:45:58] ADS value: 24.21, Ver: 111
[2026-07-14 18:46:29] ADS value: 24.20, Ver: 111
[2026-07-14 18:47:00] ADS value: 24.21, Ver: 111
[2026-07-14 18:47:31] ADS value: 24.20, Ver: 111
[2026-07-14 18:48:01] ADS value: 24.21, Ver: 111
[2026-07-14 18:48:32] ADS value: 24.21, Ver: 111
[2026-07-14 18:49:03] ADS value: 24.23, Ver: 111
[2026-07-14 18:49:34] ADS value: 24.20, Ver: 111
[2026-07-14 18:50:05] ADS value: 24.20, Ver: 111
[2026-07-14 18:50:36] ADS value: 24.19, Ver: 111
[2026-07-14 18:51:07] ADS value: 24.19, Ver: 111
[2026-07-14 18:51:38] ADS value: 24.22, Ver: 111
[2026-07-14 18:52:08] ADS value: 24.23, Ver: 111
[2026-07-14 18:52:39] ADS value: 24.21, Ver: 111
[2026-07-14 18:54:21] ADS value: 24.21, Ver: 111
[2026-07-14 18:54:52] ADS value: 24.21, Ver: 111
[2026-07-14 18:55:23] ADS value: 24.20, Ver: 111
[2026-07-14 18:55:54] ADS value: 24.21, Ver: 111
[2026-07-14 18:56:24] ADS value: 24.21, Ver: 111
[2026-07-14 18:56:55] ADS value: 24.22, Ver: 111
[2026-07-14 18:57:26] ADS value: 24.19, Ver: 111
[2026-07-14 18:58:33] ADS value: 24.20, Ver: 111
[2026-07-14 18:59:04] ADS value: 24.23, Ver: 111
[2026-07-14 18:59:35] ADS value: 24.21, Ver: 111
[2026-07-14 19:00:05] ADS value: 24.20, Ver: 111
[2026-07-14 19:00:36] ADS value: 24.19, Ver: 111
[2026-07-14 19:01:07] ADS value: 24.19, Ver: 111
[2026-07-14 19:01:38] ADS value: 24.18, Ver: 111
[2026-07-14 19:02:09] ADS value: 24.22, Ver: 111
[2026-07-14 19:02:40] ADS value: 24.20, Ver: 111
[2026-07-14 19:03:11] ADS value: 24.22, Ver: 111
[2026-07-14 19:03:42] ADS value: 24.23, Ver: 111
[2026-07-14 19:04:13] ADS value: 24.20, Ver: 111
[2026-07-14 19:04:44] ADS value: 24.19, Ver: 111
[2026-07-14 19:05:15] ADS value: 24.21, Ver: 111
[2026-07-14 19:05:46] ADS value: 24.23, Ver: 111
[2026-07-14 19:07:28] ADS value: 24.21, Ver: 111
[2026-07-14 19:07:59] ADS value: 24.21, Ver: 111
[2026-07-14 19:08:30] ADS value: 24.21, Ver: 111
[2026-07-14 19:09:01] ADS value: 24.21, Ver: 111
[2026-07-14 19:09:32] ADS value: 24.22, Ver: 111
[2026-07-14 19:10:02] ADS value: 24.21, Ver: 111
[2026-07-14 19:10:32] ADS value: 24.20, Ver: 111
[2026-07-14 19:11:06] ADS value: 24.19, Ver: 111
[2026-07-14 19:11:37] ADS value: 24.19, Ver: 111
[2026-07-14 19:12:08] ADS value: 24.19, Ver: 111
[2026-07-14 19:12:39] ADS value: 24.22, Ver: 111
[2026-07-14 19:13:10] ADS value: 24.20, Ver: 111
[2026-07-14 19:13:41] ADS value: 24.18, Ver: 111
[2026-07-14 19:14:11] ADS value: 24.20, Ver: 111
[2026-07-14 19:14:42] ADS value: 24.20, Ver: 111
[2026-07-14 19:15:13] ADS value: 24.20, Ver: 111
[2026-07-14 19:15:44] ADS value: 24.22, Ver: 111
[2026-07-14 19:16:15] ADS value: 24.19, Ver: 111
[2026-07-14 19:16:46] ADS value: 24.19, Ver: 111
[2026-07-14 19:17:17] ADS value: 24.18, Ver: 111
[2026-07-14 19:17:47] ADS value: 24.21, Ver: 111
[2026-07-14 19:18:18] ADS value: 24.20, Ver: 111
[2026-07-14 19:18:48] ADS value: 24.21, Ver: 111
[2026-07-14 19:19:55] ADS value: 24.18, Ver: 111
[2026-07-14 19:20:26] ADS value: 24.21, Ver: 111
[2026-07-14 19:20:56] ADS value: 24.21, Ver: 111
[2026-07-14 19:21:27] ADS value: 24.18, Ver: 111
[2026-07-14 19:21:57] ADS value: 24.19, Ver: 111
[2026-07-14 19:22:28] ADS value: 24.19, Ver: 111
[2026-07-14 19:22:59] ADS value: 24.20, Ver: 111
[2026-07-14 19:23:30] ADS value: 24.22, Ver: 111
[2026-07-14 19:24:37] ADS value: 24.19, Ver: 111
[2026-07-14 19:25:08] ADS value: 24.19, Ver: 111
[2026-07-14 19:25:38] ADS value: 24.20, Ver: 111
[2026-07-14 19:26:09] ADS value: 24.20, Ver: 111
[2026-07-14 19:26:39] ADS value: 24.20, Ver: 111
[2026-07-14 19:27:10] ADS value: 24.19, Ver: 111
[2026-07-14 19:27:41] ADS value: 24.22, Ver: 111
[2026-07-14 19:28:12] ADS value: 24.20, Ver: 111
[2026-07-14 19:28:43] ADS value: 24.20, Ver: 111
[2026-07-14 19:29:13] ADS value: 24.22, Ver: 111
[2026-07-14 19:29:44] ADS value: 24.20, Ver: 111
[2026-07-14 19:30:15] ADS value: 24.19, Ver: 111
[2026-07-14 19:30:46] ADS value: 24.20, Ver: 111
[2026-07-14 19:31:17] ADS value: 24.20, Ver: 111
[2026-07-14 19:31:47] ADS value: 24.19, Ver: 111
[2026-07-14 19:33:29] ADS value: 24.21, Ver: 111
[2026-07-14 19:34:00] ADS value: 24.22, Ver: 111
[2026-07-14 19:34:31] ADS value: 24.20, Ver: 111
[2026-07-14 19:35:02] ADS value: 24.21, Ver: 111
[2026-07-14 19:35:32] ADS value: 24.20, Ver: 111
[2026-07-14 19:36:03] ADS value: 24.18, Ver: 111
[2026-07-14 19:36:34] ADS value: 24.18, Ver: 111
[2026-07-14 19:37:40] ADS value: 24.21, Ver: 111
[2026-07-14 19:38:11] ADS value: 24.21, Ver: 111
[2026-07-14 19:38:42] ADS value: 24.18, Ver: 111
[2026-07-14 19:39:13] ADS value: 24.22, Ver: 111
[2026-07-14 19:39:44] ADS value: 24.19, Ver: 111
[2026-07-14 19:40:15] ADS value: 24.20, Ver: 111
[2026-07-14 19:40:46] ADS value: 24.21, Ver: 111
[2026-07-14 19:41:17] ADS value: 24.20, Ver: 111
[2026-07-14 19:41:48] ADS value: 24.19, Ver: 111
[2026-07-14 19:42:19] ADS value: 24.20, Ver: 111
[2026-07-14 19:42:50] ADS value: 24.19, Ver: 111
[2026-07-14 19:43:21] ADS value: 24.20, Ver: 111
[2026-07-14 19:43:52] ADS value: 24.22, Ver: 111
[2026-07-14 19:44:23] ADS value: 24.19, Ver: 111
[2026-07-14 19:44:54] ADS value: 24.22, Ver: 111
[2026-07-14 19:46:35] ADS value: 24.18, Ver: 111
[2026-07-14 19:47:06] ADS value: 24.21, Ver: 111
[2026-07-14 19:47:37] ADS value: 24.18, Ver: 111
[2026-07-14 19:48:07] ADS value: 24.20, Ver: 111
[2026-07-14 19:48:38] ADS value: 24.21, Ver: 111
[2026-07-14 19:49:09] ADS value: 24.19, Ver: 111
[2026-07-14 19:49:40] ADS value: 24.20, Ver: 111
[2026-07-14 19:50:11] ADS value: 24.20, Ver: 111
[2026-07-14 19:50:41] ADS value: 24.21, Ver: 111
[2026-07-14 19:51:12] ADS value: 24.19, Ver: 111
[2026-07-14 19:51:43] ADS value: 24.19, Ver: 111
[2026-07-14 19:52:14] ADS value: 24.22, Ver: 111
[2026-07-14 19:52:45] ADS value: 24.21, Ver: 111
[2026-07-14 19:53:16] ADS value: 24.18, Ver: 111
[2026-07-14 19:53:47] ADS value: 24.21, Ver: 111
[2026-07-14 19:54:18] ADS value: 24.20, Ver: 111
[2026-07-14 19:54:49] ADS value: 24.17, Ver: 111
[2026-07-14 19:55:20] ADS value: 24.19, Ver: 111
[2026-07-14 19:55:50] ADS value: 24.19, Ver: 111
[2026-07-14 19:56:21] ADS value: 24.18, Ver: 111
[2026-07-14 19:56:52] ADS value: 24.20, Ver: 111
[2026-07-14 19:57:23] ADS value: 24.20, Ver: 111
[2026-07-14 19:57:54] ADS value: 24.19, Ver: 111
[2026-07-14 19:59:36] ADS value: 24.18, Ver: 111
[2026-07-14 20:00:07] ADS value: 24.20, Ver: 111
[2026-07-14 20:00:38] ADS value: 24.17, Ver: 111
[2026-07-14 20:01:09] ADS value: 24.20, Ver: 111
[2026-07-14 20:01:40] ADS value: 24.21, Ver: 111
[2026-07-14 20:02:11] ADS value: 24.18, Ver: 111
[2026-07-14 20:02:41] ADS value: 24.18, Ver: 111
[2026-07-14 20:03:12] ADS value: 24.18, Ver: 111
[2026-07-14 20:03:43] ADS value: 24.17, Ver: 111
[2026-07-14 20:04:14] ADS value: 24.17, Ver: 111
[2026-07-14 20:04:44] ADS value: 24.21, Ver: 111
[2026-07-14 20:05:15] ADS value: 24.18, Ver: 111
[2026-07-14 20:05:46] ADS value: 24.21, Ver: 111
[2026-07-14 20:06:17] ADS value: 24.19, Ver: 111
[2026-07-14 20:06:48] ADS value: 24.17, Ver: 111
[2026-07-14 20:07:18] ADS value: 24.21, Ver: 111
[2026-07-14 20:07:49] ADS value: 24.18, Ver: 111
[2026-07-14 20:08:20] ADS value: 24.18, Ver: 111
[2026-07-14 20:08:51] ADS value: 24.21, Ver: 111
[2026-07-14 20:09:22] ADS value: 24.21, Ver: 111
[2026-07-14 20:09:53] ADS value: 24.20, Ver: 111
[2026-07-14 20:10:24] ADS value: 24.19, Ver: 111
[2026-07-14 20:10:55] ADS value: 24.18, Ver: 111
[2026-07-14 20:12:37] ADS value: 24.18, Ver: 111
[2026-07-14 20:13:08] ADS value: 24.19, Ver: 111
[2026-07-14 20:13:38] ADS value: 24.18, Ver: 111
[2026-07-14 20:14:09] ADS value: 24.20, Ver: 111
[2026-07-14 20:14:40] ADS value: 24.19, Ver: 111
[2026-07-14 20:15:11] ADS value: 24.18, Ver: 111
[2026-07-14 20:15:42] ADS value: 24.19, Ver: 111
[2026-07-14 20:16:48] ADS value: 24.21, Ver: 111
[2026-07-14 20:17:19] ADS value: 24.20, Ver: 111
[2026-07-14 20:17:50] ADS value: 24.20, Ver: 111
[2026-07-14 20:18:21] ADS value: 24.18, Ver: 111
[2026-07-14 20:18:52] ADS value: 24.18, Ver: 111
[2026-07-14 20:19:22] ADS value: 24.18, Ver: 111
[2026-07-14 20:19:53] ADS value: 24.20, Ver: 111
[2026-07-14 20:20:24] ADS value: 24.21, Ver: 111
[2026-07-14 20:20:55] ADS value: 24.19, Ver: 111
[2026-07-14 20:21:26] ADS value: 24.18, Ver: 111
[2026-07-14 20:21:57] ADS value: 24.18, Ver: 111
[2026-07-14 20:22:27] ADS value: 24.19, Ver: 111
[2026-07-14 20:22:58] ADS value: 24.17, Ver: 111
[2026-07-14 20:23:29] ADS value: 24.20, Ver: 111
[2026-07-14 20:24:00] ADS value: 24.18, Ver: 111
[2026-07-14 20:25:08] ADS value: 24.19, Ver: 111
[2026-07-14 20:25:39] ADS value: 24.19, Ver: 111
[2026-07-14 20:26:10] ADS value: 24.19, Ver: 111
[2026-07-14 20:26:41] ADS value: 24.19, Ver: 111
[2026-07-14 20:27:11] ADS value: 24.17, Ver: 111
[2026-07-14 20:27:42] ADS value: 24.19, Ver: 111
[2026-07-14 20:28:13] ADS value: 24.19, Ver: 111
[2026-07-14 20:28:44] ADS value: 24.19, Ver: 111
[2026-07-14 20:29:50] ADS value: 24.17, Ver: 111
[2026-07-14 20:30:21] ADS value: 24.19, Ver: 111
[2026-07-14 20:30:52] ADS value: 24.18, Ver: 111
[2026-07-14 20:31:23] ADS value: 24.21, Ver: 111
[2026-07-14 20:31:53] ADS value: 24.20, Ver: 111
[2026-07-14 20:32:24] ADS value: 24.17, Ver: 111
[2026-07-14 20:32:55] ADS value: 24.17, Ver: 111
[2026-07-14 20:33:26] ADS value: 24.17, Ver: 111
[2026-07-14 20:33:57] ADS value: 24.18, Ver: 111
[2026-07-14 20:34:28] ADS value: 24.17, Ver: 111
[2026-07-14 20:34:59] ADS value: 24.20, Ver: 111
[2026-07-14 20:35:30] ADS value: 24.20, Ver: 111
[2026-07-14 20:36:01] ADS value: 24.18, Ver: 111
[2026-07-14 20:36:32] ADS value: 24.17, Ver: 111
[2026-07-14 20:37:03] ADS value: 24.18, Ver: 111
[2026-07-14 20:37:34] ADS value: 24.19, Ver: 111
[2026-07-14 20:38:39] ADS value: 24.21, Ver: 111
[2026-07-14 20:39:10] ADS value: 24.17, Ver: 111
[2026-07-14 20:39:41] ADS value: 24.17, Ver: 111
[2026-07-14 20:40:11] ADS value: 24.19, Ver: 111
[2026-07-14 20:40:42] ADS value: 24.16, Ver: 111
[2026-07-14 20:41:13] ADS value: 24.18, Ver: 111
[2026-07-14 20:41:44] ADS value: 24.19, Ver: 111
[2026-07-14 20:42:50] ADS value: 24.19, Ver: 111
[2026-07-14 20:43:20] ADS value: 24.18, Ver: 111
[2026-07-14 20:43:51] ADS value: 24.16, Ver: 111
[2026-07-14 20:44:22] ADS value: 24.18, Ver: 111
[2026-07-14 20:44:53] ADS value: 24.17, Ver: 111
[2026-07-14 20:45:24] ADS value: 24.19, Ver: 111
[2026-07-14 20:45:54] ADS value: 24.18, Ver: 111
[2026-07-14 20:46:25] ADS value: 24.19, Ver: 111
[2026-07-14 20:46:56] ADS value: 24.16, Ver: 111
[2026-07-14 20:47:27] ADS value: 24.19, Ver: 111
[2026-07-14 20:47:57] ADS value: 24.18, Ver: 111
[2026-07-14 20:48:28] ADS value: 24.18, Ver: 111
[2026-07-14 20:48:58] ADS value: 24.16, Ver: 111
[2026-07-14 20:49:29] ADS value: 24.20, Ver: 111
[2026-07-14 20:50:00] ADS value: 24.20, Ver: 111
[2026-07-14 20:51:06] ADS value: 24.17, Ver: 111
[2026-07-14 20:51:37] ADS value: 24.17, Ver: 111
[2026-07-14 20:52:08] ADS value: 24.19, Ver: 111
[2026-07-14 20:52:38] ADS value: 24.16, Ver: 111
[2026-07-14 20:53:09] ADS value: 24.18, Ver: 111
[2026-07-14 20:53:40] ADS value: 24.20, Ver: 111
[2026-07-14 20:54:11] ADS value: 24.18, Ver: 111
[2026-07-14 20:54:41] ADS value: 24.18, Ver: 111
[2026-07-14 20:55:12] ADS value: 24.16, Ver: 111
[2026-07-14 20:55:43] ADS value: 24.17, Ver: 111
[2026-07-14 20:56:14] ADS value: 24.18, Ver: 111
[2026-07-14 20:56:45] ADS value: 24.16, Ver: 111
[2026-07-14 20:57:16] ADS value: 24.20, Ver: 111
[2026-07-14 20:57:47] ADS value: 24.17, Ver: 111
[2026-07-14 20:58:18] ADS value: 24.16, Ver: 111
[2026-07-14 20:58:48] ADS value: 24.18, Ver: 111
[2026-07-14 20:59:19] ADS value: 24.19, Ver: 111
[2026-07-14 20:59:53] ADS value: 24.18, Ver: 111
[2026-07-14 21:00:24] ADS value: 24.16, Ver: 111
[2026-07-14 21:00:55] ADS value: 24.16, Ver: 111
[2026-07-14 21:01:25] ADS value: 24.17, Ver: 111
[2026-07-14 21:01:56] ADS value: 24.18, Ver: 111
[2026-07-14 21:02:27] ADS value: 24.16, Ver: 111
[2026-07-14 21:02:58] ADS value: 24.17, Ver: 111
[2026-07-14 21:04:40] ADS value: 24.18, Ver: 111
[2026-07-14 21:05:11] ADS value: 24.16, Ver: 111
[2026-07-14 21:05:42] ADS value: 24.18, Ver: 111
[2026-07-14 21:06:12] ADS value: 24.17, Ver: 111
[2026-07-14 21:06:43] ADS value: 24.15, Ver: 111
[2026-07-14 21:07:14] ADS value: 24.16, Ver: 111
[2026-07-14 21:07:44] ADS value: 24.18, Ver: 111
[2026-07-14 21:08:51] ADS value: 24.17, Ver: 111
[2026-07-14 21:09:22] ADS value: 24.15, Ver: 111
[2026-07-14 21:09:52] ADS value: 24.16, Ver: 111
[2026-07-14 21:10:22] ADS value: 24.16, Ver: 111
[2026-07-14 21:10:53] ADS value: 24.17, Ver: 111
[2026-07-14 21:11:24] ADS value: 24.17, Ver: 111
[2026-07-14 21:11:55] ADS value: 24.18, Ver: 111
[2026-07-14 21:12:25] ADS value: 24.17, Ver: 111
[2026-07-14 21:12:56] ADS value: 24.16, Ver: 111
[2026-07-14 21:13:27] ADS value: 24.19, Ver: 111
[2026-07-14 21:13:58] ADS value: 24.15, Ver: 111
[2026-07-14 21:14:29] ADS value: 24.16, Ver: 111
[2026-07-14 21:15:00] ADS value: 24.17, Ver: 111
[2026-07-14 21:15:31] ADS value: 24.17, Ver: 111
[2026-07-14 21:16:01] ADS value: 24.17, Ver: 111
[2026-07-14 21:16:35] ADS value: 24.16, Ver: 111
[2026-07-14 21:17:41] ADS value: 24.15, Ver: 111
[2026-07-14 21:18:12] ADS value: 24.15, Ver: 111
[2026-07-14 21:18:43] ADS value: 24.15, Ver: 111
[2026-07-14 21:19:13] ADS value: 24.17, Ver: 111
[2026-07-14 21:19:44] ADS value: 24.16, Ver: 111
[2026-07-14 21:20:15] ADS value: 24.18, Ver: 111
[2026-07-14 21:20:45] ADS value: 24.19, Ver: 111
[2026-07-14 21:21:51] ADS value: 24.15, Ver: 111
[2026-07-14 21:22:22] ADS value: 24.18, Ver: 111
[2026-07-14 21:22:53] ADS value: 24.16, Ver: 111
[2026-07-14 21:23:24] ADS value: 24.17, Ver: 111
[2026-07-14 21:23:54] ADS value: 24.16, Ver: 111
[2026-07-14 21:24:25] ADS value: 24.18, Ver: 111
[2026-07-14 21:24:55] ADS value: 24.16, Ver: 111
[2026-07-14 21:25:26] ADS value: 24.16, Ver: 111
[2026-07-14 21:25:57] ADS value: 24.14, Ver: 111
[2026-07-14 21:26:28] ADS value: 24.15, Ver: 111
[2026-07-14 21:26:59] ADS value: 24.18, Ver: 111
[2026-07-14 21:27:30] ADS value: 24.16, Ver: 111
[2026-07-14 21:28:00] ADS value: 24.16, Ver: 111
[2026-07-14 21:28:31] ADS value: 24.15, Ver: 111
[2026-07-14 21:29:02] ADS value: 24.16, Ver: 111
[2026-07-14 21:30:43] ADS value: 24.16, Ver: 111
[2026-07-14 21:31:14] ADS value: 24.15, Ver: 111
[2026-07-14 21:31:45] ADS value: 24.15, Ver: 111
[2026-07-14 21:32:15] ADS value: 24.16, Ver: 111
[2026-07-14 21:32:46] ADS value: 24.19, Ver: 111
[2026-07-14 21:33:17] ADS value: 24.14, Ver: 111
[2026-07-14 21:33:48] ADS value: 24.14, Ver: 111
[2026-07-14 21:34:22] ADS value: 24.18, Ver: 111
[2026-07-14 21:34:52] ADS value: 24.15, Ver: 111
[2026-07-14 21:35:23] ADS value: 24.17, Ver: 111
[2026-07-14 21:35:54] ADS value: 24.18, Ver: 111
[2026-07-14 21:36:24] ADS value: 24.17, Ver: 111
[2026-07-14 21:36:55] ADS value: 24.14, Ver: 111
[2026-07-14 21:37:26] ADS value: 24.17, Ver: 111
[2026-07-14 21:37:57] ADS value: 24.14, Ver: 111
[2026-07-14 21:38:28] ADS value: 24.16, Ver: 111
[2026-07-14 21:38:58] ADS value: 24.16, Ver: 111
[2026-07-14 21:39:29] ADS value: 24.16, Ver: 111
[2026-07-14 21:40:00] ADS value: 24.17, Ver: 111
[2026-07-14 21:40:31] ADS value: 24.14, Ver: 111
[2026-07-14 21:41:02] ADS value: 24.17, Ver: 111
[2026-07-14 21:41:33] ADS value: 24.14, Ver: 111
[2026-07-14 21:42:04] ADS value: 24.17, Ver: 111
[2026-07-14 21:43:13] ADS value: 24.14, Ver: 111
[2026-07-14 21:43:44] ADS value: 24.15, Ver: 111
[2026-07-14 21:44:15] ADS value: 24.14, Ver: 111
[2026-07-14 21:44:45] ADS value: 24.14, Ver: 111
[2026-07-14 21:45:16] ADS value: 24.17, Ver: 111
[2026-07-14 21:45:47] ADS value: 24.18, Ver: 111
[2026-07-14 21:46:18] ADS value: 24.14, Ver: 111
[2026-07-14 21:46:49] ADS value: 24.16, Ver: 111
[2026-07-14 21:47:55] ADS value: 24.15, Ver: 111
[2026-07-14 21:48:25] ADS value: 24.17, Ver: 111
[2026-07-14 21:48:56] ADS value: 24.16, Ver: 111
[2026-07-14 21:49:27] ADS value: 24.16, Ver: 111
[2026-07-14 21:49:58] ADS value: 24.13, Ver: 111
[2026-07-14 21:50:28] ADS value: 24.16, Ver: 111
[2026-07-14 21:50:59] ADS value: 24.15, Ver: 111
[2026-07-14 21:51:30] ADS value: 24.14, Ver: 111
[2026-07-14 21:52:01] ADS value: 24.15, Ver: 111
[2026-07-14 21:52:32] ADS value: 24.15, Ver: 111
[2026-07-14 21:53:03] ADS value: 24.17, Ver: 111
[2026-07-14 21:53:34] ADS value: 24.13, Ver: 111
[2026-07-14 21:54:05] ADS value: 24.15, Ver: 111
[2026-07-14 21:54:36] ADS value: 24.13, Ver: 111
[2026-07-14 21:55:07] ADS value: 24.15, Ver: 111
[2026-07-14 21:55:41] ADS value: 24.15, Ver: 111
[2026-07-14 21:56:47] ADS value: 24.13, Ver: 111
[2026-07-14 21:57:18] ADS value: 24.12, Ver: 111
[2026-07-14 21:57:49] ADS value: 24.15, Ver: 111
[2026-07-14 21:58:20] ADS value: 24.16, Ver: 111
[2026-07-14 21:58:51] ADS value: 24.14, Ver: 111
[2026-07-14 21:59:22] ADS value: 24.14, Ver: 111
[2026-07-14 21:59:53] ADS value: 24.15, Ver: 111
[2026-07-14 22:00:59] ADS value: 24.15, Ver: 111
[2026-07-14 22:01:30] ADS value: 24.13, Ver: 111
[2026-07-14 22:02:03] ADS value: 24.15, Ver: 111
[2026-07-14 22:02:33] ADS value: 24.14, Ver: 111
[2026-07-14 22:03:04] ADS value: 24.14, Ver: 111
[2026-07-14 22:03:35] ADS value: 24.12, Ver: 111
[2026-07-14 22:04:06] ADS value: 24.14, Ver: 111
[2026-07-14 22:04:37] ADS value: 24.14, Ver: 111
[2026-07-14 22:05:07] ADS value: 24.14, Ver: 111
[2026-07-14 22:05:38] ADS value: 24.14, Ver: 111
[2026-07-14 22:06:09] ADS value: 24.13, Ver: 111
[2026-07-14 22:06:40] ADS value: 24.13, Ver: 111
[2026-07-14 22:07:11] ADS value: 24.12, Ver: 111
[2026-07-14 22:07:42] ADS value: 24.15, Ver: 111
[2026-07-14 22:08:12] ADS value: 24.14, Ver: 111
[2026-07-14 22:09:54] ADS value: 24.13, Ver: 111
[2026-07-14 22:10:25] ADS value: 24.16, Ver: 111
[2026-07-14 22:10:56] ADS value: 24.14, Ver: 111
[2026-07-14 22:11:27] ADS value: 24.14, Ver: 111
[2026-07-14 22:11:57] ADS value: 24.13, Ver: 111
[2026-07-14 22:12:28] ADS value: 24.12, Ver: 111
[2026-07-14 22:12:59] ADS value: 24.13, Ver: 111
[2026-07-14 22:14:06] ADS value: 24.14, Ver: 111
[2026-07-14 22:14:36] ADS value: 24.11, Ver: 111
[2026-07-14 22:15:07] ADS value: 24.11, Ver: 111
[2026-07-14 22:15:37] ADS value: 24.15, Ver: 111
[2026-07-14 22:16:08] ADS value: 24.13, Ver: 111
[2026-07-14 22:16:39] ADS value: 24.12, Ver: 111
[2026-07-14 22:17:10] ADS value: 24.12, Ver: 111
[2026-07-14 22:17:41] ADS value: 24.13, Ver: 111
[2026-07-14 22:18:12] ADS value: 24.13, Ver: 111
[2026-07-14 22:18:43] ADS value: 24.13, Ver: 111
[2026-07-14 22:19:13] ADS value: 24.14, Ver: 111
[2026-07-14 22:19:44] ADS value: 24.12, Ver: 111
[2026-07-14 22:20:15] ADS value: 24.13, Ver: 111
[2026-07-14 22:20:46] ADS value: 24.12, Ver: 111
[2026-07-14 22:21:17] ADS value: 24.13, Ver: 111
[2026-07-14 22:22:59] ADS value: 24.13, Ver: 111
[2026-07-14 22:23:30] ADS value: 24.11, Ver: 111
[2026-07-14 22:24:01] ADS value: 24.13, Ver: 111
[2026-07-14 22:24:32] ADS value: 24.12, Ver: 111
[2026-07-14 22:25:03] ADS value: 24.12, Ver: 111
[2026-07-14 22:25:33] ADS value: 24.14, Ver: 111
[2026-07-14 22:26:04] ADS value: 24.12, Ver: 111
[2026-07-14 22:27:10] ADS value: 24.14, Ver: 111
[2026-07-14 22:27:41] ADS value: 24.11, Ver: 111
[2026-07-14 22:28:12] ADS value: 24.14, Ver: 111
[2026-07-14 22:28:43] ADS value: 24.13, Ver: 111
[2026-07-14 22:29:14] ADS value: 24.13, Ver: 111
[2026-07-14 22:29:45] ADS value: 24.12, Ver: 111
[2026-07-14 22:30:15] ADS value: 24.11, Ver: 111
[2026-07-14 22:30:46] ADS value: 24.12, Ver: 111
[2026-07-14 22:31:17] ADS value: 24.11, Ver: 111
[2026-07-14 22:31:48] ADS value: 24.12, Ver: 111
[2026-07-14 22:32:18] ADS value: 24.11, Ver: 111
[2026-07-14 22:32:49] ADS value: 24.13, Ver: 111
[2026-07-14 22:33:20] ADS value: 24.12, Ver: 111
[2026-07-14 22:33:51] ADS value: 24.10, Ver: 111
[2026-07-14 22:34:21] ADS value: 24.11, Ver: 111
[2026-07-14 22:35:27] ADS value: 24.10, Ver: 111
[2026-07-14 22:35:57] ADS value: 24.13, Ver: 111
[2026-07-14 22:36:28] ADS value: 24.11, Ver: 111
[2026-07-14 22:36:59] ADS value: 24.10, Ver: 111
[2026-07-14 22:37:30] ADS value: 24.12, Ver: 111
[2026-07-14 22:38:01] ADS value: 24.10, Ver: 111
[2026-07-14 22:38:32] ADS value: 24.13, Ver: 111
[2026-07-14 22:39:03] ADS value: 24.10, Ver: 111
[2026-07-14 22:40:09] ADS value: 24.12, Ver: 111
[2026-07-14 22:40:40] ADS value: 24.12, Ver: 111
[2026-07-14 22:41:11] ADS value: 24.12, Ver: 111
[2026-07-14 22:41:42] ADS value: 24.11, Ver: 111
[2026-07-14 22:42:12] ADS value: 24.11, Ver: 111
[2026-07-14 22:42:43] ADS value: 24.13, Ver: 111
[2026-07-14 22:43:14] ADS value: 24.13, Ver: 111
[2026-07-14 22:43:45] ADS value: 24.10, Ver: 111
[2026-07-14 22:44:15] ADS value: 24.11, Ver: 111
[2026-07-14 22:44:46] ADS value: 24.10, Ver: 111
[2026-07-14 22:45:17] ADS value: 24.09, Ver: 111
[2026-07-14 22:45:48] ADS value: 24.11, Ver: 111
[2026-07-14 22:46:19] ADS value: 24.10, Ver: 111
[2026-07-14 22:46:49] ADS value: 24.11, Ver: 111
[2026-07-14 22:47:20] ADS value: 24.11, Ver: 111
[2026-07-14 22:49:02] ADS value: 24.11, Ver: 111
[2026-07-14 22:49:33] ADS value: 24.13, Ver: 111
[2026-07-14 22:50:04] ADS value: 24.10, Ver: 111
[2026-07-14 22:50:35] ADS value: 24.09, Ver: 111
[2026-07-14 22:51:05] ADS value: 24.10, Ver: 111
[2026-07-14 22:51:36] ADS value: 24.10, Ver: 111
[2026-07-14 22:52:07] ADS value: 24.12, Ver: 111
[2026-07-14 22:53:13] ADS value: 24.11, Ver: 111
[2026-07-14 22:53:44] ADS value: 24.11, Ver: 111
[2026-07-14 22:54:15] ADS value: 24.08, Ver: 111
[2026-07-14 22:54:46] ADS value: 24.10, Ver: 111
[2026-07-14 22:55:17] ADS value: 24.10, Ver: 111
[2026-07-14 22:55:47] ADS value: 24.09, Ver: 111
[2026-07-14 22:56:18] ADS value: 24.09, Ver: 111
[2026-07-14 22:56:48] ADS value: 24.09, Ver: 111
[2026-07-14 22:57:19] ADS value: 24.09, Ver: 111
[2026-07-14 22:57:50] ADS value: 24.12, Ver: 111
[2026-07-14 22:58:21] ADS value: 24.11, Ver: 111
[2026-07-14 22:58:52] ADS value: 24.08, Ver: 111
[2026-07-14 22:59:23] ADS value: 24.09, Ver: 111
[2026-07-14 22:59:54] ADS value: 24.10, Ver: 111
[2026-07-14 23:00:24] ADS value: 24.08, Ver: 111
[2026-07-14 23:00:55] ADS value: 24.10, Ver: 111
[2026-07-14 23:02:01] ADS value: 24.09, Ver: 111
[2026-07-14 23:02:32] ADS value: 24.10, Ver: 111
[2026-07-14 23:03:03] ADS value: 24.08, Ver: 111
[2026-07-14 23:03:34] ADS value: 24.08, Ver: 111
[2026-07-14 23:04:05] ADS value: 24.10, Ver: 111
[2026-07-14 23:04:36] ADS value: 24.11, Ver: 111
[2026-07-14 23:05:07] ADS value: 24.08, Ver: 111
[2026-07-14 23:06:13] ADS value: 24.09, Ver: 111
[2026-07-14 23:06:44] ADS value: 24.09, Ver: 111
[2026-07-14 23:07:15] ADS value: 24.08, Ver: 111
[2026-07-14 23:07:46] ADS value: 24.09, Ver: 111
[2026-07-14 23:08:16] ADS value: 24.10, Ver: 111
[2026-07-14 23:08:47] ADS value: 24.07, Ver: 111
[2026-07-14 23:09:18] ADS value: 24.09, Ver: 111
[2026-07-14 23:09:49] ADS value: 24.09, Ver: 111
[2026-07-14 23:10:20] ADS value: 24.10, Ver: 111
[2026-07-14 23:10:50] ADS value: 24.10, Ver: 111
[2026-07-14 23:11:21] ADS value: 24.09, Ver: 111
[2026-07-14 23:11:52] ADS value: 24.09, Ver: 111
[2026-07-14 23:12:23] ADS value: 24.06, Ver: 111
[2026-07-14 23:12:54] ADS value: 24.09, Ver: 111
[2026-07-14 23:13:25] ADS value: 24.08, Ver: 111
[2026-07-14 23:15:06] ADS value: 24.09, Ver: 111
[2026-07-14 23:15:37] ADS value: 24.07, Ver: 111
[2026-07-14 23:16:08] ADS value: 24.09, Ver: 111
[2026-07-14 23:16:39] ADS value: 24.07, Ver: 111
[2026-07-14 23:17:09] ADS value: 24.07, Ver: 111
[2026-07-14 23:17:40] ADS value: 24.10, Ver: 111
[2026-07-14 23:18:11] ADS value: 24.07, Ver: 111
[2026-07-14 23:19:18] ADS value: 24.07, Ver: 111
[2026-07-14 23:19:49] ADS value: 24.07, Ver: 111
[2026-07-14 23:20:20] ADS value: 24.08, Ver: 111
[2026-07-14 23:20:50] ADS value: 24.07, Ver: 111
[2026-07-14 23:21:21] ADS value: 24.07, Ver: 111
[2026-07-14 23:21:52] ADS value: 24.08, Ver: 111
[2026-07-14 23:22:23] ADS value: 24.08, Ver: 111
[2026-07-14 23:22:54] ADS value: 24.09, Ver: 111
[2026-07-14 23:23:25] ADS value: 24.06, Ver: 111
[2026-07-14 23:23:55] ADS value: 24.07, Ver: 111
[2026-07-14 23:24:26] ADS value: 24.09, Ver: 111
[2026-07-14 23:24:57] ADS value: 24.08, Ver: 111
[2026-07-14 23:25:28] ADS value: 24.08, Ver: 111
[2026-07-14 23:25:59] ADS value: 24.07, Ver: 111
[2026-07-14 23:26:29] ADS value: 24.05, Ver: 111
[2026-07-14 23:28:11] ADS value: 24.08, Ver: 111
[2026-07-14 23:28:42] ADS value: 24.07, Ver: 111
[2026-07-14 23:29:13] ADS value: 24.06, Ver: 111
[2026-07-14 23:29:44] ADS value: 24.07, Ver: 111
[2026-07-14 23:30:14] ADS value: 24.10, Ver: 111
[2026-07-14 23:30:45] ADS value: 24.08, Ver: 111
[2026-07-14 23:31:16] ADS value: 24.06, Ver: 111
[2026-07-14 23:32:22] ADS value: 24.07, Ver: 111
[2026-07-14 23:32:53] ADS value: 24.07, Ver: 111
[2026-07-14 23:33:24] ADS value: 24.06, Ver: 111
[2026-07-14 23:33:55] ADS value: 24.05, Ver: 111
[2026-07-14 23:34:26] ADS value: 24.05, Ver: 111
[2026-07-14 23:34:57] ADS value: 24.05, Ver: 111
[2026-07-14 23:35:28] ADS value: 24.08, Ver: 111
[2026-07-14 23:35:59] ADS value: 24.05, Ver: 111
[2026-07-14 23:36:30] ADS value: 24.05, Ver: 111
[2026-07-14 23:37:00] ADS value: 24.07, Ver: 111
[2026-07-14 23:37:31] ADS value: 24.06, Ver: 111
[2026-07-14 23:38:02] ADS value: 24.04, Ver: 111
[2026-07-14 23:38:33] ADS value: 24.06, Ver: 111
[2026-07-14 23:39:03] ADS value: 24.05, Ver: 111
[2026-07-14 23:39:34] ADS value: 24.06, Ver: 111
[2026-07-14 23:40:05] ADS value: 24.06, Ver: 111
[2026-07-14 23:40:38] ADS value: 24.05, Ver: 111
[2026-07-14 23:41:09] ADS value: 24.05, Ver: 111
[2026-07-14 23:41:40] ADS value: 24.04, Ver: 111
[2026-07-14 23:42:11] ADS value: 24.06, Ver: 111
[2026-07-14 23:42:42] ADS value: 24.07, Ver: 111
[2026-07-14 23:43:13] ADS value: 24.05, Ver: 111
[2026-07-14 23:43:44] ADS value: 24.04, Ver: 111
[2026-07-14 23:44:15] ADS value: 24.04, Ver: 111
[2026-07-14 23:44:46] ADS value: 24.06, Ver: 111
[2026-07-14 23:45:16] ADS value: 24.07, Ver: 111
[2026-07-14 23:45:47] ADS value: 24.08, Ver: 111
[2026-07-14 23:46:18] ADS value: 24.07, Ver: 111
[2026-07-14 23:46:48] ADS value: 24.03, Ver: 111
[2026-07-14 23:47:19] ADS value: 24.05, Ver: 111
[2026-07-14 23:47:50] ADS value: 24.06, Ver: 111
[2026-07-14 23:48:21] ADS value: 24.03, Ver: 111
[2026-07-14 23:48:52] ADS value: 24.04, Ver: 111
[2026-07-14 23:49:22] ADS value: 24.05, Ver: 111
[2026-07-14 23:49:53] ADS value: 24.04, Ver: 111
[2026-07-14 23:50:24] ADS value: 24.05, Ver: 111
[2026-07-14 23:50:55] ADS value: 24.05, Ver: 111
[2026-07-14 23:51:26] ADS value: 24.05, Ver: 111
[2026-07-14 23:51:57] ADS value: 24.05, Ver: 111
[2026-07-14 23:52:28] ADS value: 24.04, Ver: 111
[2026-07-14 23:53:02] ADS value: 24.04, Ver: 111
[2026-07-14 23:54:08] ADS value: 24.04, Ver: 111
[2026-07-14 23:54:39] ADS value: 24.02, Ver: 111
[2026-07-14 23:55:10] ADS value: 24.06, Ver: 111
[2026-07-14 23:55:41] ADS value: 24.04, Ver: 111
[2026-07-14 23:56:12] ADS value: 24.06, Ver: 111
[2026-07-14 23:56:42] ADS value: 24.03, Ver: 111
[2026-07-14 23:57:13] ADS value: 24.06, Ver: 111
[2026-07-14 23:58:19] ADS value: 24.02, Ver: 111
[2026-07-14 23:58:50] ADS value: 24.02, Ver: 111
[2026-07-14 23:59:21] ADS value: 24.03, Ver: 111
[2026-07-14 23:59:52] ADS value: 24.03, Ver: 111
[2026-07-15 00:00:23] ADS value: 24.04, Ver: 111
[2026-07-15 00:00:54] ADS value: 24.05, Ver: 111
[2026-07-15 00:01:25] ADS value: 24.03, Ver: 111
[2026-07-15 00:01:56] ADS value: 24.03, Ver: 111
[2026-07-15 00:02:27] ADS value: 24.02, Ver: 111
[2026-07-15 00:02:58] ADS value: 24.05, Ver: 111
[2026-07-15 00:03:29] ADS value: 24.05, Ver: 111
[2026-07-15 00:03:59] ADS value: 24.03, Ver: 111
[2026-07-15 00:04:30] ADS value: 24.01, Ver: 111
[2026-07-15 00:05:01] ADS value: 24.04, Ver: 111
[2026-07-15 00:05:32] ADS value: 24.01, Ver: 111
[2026-07-15 00:06:41] ADS value: 24.03, Ver: 111
[2026-07-15 00:07:13] ADS value: 24.03, Ver: 111
[2026-07-15 00:07:43] ADS value: 24.01, Ver: 111
[2026-07-15 00:08:14] ADS value: 24.02, Ver: 111
[2026-07-15 00:08:44] ADS value: 24.02, Ver: 111
[2026-07-15 00:09:15] ADS value: 24.03, Ver: 111
[2026-07-15 00:09:47] ADS value: 24.03, Ver: 111
[2026-07-15 00:10:17] ADS value: 24.02, Ver: 111
[2026-07-15 00:11:23] ADS value: 24.01, Ver: 111
[2026-07-15 00:11:54] ADS value: 24.04, Ver: 111
[2026-07-15 00:12:25] ADS value: 24.02, Ver: 111
[2026-07-15 00:12:56] ADS value: 24.01, Ver: 111
[2026-07-15 00:13:27] ADS value: 24.02, Ver: 111
[2026-07-15 00:13:58] ADS value: 24.00, Ver: 111
[2026-07-15 00:14:29] ADS value: 24.02, Ver: 111
[2026-07-15 00:15:00] ADS value: 24.02, Ver: 111
[2026-07-15 00:15:31] ADS value: 24.01, Ver: 111
[2026-07-15 00:16:02] ADS value: 24.00, Ver: 111
[2026-07-15 00:16:32] ADS value: 24.03, Ver: 111
[2026-07-15 00:17:03] ADS value: 24.04, Ver: 111
[2026-07-15 00:17:35] ADS value: 24.00, Ver: 111
[2026-07-15 00:18:06] ADS value: 24.00, Ver: 111
[2026-07-15 00:18:37] ADS value: 24.03, Ver: 111
[2026-07-15 00:19:08] ADS value: 24.01, Ver: 111
[2026-07-15 00:19:42] ADS value: 24.02, Ver: 111
[2026-07-15 00:20:13] ADS value: 24.01, Ver: 111
[2026-07-15 00:20:43] ADS value: 24.01, Ver: 111
[2026-07-15 00:21:14] ADS value: 23.99, Ver: 111
[2026-07-15 00:21:45] ADS value: 24.01, Ver: 111
[2026-07-15 00:22:17] ADS value: 24.01, Ver: 111
[2026-07-15 00:22:47] ADS value: 24.01, Ver: 111
[2026-07-15 00:23:18] ADS value: 24.01, Ver: 111
[2026-07-15 00:24:25] ADS value: 24.00, Ver: 111
[2026-07-15 00:24:56] ADS value: 24.00, Ver: 111
[2026-07-15 00:25:27] ADS value: 24.01, Ver: 111
[2026-07-15 00:25:58] ADS value: 23.99, Ver: 111
[2026-07-15 00:26:29] ADS value: 23.99, Ver: 111
[2026-07-15 00:27:00] ADS value: 24.01, Ver: 111
[2026-07-15 00:27:30] ADS value: 24.01, Ver: 111
[2026-07-15 00:28:01] ADS value: 23.99, Ver: 111
[2026-07-15 00:28:31] ADS value: 24.01, Ver: 111
[2026-07-15 00:29:02] ADS value: 24.00, Ver: 111
[2026-07-15 00:29:33] ADS value: 24.02, Ver: 111
[2026-07-15 00:30:04] ADS value: 24.01, Ver: 111
[2026-07-15 00:30:34] ADS value: 24.02, Ver: 111
[2026-07-15 00:31:05] ADS value: 24.00, Ver: 111
[2026-07-15 00:31:36] ADS value: 23.99, Ver: 111
[2026-07-15 00:32:07] ADS value: 24.00, Ver: 111
[2026-07-15 00:33:14] ADS value: 23.99, Ver: 111
[2026-07-15 00:33:45] ADS value: 24.01, Ver: 111
[2026-07-15 00:34:16] ADS value: 24.00, Ver: 111
[2026-07-15 00:34:47] ADS value: 24.01, Ver: 111
[2026-07-15 00:35:18] ADS value: 23.99, Ver: 111
[2026-07-15 00:35:49] ADS value: 24.00, Ver: 111
[2026-07-15 00:36:19] ADS value: 24.00, Ver: 111
[2026-07-15 00:37:26] ADS value: 24.00, Ver: 111
[2026-07-15 00:37:56] ADS value: 23.99, Ver: 111
[2026-07-15 00:38:27] ADS value: 23.98, Ver: 111
[2026-07-15 00:38:58] ADS value: 24.01, Ver: 111
[2026-07-15 00:39:29] ADS value: 24.01, Ver: 111
[2026-07-15 00:40:00] ADS value: 23.99, Ver: 111
[2026-07-15 00:40:30] ADS value: 24.01, Ver: 111
[2026-07-15 00:41:01] ADS value: 23.97, Ver: 111
[2026-07-15 00:41:32] ADS value: 23.99, Ver: 111
[2026-07-15 00:42:03] ADS value: 23.99, Ver: 111
[2026-07-15 00:42:34] ADS value: 23.97, Ver: 111
[2026-07-15 00:43:05] ADS value: 24.00, Ver: 111
[2026-07-15 00:43:36] ADS value: 23.99, Ver: 111
[2026-07-15 00:44:07] ADS value: 23.99, Ver: 111
[2026-07-15 00:44:38] ADS value: 23.98, Ver: 111
[2026-07-15 00:46:19] ADS value: 24.00, Ver: 111
[2026-07-15 00:46:49] ADS value: 24.00, Ver: 111
[2026-07-15 00:47:20] ADS value: 23.98, Ver: 111
[2026-07-15 00:47:51] ADS value: 23.98, Ver: 111
[2026-07-15 00:48:22] ADS value: 23.96, Ver: 111
[2026-07-15 00:48:53] ADS value: 23.98, Ver: 111
[2026-07-15 00:49:23] ADS value: 23.98, Ver: 111
[2026-07-15 00:50:29] ADS value: 23.98, Ver: 111
[2026-07-15 00:51:00] ADS value: 23.97, Ver: 111
[2026-07-15 00:51:31] ADS value: 24.00, Ver: 111
[2026-07-15 00:52:02] ADS value: 23.96, Ver: 111
[2026-07-15 00:52:33] ADS value: 23.96, Ver: 111
[2026-07-15 00:53:04] ADS value: 23.98, Ver: 111
[2026-07-15 00:53:34] ADS value: 23.97, Ver: 111
[2026-07-15 00:54:05] ADS value: 23.97, Ver: 111
[2026-07-15 00:54:36] ADS value: 23.99, Ver: 111
[2026-07-15 00:55:07] ADS value: 23.96, Ver: 111
[2026-07-15 00:55:38] ADS value: 23.98, Ver: 111
[2026-07-15 00:56:09] ADS value: 23.96, Ver: 111
[2026-07-15 00:56:40] ADS value: 23.97, Ver: 111
[2026-07-15 00:57:11] ADS value: 23.95, Ver: 111
[2026-07-15 00:57:42] ADS value: 23.98, Ver: 111
[2026-07-15 00:59:23] ADS value: 23.97, Ver: 111
[2026-07-15 00:59:54] ADS value: 23.98, Ver: 111
[2026-07-15 01:00:25] ADS value: 23.96, Ver: 111
[2026-07-15 01:00:56] ADS value: 23.97, Ver: 111
[2026-07-15 01:01:27] ADS value: 23.96, Ver: 111
[2026-07-15 01:01:58] ADS value: 23.97, Ver: 111
[2026-07-15 01:02:29] ADS value: 23.95, Ver: 111
[2026-07-15 01:03:36] ADS value: 23.95, Ver: 111
[2026-07-15 01:04:07] ADS value: 23.96, Ver: 111
[2026-07-15 01:04:38] ADS value: 23.94, Ver: 111
[2026-07-15 01:05:09] ADS value: 23.95, Ver: 111
[2026-07-15 01:05:40] ADS value: 23.98, Ver: 111
[2026-07-15 01:06:11] ADS value: 23.95, Ver: 111
[2026-07-15 01:06:42] ADS value: 23.95, Ver: 111
[2026-07-15 01:07:13] ADS value: 23.97, Ver: 111
[2026-07-15 01:07:44] ADS value: 23.95, Ver: 111
[2026-07-15 01:08:14] ADS value: 23.96, Ver: 111
[2026-07-15 01:08:46] ADS value: 23.94, Ver: 111
[2026-07-15 01:09:16] ADS value: 23.97, Ver: 111
[2026-07-15 01:09:47] ADS value: 23.97, Ver: 111
[2026-07-15 01:10:18] ADS value: 23.94, Ver: 111
[2026-07-15 01:10:49] ADS value: 23.93, Ver: 111
[2026-07-15 01:12:31] ADS value: 23.94, Ver: 111
[2026-07-15 01:13:02] ADS value: 23.94, Ver: 111
[2026-07-15 01:13:33] ADS value: 23.97, Ver: 111
[2026-07-15 01:14:04] ADS value: 23.94, Ver: 111
[2026-07-15 01:14:34] ADS value: 23.97, Ver: 111
[2026-07-15 01:15:05] ADS value: 23.95, Ver: 111
[2026-07-15 01:15:36] ADS value: 23.94, Ver: 111
[2026-07-15 01:16:42] ADS value: 23.96, Ver: 111
[2026-07-15 01:17:13] ADS value: 23.95, Ver: 111
[2026-07-15 01:17:44] ADS value: 23.95, Ver: 111
[2026-07-15 01:18:15] ADS value: 23.96, Ver: 111
[2026-07-15 01:18:46] ADS value: 23.94, Ver: 111
[2026-07-15 01:19:17] ADS value: 23.95, Ver: 111
[2026-07-15 01:19:48] ADS value: 23.95, Ver: 111
[2026-07-15 01:20:19] ADS value: 23.93, Ver: 111
[2026-07-15 01:20:50] ADS value: 23.94, Ver: 111
[2026-07-15 01:21:21] ADS value: 23.94, Ver: 111
[2026-07-15 01:21:52] ADS value: 23.96, Ver: 111
[2026-07-15 01:22:23] ADS value: 23.92, Ver: 111
[2026-07-15 01:22:54] ADS value: 23.94, Ver: 111
[2026-07-15 01:23:24] ADS value: 23.94, Ver: 111
[2026-07-15 01:25:48] ADS value: 23.94, Ver: 111
[2026-07-15 01:26:19] ADS value: 23.93, Ver: 111
[2026-07-15 01:26:50] ADS value: 23.93, Ver: 111
[2026-07-15 01:27:21] ADS value: 23.93, Ver: 111
[2026-07-15 01:27:52] ADS value: 23.93, Ver: 111
[2026-07-15 01:28:23] ADS value: 23.93, Ver: 111
[2026-07-15 01:28:54] ADS value: 23.92, Ver: 111
[2026-07-15 01:29:25] ADS value: 23.93, Ver: 111
[2026-07-15 01:29:56] ADS value: 23.93, Ver: 111
[2026-07-15 01:30:27] ADS value: 23.92, Ver: 111
[2026-07-15 01:30:58] ADS value: 23.93, Ver: 111
[2026-07-15 01:31:28] ADS value: 23.91, Ver: 111
[2026-07-15 01:31:58] ADS value: 23.91, Ver: 111
[2026-07-15 01:32:29] ADS value: 23.92, Ver: 111
[2026-07-15 01:33:00] ADS value: 23.92, Ver: 111
[2026-07-15 01:33:31] ADS value: 23.93, Ver: 111
[2026-07-15 01:34:02] ADS value: 23.92, Ver: 111
[2026-07-15 01:34:33] ADS value: 23.94, Ver: 111
[2026-07-15 01:35:04] ADS value: 23.91, Ver: 111
[2026-07-15 01:35:35] ADS value: 23.94, Ver: 111
[2026-07-15 01:36:06] ADS value: 23.95, Ver: 111
[2026-07-15 01:36:36] ADS value: 23.90, Ver: 111
[2026-07-15 01:37:07] ADS value: 23.92, Ver: 111
[2026-07-15 01:37:38] ADS value: 23.92, Ver: 111
[2026-07-15 01:38:45] ADS value: 23.91, Ver: 111
[2026-07-15 01:39:58] ADS value: 23.90, Ver: 111
[2026-07-15 01:40:29] ADS value: 23.90, Ver: 111
[2026-07-15 01:41:00] ADS value: 23.93, Ver: 111
[2026-07-15 01:41:31] ADS value: 23.89, Ver: 111
[2026-07-15 01:42:02] ADS value: 23.91, Ver: 111
[2026-07-15 01:43:07] ADS value: 23.91, Ver: 111
[2026-07-15 01:43:38] ADS value: 23.90, Ver: 111
[2026-07-15 01:44:09] ADS value: 23.91, Ver: 111
[2026-07-15 01:44:41] ADS value: 23.89, Ver: 111
[2026-07-15 01:45:12] ADS value: 23.91, Ver: 111
[2026-07-15 01:45:42] ADS value: 23.91, Ver: 111
[2026-07-15 01:46:13] ADS value: 23.91, Ver: 111
[2026-07-15 01:46:44] ADS value: 23.90, Ver: 111
[2026-07-15 01:47:15] ADS value: 23.92, Ver: 111
[2026-07-15 01:47:46] ADS value: 23.90, Ver: 111
[2026-07-15 01:48:17] ADS value: 23.89, Ver: 111
[2026-07-15 01:48:48] ADS value: 23.92, Ver: 111
[2026-07-15 01:49:19] ADS value: 23.90, Ver: 111
[2026-07-15 01:49:50] ADS value: 23.88, Ver: 111
[2026-07-15 01:50:21] ADS value: 23.90, Ver: 111
[2026-07-15 01:50:54] ADS value: 23.89, Ver: 111
[2026-07-15 01:51:25] ADS value: 23.90, Ver: 111
[2026-07-15 01:51:56] ADS value: 23.92, Ver: 111
[2026-07-15 01:52:27] ADS value: 23.89, Ver: 111
[2026-07-15 01:52:58] ADS value: 23.91, Ver: 111
[2026-07-15 01:53:29] ADS value: 23.90, Ver: 111
[2026-07-15 01:54:00] ADS value: 23.89, Ver: 111
[2026-07-15 01:54:31] ADS value: 23.92, Ver: 111
[2026-07-15 01:55:02] ADS value: 23.91, Ver: 111
[2026-07-15 01:55:33] ADS value: 23.89, Ver: 111
[2026-07-15 01:56:03] ADS value: 23.88, Ver: 111
[2026-07-15 01:56:34] ADS value: 23.89, Ver: 111
[2026-07-15 01:57:05] ADS value: 23.88, Ver: 111
[2026-07-15 01:57:35] ADS value: 23.87, Ver: 111
[2026-07-15 01:58:06] ADS value: 23.89, Ver: 111
[2026-07-15 01:58:37] ADS value: 23.89, Ver: 111
[2026-07-15 01:59:08] ADS value: 23.88, Ver: 111
[2026-07-15 01:59:39] ADS value: 23.89, Ver: 111
[2026-07-15 02:00:10] ADS value: 23.89, Ver: 111
[2026-07-15 02:00:40] ADS value: 23.88, Ver: 111
[2026-07-15 02:01:11] ADS value: 23.90, Ver: 111
[2026-07-15 02:01:42] ADS value: 23.90, Ver: 111
[2026-07-15 02:02:12] ADS value: 23.90, Ver: 111
[2026-07-15 02:02:43] ADS value: 23.90, Ver: 111
[2026-07-15 02:03:14] ADS value: 23.88, Ver: 111
[2026-07-15 02:03:45] ADS value: 23.87, Ver: 111
[2026-07-15 02:04:53] ADS value: 23.89, Ver: 111
[2026-07-15 02:05:24] ADS value: 23.90, Ver: 111
[2026-07-15 02:05:55] ADS value: 23.87, Ver: 111
[2026-07-15 02:06:26] ADS value: 23.89, Ver: 111
[2026-07-15 02:06:57] ADS value: 23.87, Ver: 111
[2026-07-15 02:07:28] ADS value: 23.87, Ver: 111
[2026-07-15 02:07:59] ADS value: 23.87, Ver: 111
[2026-07-15 02:08:33] ADS value: 23.87, Ver: 111
[2026-07-15 02:09:03] ADS value: 23.86, Ver: 111
[2026-07-15 02:09:34] ADS value: 23.88, Ver: 111
[2026-07-15 02:10:05] ADS value: 23.89, Ver: 111
[2026-07-15 02:10:36] ADS value: 23.87, Ver: 111
[2026-07-15 02:11:07] ADS value: 23.89, Ver: 111
[2026-07-15 02:11:38] ADS value: 23.87, Ver: 111
[2026-07-15 02:12:08] ADS value: 23.87, Ver: 111
[2026-07-15 02:12:39] ADS value: 23.89, Ver: 111
[2026-07-15 02:13:10] ADS value: 23.88, Ver: 111
[2026-07-15 02:13:41] ADS value: 23.87, Ver: 111
[2026-07-15 02:14:12] ADS value: 23.88, Ver: 111
[2026-07-15 02:14:43] ADS value: 23.86, Ver: 111
[2026-07-15 02:15:13] ADS value: 23.87, Ver: 111
[2026-07-15 02:15:44] ADS value: 23.85, Ver: 111
[2026-07-15 02:16:15] ADS value: 23.88, Ver: 111
[2026-07-15 02:17:57] ADS value: 23.86, Ver: 111
[2026-07-15 02:18:28] ADS value: 23.85, Ver: 111
[2026-07-15 02:18:59] ADS value: 23.85, Ver: 111
[2026-07-15 02:19:29] ADS value: 23.84, Ver: 111
[2026-07-15 02:20:00] ADS value: 23.87, Ver: 111
[2026-07-15 02:20:31] ADS value: 23.86, Ver: 111
[2026-07-15 02:22:12] ADS value: 23.85, Ver: 111
[2026-07-15 02:22:43] ADS value: 23.84, Ver: 111
[2026-07-15 02:23:14] ADS value: 23.86, Ver: 111
[2026-07-15 02:23:45] ADS value: 23.85, Ver: 111
[2026-07-15 02:24:16] ADS value: 23.84, Ver: 111
[2026-07-15 02:24:47] ADS value: 23.85, Ver: 111
[2026-07-15 02:25:18] ADS value: 23.85, Ver: 111
[2026-07-15 02:25:49] ADS value: 23.85, Ver: 111
[2026-07-15 02:26:20] ADS value: 23.85, Ver: 111
[2026-07-15 02:26:51] ADS value: 23.85, Ver: 111
[2026-07-15 02:27:22] ADS value: 23.86, Ver: 111
[2026-07-15 02:27:53] ADS value: 23.85, Ver: 111
[2026-07-15 02:28:24] ADS value: 23.83, Ver: 111
[2026-07-15 02:28:54] ADS value: 23.83, Ver: 111
[2026-07-15 02:29:25] ADS value: 23.85, Ver: 111
[2026-07-15 02:29:56] ADS value: 23.84, Ver: 111
[2026-07-15 02:31:02] ADS value: 23.84, Ver: 111
[2026-07-15 02:31:33] ADS value: 23.86, Ver: 111
[2026-07-15 02:32:04] ADS value: 23.83, Ver: 111
[2026-07-15 02:32:35] ADS value: 23.84, Ver: 111
[2026-07-15 02:33:06] ADS value: 23.84, Ver: 111
[2026-07-15 02:33:37] ADS value: 23.84, Ver: 111
[2026-07-15 02:34:07] ADS value: 23.85, Ver: 111
[2026-07-15 02:35:14] ADS value: 23.82, Ver: 111
[2026-07-15 02:35:44] ADS value: 23.84, Ver: 111
[2026-07-15 02:36:15] ADS value: 23.82, Ver: 111
[2026-07-15 02:36:46] ADS value: 23.83, Ver: 111
[2026-07-15 02:37:17] ADS value: 23.82, Ver: 111
[2026-07-15 02:37:48] ADS value: 23.84, Ver: 111
[2026-07-15 02:38:18] ADS value: 23.83, Ver: 111
[2026-07-15 02:38:49] ADS value: 23.82, Ver: 111
[2026-07-15 02:39:20] ADS value: 23.85, Ver: 111
[2026-07-15 02:39:51] ADS value: 23.85, Ver: 111
[2026-07-15 02:40:22] ADS value: 23.82, Ver: 111
[2026-07-15 02:40:53] ADS value: 23.83, Ver: 111
[2026-07-15 02:41:24] ADS value: 23.82, Ver: 111
[2026-07-15 02:41:55] ADS value: 23.81, Ver: 111
[2026-07-15 02:42:26] ADS value: 23.81, Ver: 111
[2026-07-15 02:44:07] ADS value: 23.82, Ver: 111
[2026-07-15 02:44:38] ADS value: 23.84, Ver: 111
[2026-07-15 02:45:09] ADS value: 23.81, Ver: 111
[2026-07-15 02:45:40] ADS value: 23.81, Ver: 111
[2026-07-15 02:46:11] ADS value: 23.82, Ver: 111
[2026-07-15 02:46:42] ADS value: 23.82, Ver: 111
[2026-07-15 02:48:24] ADS value: 23.82, Ver: 111
[2026-07-15 02:48:54] ADS value: 23.80, Ver: 111
[2026-07-15 02:49:25] ADS value: 23.83, Ver: 111
[2026-07-15 02:49:56] ADS value: 23.81, Ver: 111
[2026-07-15 02:50:27] ADS value: 23.82, Ver: 111
[2026-07-15 02:50:58] ADS value: 23.81, Ver: 111
[2026-07-15 02:51:29] ADS value: 23.79, Ver: 111
[2026-07-15 02:52:00] ADS value: 23.81, Ver: 111
[2026-07-15 02:52:31] ADS value: 23.82, Ver: 111
[2026-07-15 02:53:02] ADS value: 23.79, Ver: 111
[2026-07-15 02:53:32] ADS value: 23.81, Ver: 111
[2026-07-15 02:54:03] ADS value: 23.83, Ver: 111
[2026-07-15 02:54:34] ADS value: 23.79, Ver: 111
[2026-07-15 02:55:05] ADS value: 23.83, Ver: 111
[2026-07-15 02:55:36] ADS value: 23.79, Ver: 111
[2026-07-15 02:56:42] ADS value: 23.80, Ver: 111
[2026-07-15 02:57:13] ADS value: 23.79, Ver: 111
[2026-07-15 02:57:44] ADS value: 23.81, Ver: 111
[2026-07-15 02:58:15] ADS value: 23.79, Ver: 111
[2026-07-15 02:58:46] ADS value: 23.81, Ver: 111
[2026-07-15 02:59:16] ADS value: 23.80, Ver: 111
[2026-07-15 02:59:47] ADS value: 23.78, Ver: 111
[2026-07-15 03:00:18] ADS value: 23.79, Ver: 111
[2026-07-15 03:01:25] ADS value: 23.80, Ver: 111
[2026-07-15 03:01:56] ADS value: 23.80, Ver: 111
[2026-07-15 03:02:27] ADS value: 23.80, Ver: 111
[2026-07-15 03:02:57] ADS value: 23.81, Ver: 111
[2026-07-15 03:03:28] ADS value: 23.77, Ver: 111
[2026-07-15 03:03:59] ADS value: 23.79, Ver: 111
[2026-07-15 03:04:30] ADS value: 23.79, Ver: 111
[2026-07-15 03:05:01] ADS value: 23.81, Ver: 111
[2026-07-15 03:05:31] ADS value: 23.80, Ver: 111
[2026-07-15 03:06:02] ADS value: 23.79, Ver: 111
[2026-07-15 03:06:33] ADS value: 23.81, Ver: 111
[2026-07-15 03:07:03] ADS value: 23.79, Ver: 111
[2026-07-15 03:07:34] ADS value: 23.77, Ver: 111
[2026-07-15 03:08:05] ADS value: 23.78, Ver: 111
[2026-07-15 03:08:36] ADS value: 23.80, Ver: 111
[2026-07-15 03:09:07] ADS value: 23.77, Ver: 111
[2026-07-15 03:09:40] ADS value: 23.79, Ver: 111
[2026-07-15 03:10:11] ADS value: 23.79, Ver: 111
[2026-07-15 03:10:42] ADS value: 23.77, Ver: 111
[2026-07-15 03:11:12] ADS value: 23.78, Ver: 111
[2026-07-15 03:11:43] ADS value: 23.80, Ver: 111
[2026-07-15 03:12:14] ADS value: 23.78, Ver: 111
[2026-07-15 03:12:45] ADS value: 23.80, Ver: 111
[2026-07-15 03:14:27] ADS value: 23.78, Ver: 111
[2026-07-15 03:14:58] ADS value: 23.78, Ver: 111
[2026-07-15 03:15:29] ADS value: 23.76, Ver: 111
[2026-07-15 03:16:00] ADS value: 23.79, Ver: 111
[2026-07-15 03:16:31] ADS value: 23.76, Ver: 111
[2026-07-15 03:17:02] ADS value: 23.79, Ver: 111
[2026-07-15 03:17:33] ADS value: 23.76, Ver: 111
[2026-07-15 03:18:04] ADS value: 23.76, Ver: 111
[2026-07-15 03:18:35] ADS value: 23.78, Ver: 111
[2026-07-15 03:19:06] ADS value: 23.77, Ver: 111
[2026-07-15 03:19:37] ADS value: 23.78, Ver: 111
[2026-07-15 03:20:08] ADS value: 23.76, Ver: 111
[2026-07-15 03:20:39] ADS value: 23.75, Ver: 111
[2026-07-15 03:21:10] ADS value: 23.78, Ver: 111
[2026-07-15 03:21:41] ADS value: 23.77, Ver: 111
[2026-07-15 03:23:23] ADS value: 23.75, Ver: 111
[2026-07-15 03:23:54] ADS value: 23.78, Ver: 111
[2026-07-15 03:24:25] ADS value: 23.77, Ver: 111
[2026-07-15 03:24:56] ADS value: 23.74, Ver: 111
[2026-07-15 03:25:27] ADS value: 23.78, Ver: 111
[2026-07-15 03:25:58] ADS value: 23.77, Ver: 111
[2026-07-15 03:26:28] ADS value: 23.78, Ver: 111
[2026-07-15 03:27:35] ADS value: 23.74, Ver: 111
[2026-07-15 03:28:05] ADS value: 23.77, Ver: 111
[2026-07-15 03:28:36] ADS value: 23.75, Ver: 111
[2026-07-15 03:29:07] ADS value: 23.75, Ver: 111
[2026-07-15 03:29:38] ADS value: 23.75, Ver: 111
[2026-07-15 03:30:09] ADS value: 23.77, Ver: 111
[2026-07-15 03:30:40] ADS value: 23.74, Ver: 111
[2026-07-15 03:31:11] ADS value: 23.76, Ver: 111
[2026-07-15 03:31:42] ADS value: 23.75, Ver: 111
[2026-07-15 03:32:13] ADS value: 23.76, Ver: 111
[2026-07-15 03:32:43] ADS value: 23.75, Ver: 111
[2026-07-15 03:33:14] ADS value: 23.74, Ver: 111
[2026-07-15 03:33:45] ADS value: 23.74, Ver: 111
[2026-07-15 03:34:15] ADS value: 23.75, Ver: 111
[2026-07-15 03:34:46] ADS value: 23.75, Ver: 111
[2026-07-15 03:36:28] ADS value: 23.74, Ver: 111
[2026-07-15 03:36:58] ADS value: 23.76, Ver: 111
[2026-07-15 03:37:29] ADS value: 23.75, Ver: 111
[2026-07-15 03:38:00] ADS value: 23.74, Ver: 111
[2026-07-15 03:38:31] ADS value: 23.74, Ver: 111
[2026-07-15 03:39:02] ADS value: 23.75, Ver: 111
[2026-07-15 03:39:35] ADS value: 23.74, Ver: 111
[2026-07-15 03:40:42] ADS value: 23.74, Ver: 111
[2026-07-15 03:41:12] ADS value: 23.72, Ver: 111
[2026-07-15 03:41:43] ADS value: 23.74, Ver: 111
[2026-07-15 03:42:14] ADS value: 23.74, Ver: 111
[2026-07-15 03:42:45] ADS value: 23.75, Ver: 111
[2026-07-15 03:43:15] ADS value: 23.74, Ver: 111
[2026-07-15 03:43:46] ADS value: 23.74, Ver: 111
[2026-07-15 03:44:17] ADS value: 23.72, Ver: 111
[2026-07-15 03:44:48] ADS value: 23.73, Ver: 111
[2026-07-15 03:45:19] ADS value: 23.72, Ver: 111
[2026-07-15 03:45:50] ADS value: 23.73, Ver: 111
[2026-07-15 03:46:20] ADS value: 23.75, Ver: 111
[2026-07-15 03:46:51] ADS value: 23.75, Ver: 111
[2026-07-15 03:47:22] ADS value: 23.73, Ver: 111
[2026-07-15 03:47:53] ADS value: 23.73, Ver: 111
[2026-07-15 03:49:35] ADS value: 23.71, Ver: 111
[2026-07-15 03:50:06] ADS value: 23.71, Ver: 111
[2026-07-15 03:50:37] ADS value: 23.73, Ver: 111
[2026-07-15 03:51:08] ADS value: 23.73, Ver: 111
[2026-07-15 03:51:39] ADS value: 23.73, Ver: 111
[2026-07-15 03:52:10] ADS value: 23.72, Ver: 111
[2026-07-15 03:53:52] ADS value: 23.72, Ver: 111
[2026-07-15 03:54:23] ADS value: 23.74, Ver: 111
[2026-07-15 03:54:54] ADS value: 23.71, Ver: 111
[2026-07-15 03:55:24] ADS value: 23.72, Ver: 111
[2026-07-15 03:55:56] ADS value: 23.71, Ver: 111
[2026-07-15 03:56:26] ADS value: 23.70, Ver: 111
[2026-07-15 03:56:57] ADS value: 23.74, Ver: 111
[2026-07-15 03:57:28] ADS value: 23.72, Ver: 111
[2026-07-15 03:57:59] ADS value: 23.71, Ver: 111
[2026-07-15 03:58:30] ADS value: 23.71, Ver: 111
[2026-07-15 03:59:01] ADS value: 23.72, Ver: 111
[2026-07-15 03:59:31] ADS value: 23.71, Ver: 111
[2026-07-15 04:00:02] ADS value: 23.70, Ver: 111
[2026-07-15 04:00:33] ADS value: 23.71, Ver: 111
[2026-07-15 04:01:04] ADS value: 23.71, Ver: 111
[2026-07-15 04:02:46] ADS value: 23.69, Ver: 111
[2026-07-15 04:03:17] ADS value: 23.72, Ver: 111
[2026-07-15 04:03:48] ADS value: 23.72, Ver: 111
[2026-07-15 04:04:18] ADS value: 23.71, Ver: 111
[2026-07-15 04:04:49] ADS value: 23.70, Ver: 111
[2026-07-15 04:05:20] ADS value: 23.70, Ver: 111
[2026-07-15 04:07:02] ADS value: 23.70, Ver: 111
[2026-07-15 04:07:33] ADS value: 23.69, Ver: 111
[2026-07-15 04:08:04] ADS value: 23.68, Ver: 111
[2026-07-15 04:08:35] ADS value: 23.70, Ver: 111
[2026-07-15 04:09:06] ADS value: 23.68, Ver: 111
[2026-07-15 04:09:37] ADS value: 23.71, Ver: 111
[2026-07-15 04:10:08] ADS value: 23.71, Ver: 111
[2026-07-15 04:10:39] ADS value: 23.68, Ver: 111
[2026-07-15 04:11:10] ADS value: 23.71, Ver: 111
[2026-07-15 04:11:41] ADS value: 23.71, Ver: 111
[2026-07-15 04:12:12] ADS value: 23.69, Ver: 111
[2026-07-15 04:12:43] ADS value: 23.68, Ver: 111
[2026-07-15 04:13:14] ADS value: 23.69, Ver: 111
[2026-07-15 04:13:44] ADS value: 23.68, Ver: 111
[2026-07-15 04:14:15] ADS value: 23.68, Ver: 111
[2026-07-15 04:15:57] ADS value: 23.69, Ver: 111
[2026-07-15 04:16:28] ADS value: 23.68, Ver: 111
[2026-07-15 04:17:01] ADS value: 23.69, Ver: 111
[2026-07-15 04:17:32] ADS value: 23.69, Ver: 111
[2026-07-15 04:18:03] ADS value: 23.66, Ver: 111
[2026-07-15 04:18:34] ADS value: 23.68, Ver: 111
[2026-07-15 04:20:16] ADS value: 23.67, Ver: 111
[2026-07-15 04:20:46] ADS value: 23.70, Ver: 111
[2026-07-15 04:21:17] ADS value: 23.66, Ver: 111
[2026-07-15 04:21:48] ADS value: 23.67, Ver: 111
[2026-07-15 04:22:19] ADS value: 23.68, Ver: 111
[2026-07-15 04:22:50] ADS value: 23.67, Ver: 111
[2026-07-15 04:23:21] ADS value: 23.66, Ver: 111
[2026-07-15 04:23:51] ADS value: 23.68, Ver: 111
[2026-07-15 04:24:22] ADS value: 23.65, Ver: 111
[2026-07-15 04:24:53] ADS value: 23.66, Ver: 111
[2026-07-15 04:25:24] ADS value: 23.67, Ver: 111
[2026-07-15 04:25:55] ADS value: 23.67, Ver: 111
[2026-07-15 04:26:25] ADS value: 23.65, Ver: 111
[2026-07-15 04:26:56] ADS value: 23.66, Ver: 111
[2026-07-15 04:27:27] ADS value: 23.68, Ver: 111
[2026-07-15 04:29:08] ADS value: 23.69, Ver: 111
[2026-07-15 04:29:39] ADS value: 23.66, Ver: 111
[2026-07-15 04:30:10] ADS value: 23.65, Ver: 111
[2026-07-15 04:30:41] ADS value: 23.65, Ver: 111
[2026-07-15 04:31:11] ADS value: 23.65, Ver: 111
[2026-07-15 04:31:42] ADS value: 23.69, Ver: 111
[2026-07-15 04:32:16] ADS value: 23.65, Ver: 111
[2026-07-15 04:33:23] ADS value: 23.66, Ver: 111
[2026-07-15 04:33:53] ADS value: 23.65, Ver: 111
[2026-07-15 04:34:24] ADS value: 23.66, Ver: 111
[2026-07-15 04:34:55] ADS value: 23.67, Ver: 111
[2026-07-15 04:35:25] ADS value: 23.65, Ver: 111
[2026-07-15 04:35:56] ADS value: 23.66, Ver: 111
[2026-07-15 04:36:27] ADS value: 23.66, Ver: 111
[2026-07-15 04:36:58] ADS value: 23.65, Ver: 111
[2026-07-15 04:37:29] ADS value: 23.66, Ver: 111
[2026-07-15 04:38:00] ADS value: 23.64, Ver: 111
[2026-07-15 04:38:30] ADS value: 23.66, Ver: 111
[2026-07-15 04:39:01] ADS value: 23.65, Ver: 111
[2026-07-15 04:39:32] ADS value: 23.64, Ver: 111
[2026-07-15 04:40:03] ADS value: 23.64, Ver: 111
[2026-07-15 04:40:34] ADS value: 23.64, Ver: 111
[2026-07-15 04:41:05] ADS value: 23.64, Ver: 111
[2026-07-15 04:42:11] ADS value: 23.67, Ver: 111
[2026-07-15 04:42:42] ADS value: 23.66, Ver: 111
[2026-07-15 04:43:13] ADS value: 23.67, Ver: 111
[2026-07-15 04:43:44] ADS value: 23.64, Ver: 111
[2026-07-15 04:44:15] ADS value: 23.64, Ver: 111
[2026-07-15 04:44:46] ADS value: 23.66, Ver: 111
[2026-07-15 04:45:17] ADS value: 23.66, Ver: 111
[2026-07-15 04:46:22] ADS value: 23.62, Ver: 111
[2026-07-15 04:46:53] ADS value: 23.65, Ver: 111
[2026-07-15 04:47:24] ADS value: 23.62, Ver: 111
[2026-07-15 04:47:55] ADS value: 23.64, Ver: 111
[2026-07-15 04:48:26] ADS value: 23.64, Ver: 111
[2026-07-15 04:48:57] ADS value: 23.63, Ver: 111
[2026-07-15 04:49:27] ADS value: 23.64, Ver: 111
[2026-07-15 04:49:58] ADS value: 23.64, Ver: 111
[2026-07-15 04:50:29] ADS value: 23.62, Ver: 111
[2026-07-15 04:51:00] ADS value: 23.64, Ver: 111
[2026-07-15 04:51:31] ADS value: 23.65, Ver: 111
[2026-07-15 04:52:02] ADS value: 23.64, Ver: 111
[2026-07-15 04:52:33] ADS value: 23.64, Ver: 111
[2026-07-15 04:53:04] ADS value: 23.63, Ver: 111
[2026-07-15 04:53:35] ADS value: 23.63, Ver: 111
[2026-07-15 04:55:16] ADS value: 23.62, Ver: 111
[2026-07-15 04:56:21] ADS value: 23.65, Ver: 111
[2026-07-15 04:56:51] ADS value: 23.61, Ver: 111
[2026-07-15 04:57:22] ADS value: 23.63, Ver: 111
[2026-07-15 04:57:53] ADS value: 23.62, Ver: 111
[2026-07-15 04:58:27] ADS value: 23.64, Ver: 111
[2026-07-15 04:59:33] ADS value: 23.62, Ver: 111
[2026-07-15 05:00:04] ADS value: 23.60, Ver: 111
[2026-07-15 05:00:35] ADS value: 23.63, Ver: 111
[2026-07-15 05:01:06] ADS value: 23.61, Ver: 111
[2026-07-15 05:01:36] ADS value: 23.64, Ver: 111
[2026-07-15 05:02:07] ADS value: 23.63, Ver: 111
[2026-07-15 05:02:38] ADS value: 23.62, Ver: 111
[2026-07-15 05:03:09] ADS value: 23.60, Ver: 111
[2026-07-15 05:03:40] ADS value: 23.63, Ver: 111
[2026-07-15 05:04:11] ADS value: 23.62, Ver: 111
[2026-07-15 05:04:52] ADS value: 23.61, Ver: 111
[2026-07-15 05:05:18] ADS value: 23.61, Ver: 111
[2026-07-15 05:05:49] ADS value: 23.64, Ver: 111
[2026-07-15 05:06:20] ADS value: 23.63, Ver: 111
[2026-07-15 05:06:50] ADS value: 23.61, Ver: 111
[2026-07-15 05:08:32] ADS value: 23.59, Ver: 111
[2026-07-15 05:09:03] ADS value: 23.61, Ver: 111
[2026-07-15 05:09:34] ADS value: 23.59, Ver: 111
[2026-07-15 05:10:05] ADS value: 23.62, Ver: 111
[2026-07-15 05:10:35] ADS value: 23.61, Ver: 111
[2026-07-15 05:11:06] ADS value: 23.59, Ver: 111
[2026-07-15 05:11:37] ADS value: 23.59, Ver: 111
[2026-07-15 05:12:08] ADS value: 23.61, Ver: 111
[2026-07-15 05:12:39] ADS value: 23.62, Ver: 111
[2026-07-15 05:13:10] ADS value: 23.59, Ver: 111
[2026-07-15 05:13:41] ADS value: 23.61, Ver: 111
[2026-07-15 05:14:12] ADS value: 23.61, Ver: 111
[2026-07-15 05:14:43] ADS value: 23.59, Ver: 111
[2026-07-15 05:15:13] ADS value: 23.59, Ver: 111
[2026-07-15 05:15:44] ADS value: 23.60, Ver: 111
[2026-07-15 05:16:15] ADS value: 23.60, Ver: 111
[2026-07-15 05:16:46] ADS value: 23.62, Ver: 111
[2026-07-15 05:17:17] ADS value: 23.58, Ver: 111
[2026-07-15 05:17:48] ADS value: 23.61, Ver: 111
[2026-07-15 05:18:19] ADS value: 23.61, Ver: 111
[2026-07-15 05:18:50] ADS value: 23.60, Ver: 111
[2026-07-15 05:19:21] ADS value: 23.60, Ver: 111
[2026-07-15 05:19:52] ADS value: 23.58, Ver: 111
[2026-07-15 05:21:34] ADS value: 23.58, Ver: 111
[2026-07-15 05:22:04] ADS value: 23.59, Ver: 111
[2026-07-15 05:22:35] ADS value: 23.59, Ver: 111
[2026-07-15 05:23:06] ADS value: 23.60, Ver: 111
[2026-07-15 05:23:37] ADS value: 23.61, Ver: 111
[2026-07-15 05:24:08] ADS value: 23.58, Ver: 111
[2026-07-15 05:25:15] ADS value: 23.59, Ver: 111
[2026-07-15 05:25:46] ADS value: 23.59, Ver: 111
[2026-07-15 05:26:17] ADS value: 23.58, Ver: 111
[2026-07-15 05:26:48] ADS value: 23.60, Ver: 111
[2026-07-15 05:27:19] ADS value: 23.57, Ver: 111
[2026-07-15 05:27:50] ADS value: 23.59, Ver: 111
[2026-07-15 05:28:21] ADS value: 23.60, Ver: 111
[2026-07-15 05:28:52] ADS value: 23.57, Ver: 111
[2026-07-15 05:29:23] ADS value: 23.61, Ver: 111
[2026-07-15 05:29:54] ADS value: 23.60, Ver: 111
[2026-07-15 05:30:25] ADS value: 23.58, Ver: 111
[2026-07-15 05:30:56] ADS value: 23.58, Ver: 111
[2026-07-15 05:31:26] ADS value: 23.57, Ver: 111
[2026-07-15 05:31:57] ADS value: 23.57, Ver: 111
[2026-07-15 05:32:28] ADS value: 23.56, Ver: 111
[2026-07-15 05:32:59] ADS value: 23.58, Ver: 111
[2026-07-15 05:34:41] ADS value: 23.56, Ver: 111
[2026-07-15 05:35:12] ADS value: 23.56, Ver: 111
[2026-07-15 05:35:43] ADS value: 23.57, Ver: 111
[2026-07-15 05:36:14] ADS value: 23.58, Ver: 111
[2026-07-15 05:36:45] ADS value: 23.57, Ver: 111
[2026-07-15 05:37:16] ADS value: 23.56, Ver: 111
[2026-07-15 05:38:25] ADS value: 23.58, Ver: 111
[2026-07-15 05:38:56] ADS value: 23.57, Ver: 111
[2026-07-15 05:39:27] ADS value: 23.57, Ver: 111
[2026-07-15 05:39:57] ADS value: 23.59, Ver: 111
[2026-07-15 05:40:28] ADS value: 23.56, Ver: 111
[2026-07-15 05:40:59] ADS value: 23.57, Ver: 111
[2026-07-15 05:41:30] ADS value: 23.57, Ver: 111
[2026-07-15 05:42:01] ADS value: 23.56, Ver: 111
[2026-07-15 05:42:32] ADS value: 23.57, Ver: 111
[2026-07-15 05:43:03] ADS value: 23.57, Ver: 111
[2026-07-15 05:43:34] ADS value: 23.58, Ver: 111
[2026-07-15 05:44:05] ADS value: 23.55, Ver: 111
[2026-07-15 05:44:36] ADS value: 23.55, Ver: 111
[2026-07-15 05:45:07] ADS value: 23.58, Ver: 111
[2026-07-15 05:45:37] ADS value: 23.54, Ver: 111
[2026-07-15 05:46:08] ADS value: 23.58, Ver: 111
[2026-07-15 05:46:38] ADS value: 23.56, Ver: 111
[2026-07-15 05:47:45] ADS value: 23.57, Ver: 111
[2026-07-15 05:48:16] ADS value: 23.57, Ver: 111
[2026-07-15 05:48:47] ADS value: 23.54, Ver: 111
[2026-07-15 05:49:17] ADS value: 23.57, Ver: 111
[2026-07-15 05:49:48] ADS value: 23.54, Ver: 111
[2026-07-15 05:50:19] ADS value: 23.57, Ver: 111
[2026-07-15 05:51:26] ADS value: 23.55, Ver: 111
[2026-07-15 05:51:57] ADS value: 23.54, Ver: 111
[2026-07-15 05:52:28] ADS value: 23.56, Ver: 111
[2026-07-15 05:52:59] ADS value: 23.55, Ver: 111
[2026-07-15 05:53:30] ADS value: 23.56, Ver: 111
[2026-07-15 05:54:01] ADS value: 23.56, Ver: 111
[2026-07-15 05:54:32] ADS value: 23.54, Ver: 111
[2026-07-15 05:55:03] ADS value: 23.56, Ver: 111
[2026-07-15 05:55:34] ADS value: 23.54, Ver: 111
[2026-07-15 05:56:04] ADS value: 23.56, Ver: 111
[2026-07-15 05:56:34] ADS value: 23.55, Ver: 111
[2026-07-15 05:57:05] ADS value: 23.55, Ver: 111
[2026-07-15 05:57:36] ADS value: 23.54, Ver: 111
[2026-07-15 05:58:07] ADS value: 23.54, Ver: 111
[2026-07-15 05:58:38] ADS value: 23.53, Ver: 111
[2026-07-15 05:59:09] ADS value: 23.54, Ver: 111
[2026-07-15 06:00:17] ADS value: 23.53, Ver: 111
[2026-07-15 06:00:48] ADS value: 23.55, Ver: 111
[2026-07-15 06:01:19] ADS value: 23.53, Ver: 111
[2026-07-15 06:01:50] ADS value: 23.54, Ver: 111
[2026-07-15 06:02:21] ADS value: 23.56, Ver: 111
[2026-07-15 06:02:52] ADS value: 23.56, Ver: 111
[2026-07-15 06:03:23] ADS value: 23.52, Ver: 111
[2026-07-15 06:03:56] ADS value: 23.54, Ver: 111
[2026-07-15 06:05:03] ADS value: 23.53, Ver: 111
[2026-07-15 06:05:34] ADS value: 23.52, Ver: 111
[2026-07-15 06:06:05] ADS value: 23.53, Ver: 111
[2026-07-15 06:06:36] ADS value: 23.51, Ver: 111
[2026-07-15 06:07:07] ADS value: 23.55, Ver: 111
[2026-07-15 06:07:37] ADS value: 23.52, Ver: 111
[2026-07-15 06:08:08] ADS value: 23.54, Ver: 111
[2026-07-15 06:08:39] ADS value: 23.53, Ver: 111
[2026-07-15 06:09:10] ADS value: 23.54, Ver: 111
[2026-07-15 06:09:41] ADS value: 23.52, Ver: 111
[2026-07-15 06:10:12] ADS value: 23.53, Ver: 111
[2026-07-15 06:10:42] ADS value: 23.55, Ver: 111
[2026-07-15 06:11:13] ADS value: 23.53, Ver: 111
[2026-07-15 06:11:44] ADS value: 23.53, Ver: 111
[2026-07-15 06:12:15] ADS value: 23.51, Ver: 111
[2026-07-15 06:13:57] ADS value: 23.54, Ver: 111
[2026-07-15 06:14:28] ADS value: 23.50, Ver: 111
[2026-07-15 06:14:59] ADS value: 23.50, Ver: 111
[2026-07-15 06:15:29] ADS value: 23.50, Ver: 111
[2026-07-15 06:16:01] ADS value: 23.51, Ver: 111
[2026-07-15 06:16:31] ADS value: 23.50, Ver: 111
[2026-07-15 06:18:13] ADS value: 23.50, Ver: 111
[2026-07-15 06:18:44] ADS value: 23.51, Ver: 111
[2026-07-15 06:19:15] ADS value: 23.53, Ver: 111
[2026-07-15 06:19:46] ADS value: 23.51, Ver: 111
[2026-07-15 06:20:17] ADS value: 23.50, Ver: 111
[2026-07-15 06:20:47] ADS value: 23.52, Ver: 111
[2026-07-15 06:21:18] ADS value: 23.51, Ver: 111
[2026-07-15 06:21:49] ADS value: 23.51, Ver: 111
[2026-07-15 06:22:19] ADS value: 23.51, Ver: 111
[2026-07-15 06:22:50] ADS value: 23.51, Ver: 111
[2026-07-15 06:23:21] ADS value: 23.49, Ver: 111
[2026-07-15 06:23:52] ADS value: 23.51, Ver: 111
[2026-07-15 06:24:23] ADS value: 23.50, Ver: 111
[2026-07-15 06:24:54] ADS value: 23.50, Ver: 111
[2026-07-15 06:25:24] ADS value: 23.50, Ver: 111
[2026-07-15 06:25:58] ADS value: 23.51, Ver: 111
[2026-07-15 06:27:04] ADS value: 23.52, Ver: 111
[2026-07-15 06:27:35] ADS value: 23.49, Ver: 111
[2026-07-15 06:28:06] ADS value: 23.51, Ver: 111
[2026-07-15 06:28:37] ADS value: 23.52, Ver: 111
[2026-07-15 06:29:08] ADS value: 23.50, Ver: 111
[2026-07-15 06:29:39] ADS value: 23.48, Ver: 111
[2026-07-15 06:31:21] ADS value: 23.51, Ver: 111
[2026-07-15 06:31:51] ADS value: 23.48, Ver: 111
[2026-07-15 06:32:22] ADS value: 23.49, Ver: 111
[2026-07-15 06:32:52] ADS value: 23.51, Ver: 111
[2026-07-15 06:33:23] ADS value: 23.48, Ver: 111
[2026-07-15 06:33:54] ADS value: 23.48, Ver: 111
[2026-07-15 06:34:25] ADS value: 23.49, Ver: 111
[2026-07-15 06:34:56] ADS value: 23.48, Ver: 111
[2026-07-15 06:35:27] ADS value: 23.51, Ver: 111
[2026-07-15 06:35:58] ADS value: 23.48, Ver: 111
[2026-07-15 06:36:29] ADS value: 23.47, Ver: 111
[2026-07-15 06:37:00] ADS value: 23.50, Ver: 111
[2026-07-15 06:37:31] ADS value: 23.50, Ver: 111
[2026-07-15 06:38:02] ADS value: 23.51, Ver: 111
[2026-07-15 06:38:33] ADS value: 23.47, Ver: 111
[2026-07-15 06:40:15] ADS value: 23.48, Ver: 111
[2026-07-15 06:40:46] ADS value: 23.46, Ver: 111
[2026-07-15 06:41:17] ADS value: 23.50, Ver: 111
[2026-07-15 06:41:48] ADS value: 23.47, Ver: 111
[2026-07-15 06:42:19] ADS value: 23.50, Ver: 111
[2026-07-15 06:42:50] ADS value: 23.49, Ver: 111
[2026-07-15 06:43:59] ADS value: 23.47, Ver: 111
[2026-07-15 06:44:30] ADS value: 23.46, Ver: 111
[2026-07-15 06:45:01] ADS value: 23.49, Ver: 111
[2026-07-15 06:45:32] ADS value: 23.46, Ver: 111
[2026-07-15 06:46:03] ADS value: 23.48, Ver: 111
[2026-07-15 06:46:34] ADS value: 23.47, Ver: 111
[2026-07-15 06:47:05] ADS value: 23.47, Ver: 111
[2026-07-15 06:47:36] ADS value: 23.46, Ver: 111
[2026-07-15 06:48:07] ADS value: 23.45, Ver: 111
[2026-07-15 06:48:37] ADS value: 23.45, Ver: 111
[2026-07-15 06:49:08] ADS value: 23.49, Ver: 111
[2026-07-15 06:49:39] ADS value: 23.46, Ver: 111
[2026-07-15 06:50:13] ADS value: 23.46, Ver: 111
[2026-07-15 06:50:44] ADS value: 23.47, Ver: 111
[2026-07-15 06:51:15] ADS value: 23.47, Ver: 111
[2026-07-15 06:51:46] ADS value: 23.45, Ver: 111
[2026-07-15 06:53:27] ADS value: 23.46, Ver: 111
[2026-07-15 06:53:58] ADS value: 23.45, Ver: 111
[2026-07-15 06:54:29] ADS value: 23.46, Ver: 111
[2026-07-15 06:55:00] ADS value: 23.45, Ver: 111
[2026-07-15 06:55:30] ADS value: 23.46, Ver: 111
[2026-07-15 06:56:01] ADS value: 23.47, Ver: 111
[2026-07-15 06:57:43] ADS value: 23.47, Ver: 111
[2026-07-15 06:58:14] ADS value: 23.46, Ver: 111
[2026-07-15 06:58:45] ADS value: 23.45, Ver: 111
[2026-07-15 06:59:16] ADS value: 23.47, Ver: 111
[2026-07-15 06:59:47] ADS value: 23.44, Ver: 111
[2026-07-15 07:00:18] ADS value: 23.45, Ver: 111
[2026-07-15 07:00:49] ADS value: 23.44, Ver: 111
[2026-07-15 07:01:20] ADS value: 23.46, Ver: 111
[2026-07-15 07:01:51] ADS value: 23.44, Ver: 111
[2026-07-15 07:02:21] ADS value: 23.47, Ver: 111
[2026-07-15 07:02:52] ADS value: 23.44, Ver: 111
[2026-07-15 07:03:23] ADS value: 23.46, Ver: 111
[2026-07-15 07:03:54] ADS value: 23.46, Ver: 111
[2026-07-15 07:04:25] ADS value: 23.47, Ver: 111
[2026-07-15 07:04:56] ADS value: 23.45, Ver: 111
[2026-07-15 07:05:30] ADS value: 23.44, Ver: 111
[2026-07-15 07:06:00] ADS value: 23.45, Ver: 111
[2026-07-15 07:06:31] ADS value: 23.44, Ver: 111
[2026-07-15 07:07:02] ADS value: 23.47, Ver: 111
[2026-07-15 07:07:33] ADS value: 23.43, Ver: 111
[2026-07-15 07:08:03] ADS value: 23.44, Ver: 111
[2026-07-15 07:08:34] ADS value: 23.43, Ver: 111
[2026-07-15 07:09:05] ADS value: 23.46, Ver: 111
[2026-07-15 07:10:47] ADS value: 23.45, Ver: 111
[2026-07-15 07:11:18] ADS value: 23.43, Ver: 111
[2026-07-15 07:11:49] ADS value: 23.43, Ver: 111
[2026-07-15 07:12:23] ADS value: 23.44, Ver: 111
[2026-07-15 07:12:54] ADS value: 23.43, Ver: 111
[2026-07-15 07:13:25] ADS value: 23.43, Ver: 111
[2026-07-15 07:13:56] ADS value: 23.46, Ver: 111
[2026-07-15 07:14:27] ADS value: 23.43, Ver: 111
[2026-07-15 07:14:58] ADS value: 23.44, Ver: 111
[2026-07-15 07:15:28] ADS value: 23.45, Ver: 111
[2026-07-15 07:15:59] ADS value: 23.43, Ver: 111
[2026-07-15 07:16:30] ADS value: 23.43, Ver: 111
[2026-07-15 07:17:01] ADS value: 23.43, Ver: 111
[2026-07-15 07:17:32] ADS value: 23.45, Ver: 111
[2026-07-15 07:18:03] ADS value: 23.44, Ver: 111
[2026-07-15 07:19:45] ADS value: 23.43, Ver: 111
[2026-07-15 07:20:16] ADS value: 23.42, Ver: 111
[2026-07-15 07:20:47] ADS value: 23.43, Ver: 111
[2026-07-15 07:21:18] ADS value: 23.44, Ver: 111
[2026-07-15 07:21:49] ADS value: 23.45, Ver: 111
[2026-07-15 07:22:20] ADS value: 23.42, Ver: 111
[2026-07-15 07:22:51] ADS value: 23.43, Ver: 111
[2026-07-15 07:23:57] ADS value: 23.43, Ver: 111
[2026-07-15 07:24:28] ADS value: 23.43, Ver: 111
[2026-07-15 07:24:59] ADS value: 23.42, Ver: 111
[2026-07-15 07:25:30] ADS value: 23.42, Ver: 111
[2026-07-15 07:26:01] ADS value: 23.43, Ver: 111
[2026-07-15 07:26:32] ADS value: 23.43, Ver: 111
[2026-07-15 07:27:03] ADS value: 23.42, Ver: 111
[2026-07-15 07:27:33] ADS value: 23.42, Ver: 111
[2026-07-15 07:28:04] ADS value: 23.43, Ver: 111
[2026-07-15 07:28:35] ADS value: 23.44, Ver: 111
[2026-07-15 07:29:06] ADS value: 23.44, Ver: 111
[2026-07-15 07:29:37] ADS value: 23.44, Ver: 111
[2026-07-15 07:30:08] ADS value: 23.43, Ver: 111
[2026-07-15 07:30:39] ADS value: 23.44, Ver: 111
[2026-07-15 07:31:10] ADS value: 23.42, Ver: 111
[2026-07-15 07:32:52] ADS value: 23.41, Ver: 111
[2026-07-15 07:33:22] ADS value: 23.43, Ver: 111
[2026-07-15 07:33:53] ADS value: 23.40, Ver: 111
[2026-07-15 07:34:24] ADS value: 23.41, Ver: 111
[2026-07-15 07:34:54] ADS value: 23.42, Ver: 111
[2026-07-15 07:35:25] ADS value: 23.41, Ver: 111
[2026-07-15 07:37:07] ADS value: 23.41, Ver: 111
[2026-07-15 07:37:37] ADS value: 23.41, Ver: 111
[2026-07-15 07:38:08] ADS value: 23.40, Ver: 111
[2026-07-15 07:38:39] ADS value: 23.39, Ver: 111
[2026-07-15 07:39:10] ADS value: 23.42, Ver: 111
[2026-07-15 07:39:41] ADS value: 23.41, Ver: 111
[2026-07-15 07:40:12] ADS value: 23.39, Ver: 111
[2026-07-15 07:40:43] ADS value: 23.41, Ver: 111
[2026-07-15 07:41:14] ADS value: 23.40, Ver: 111
[2026-07-15 07:41:45] ADS value: 23.39, Ver: 111
[2026-07-15 07:42:15] ADS value: 23.42, Ver: 111
[2026-07-15 07:42:46] ADS value: 23.42, Ver: 111
[2026-07-15 07:43:17] ADS value: 23.40, Ver: 111
[2026-07-15 07:43:48] ADS value: 23.40, Ver: 111
[2026-07-15 07:44:18] ADS value: 23.38, Ver: 111
[2026-07-15 07:46:00] ADS value: 23.39, Ver: 111
[2026-07-15 07:46:31] ADS value: 23.40, Ver: 111
[2026-07-15 07:47:02] ADS value: 23.39, Ver: 111
[2026-07-15 07:47:33] ADS value: 23.40, Ver: 111
[2026-07-15 07:48:04] ADS value: 23.39, Ver: 111
[2026-07-15 07:48:35] ADS value: 23.40, Ver: 111
[2026-07-15 07:49:08] ADS value: 23.39, Ver: 111
[2026-07-15 07:50:14] ADS value: 23.40, Ver: 111
[2026-07-15 07:50:45] ADS value: 23.37, Ver: 111
[2026-07-15 07:51:16] ADS value: 23.38, Ver: 111
[2026-07-15 07:51:47] ADS value: 23.39, Ver: 111
[2026-07-15 07:52:18] ADS value: 23.38, Ver: 111
[2026-07-15 07:52:49] ADS value: 23.38, Ver: 111
[2026-07-15 07:53:20] ADS value: 23.40, Ver: 111
[2026-07-15 07:53:51] ADS value: 23.38, Ver: 111
[2026-07-15 07:54:22] ADS value: 23.38, Ver: 111
[2026-07-15 07:54:52] ADS value: 23.40, Ver: 111
[2026-07-15 07:55:23] ADS value: 23.37, Ver: 111
[2026-07-15 07:55:53] ADS value: 23.38, Ver: 111
[2026-07-15 07:56:24] ADS value: 23.40, Ver: 111
[2026-07-15 07:56:55] ADS value: 23.38, Ver: 111
[2026-07-15 07:57:26] ADS value: 23.39, Ver: 111
[2026-07-15 07:58:00] ADS value: 23.40, Ver: 111
[2026-07-15 07:59:06] ADS value: 23.38, Ver: 111
[2026-07-15 07:59:37] ADS value: 23.38, Ver: 111
[2026-07-15 08:00:08] ADS value: 23.38, Ver: 111
[2026-07-15 08:00:39] ADS value: 23.37, Ver: 111
[2026-07-15 08:01:10] ADS value: 23.39, Ver: 111
[2026-07-15 08:01:41] ADS value: 23.36, Ver: 111
[2026-07-15 08:03:23] ADS value: 23.37, Ver: 111
[2026-07-15 08:03:54] ADS value: 23.39, Ver: 111
[2026-07-15 08:04:25] ADS value: 23.37, Ver: 111
[2026-07-15 08:04:56] ADS value: 23.36, Ver: 111
[2026-07-15 08:05:27] ADS value: 23.36, Ver: 111
[2026-07-15 08:05:58] ADS value: 23.37, Ver: 111
[2026-07-15 08:06:28] ADS value: 23.37, Ver: 111
[2026-07-15 08:06:59] ADS value: 23.37, Ver: 111
[2026-07-15 08:07:32] ADS value: 23.35, Ver: 111
[2026-07-15 08:08:03] ADS value: 23.36, Ver: 111
[2026-07-15 08:08:34] ADS value: 23.37, Ver: 111
[2026-07-15 08:09:05] ADS value: 23.34, Ver: 111
[2026-07-15 08:09:36] ADS value: 23.37, Ver: 111
[2026-07-15 08:10:07] ADS value: 23.37, Ver: 111
[2026-07-15 08:10:37] ADS value: 23.35, Ver: 111
[2026-07-15 08:12:19] ADS value: 23.34, Ver: 111
[2026-07-15 08:12:50] ADS value: 23.36, Ver: 111
[2026-07-15 08:13:20] ADS value: 23.34, Ver: 111
[2026-07-15 08:13:51] ADS value: 23.37, Ver: 111
[2026-07-15 08:14:22] ADS value: 23.37, Ver: 111
[2026-07-15 08:14:53] ADS value: 23.36, Ver: 111
[2026-07-15 08:16:35] ADS value: 23.35, Ver: 111
[2026-07-15 08:17:05] ADS value: 23.34, Ver: 111
[2026-07-15 08:17:36] ADS value: 23.35, Ver: 111
[2026-07-15 08:18:07] ADS value: 23.35, Ver: 111
[2026-07-15 08:18:38] ADS value: 23.35, Ver: 111
[2026-07-15 08:19:09] ADS value: 23.34, Ver: 111
[2026-07-15 08:19:40] ADS value: 23.34, Ver: 111
[2026-07-15 08:20:11] ADS value: 23.35, Ver: 111
[2026-07-15 08:20:42] ADS value: 23.32, Ver: 111
[2026-07-15 08:21:13] ADS value: 23.34, Ver: 111
[2026-07-15 08:21:44] ADS value: 23.35, Ver: 111
[2026-07-15 08:22:15] ADS value: 23.34, Ver: 111
[2026-07-15 08:22:46] ADS value: 23.33, Ver: 111
[2026-07-15 08:23:17] ADS value: 23.33, Ver: 111
[2026-07-15 08:23:48] ADS value: 23.32, Ver: 111
[2026-07-15 08:25:30] ADS value: 23.32, Ver: 111
[2026-07-15 08:26:01] ADS value: 23.34, Ver: 111
[2026-07-15 08:26:32] ADS value: 23.31, Ver: 111
[2026-07-15 08:27:03] ADS value: 23.33, Ver: 111
[2026-07-15 08:27:34] ADS value: 23.31, Ver: 111
[2026-07-15 08:28:04] ADS value: 23.34, Ver: 111
[2026-07-15 08:29:46] ADS value: 23.34, Ver: 111
[2026-07-15 08:30:17] ADS value: 23.31, Ver: 111
[2026-07-15 08:30:48] ADS value: 23.32, Ver: 111
[2026-07-15 08:31:19] ADS value: 23.33, Ver: 111
[2026-07-15 08:31:50] ADS value: 23.32, Ver: 111
[2026-07-15 08:32:20] ADS value: 23.30, Ver: 111
[2026-07-15 08:32:51] ADS value: 23.32, Ver: 111
[2026-07-15 08:33:22] ADS value: 23.30, Ver: 111
[2026-07-15 08:33:53] ADS value: 23.32, Ver: 111
[2026-07-15 08:34:23] ADS value: 23.32, Ver: 111
[2026-07-15 08:34:54] ADS value: 23.33, Ver: 111
[2026-07-15 08:35:25] ADS value: 23.30, Ver: 111
[2026-07-15 08:35:56] ADS value: 23.32, Ver: 111
[2026-07-15 08:36:27] ADS value: 23.30, Ver: 111
[2026-07-15 08:36:58] ADS value: 23.31, Ver: 111
[2026-07-15 08:38:40] ADS value: 23.29, Ver: 111
[2026-07-15 08:39:11] ADS value: 23.33, Ver: 111
[2026-07-15 08:39:42] ADS value: 23.30, Ver: 111
[2026-07-15 08:40:12] ADS value: 23.29, Ver: 111
[2026-07-15 08:40:43] ADS value: 23.31, Ver: 111
[2026-07-15 08:41:14] ADS value: 23.30, Ver: 111
[2026-07-15 08:42:21] ADS value: 23.28, Ver: 111
[2026-07-15 08:42:52] ADS value: 23.32, Ver: 111
[2026-07-15 08:43:23] ADS value: 23.29, Ver: 111
[2026-07-15 08:43:53] ADS value: 23.28, Ver: 111
[2026-07-15 08:44:24] ADS value: 23.30, Ver: 111
[2026-07-15 08:44:55] ADS value: 23.31, Ver: 111
[2026-07-15 08:45:26] ADS value: 23.30, Ver: 111
[2026-07-15 08:45:57] ADS value: 23.28, Ver: 111
[2026-07-15 08:46:28] ADS value: 23.30, Ver: 111
[2026-07-15 08:46:58] ADS value: 23.29, Ver: 111
[2026-07-15 08:47:29] ADS value: 23.31, Ver: 111
[2026-07-15 08:48:00] ADS value: 23.28, Ver: 111
[2026-07-15 08:48:31] ADS value: 23.28, Ver: 111
[2026-07-15 08:49:01] ADS value: 23.29, Ver: 111
[2026-07-15 08:49:32] ADS value: 23.30, Ver: 111
[2026-07-15 08:50:03] ADS value: 23.28, Ver: 111
[2026-07-15 08:50:34] ADS value: 23.28, Ver: 111
[2026-07-15 08:51:08] ADS value: 23.32, Ver: 111
[2026-07-15 08:51:39] ADS value: 23.29, Ver: 111
[2026-07-15 08:52:10] ADS value: 23.27, Ver: 111
[2026-07-15 08:52:41] ADS value: 23.28, Ver: 111
[2026-07-15 08:53:11] ADS value: 23.26, Ver: 111
[2026-07-15 08:53:42] ADS value: 23.30, Ver: 111
[2026-07-15 08:54:13] ADS value: 23.27, Ver: 111
[2026-07-15 08:55:55] ADS value: 23.27, Ver: 111
[2026-07-15 08:56:26] ADS value: 23.27, Ver: 111
[2026-07-15 08:56:57] ADS value: 23.28, Ver: 111
[2026-07-15 08:57:28] ADS value: 23.27, Ver: 111
[2026-07-15 08:57:58] ADS value: 23.29, Ver: 111
[2026-07-15 08:58:29] ADS value: 23.26, Ver: 111
[2026-07-15 08:59:00] ADS value: 23.27, Ver: 111
[2026-07-15 08:59:31] ADS value: 23.26, Ver: 111
[2026-07-15 09:00:01] ADS value: 23.29, Ver: 111
[2026-07-15 09:00:32] ADS value: 23.28, Ver: 111
[2026-07-15 09:01:02] ADS value: 23.27, Ver: 111
[2026-07-15 09:01:33] ADS value: 23.27, Ver: 111
[2026-07-15 09:02:04] ADS value: 23.28, Ver: 111
[2026-07-15 09:02:35] ADS value: 23.26, Ver: 111
[2026-07-15 09:03:05] ADS value: 23.27, Ver: 111
[2026-07-15 09:03:39] ADS value: 23.27, Ver: 111
[2026-07-15 09:04:45] ADS value: 23.28, Ver: 111
[2026-07-15 09:05:16] ADS value: 23.27, Ver: 111
[2026-07-15 09:05:47] ADS value: 23.28, Ver: 111
[2026-07-15 09:06:18] ADS value: 23.27, Ver: 111
[2026-07-15 09:06:49] ADS value: 23.27, Ver: 111
[2026-07-15 09:07:20] ADS value: 23.27, Ver: 111
[2026-07-15 09:09:01] ADS value: 23.24, Ver: 111
[2026-07-15 09:09:32] ADS value: 23.25, Ver: 111
[2026-07-15 09:10:03] ADS value: 23.26, Ver: 111
[2026-07-15 09:10:34] ADS value: 23.26, Ver: 111
[2026-07-15 09:11:04] ADS value: 23.24, Ver: 111
[2026-07-15 09:11:35] ADS value: 23.26, Ver: 111
[2026-07-15 09:12:09] ADS value: 23.26, Ver: 111
[2026-07-15 09:12:39] ADS value: 23.26, Ver: 111
[2026-07-15 09:13:09] ADS value: 23.26, Ver: 111
[2026-07-15 09:13:41] ADS value: 23.25, Ver: 111
[2026-07-15 09:14:12] ADS value: 23.25, Ver: 111
[2026-07-15 09:14:42] ADS value: 23.26, Ver: 111
[2026-07-15 09:15:13] ADS value: 23.24, Ver: 111
[2026-07-15 09:15:44] ADS value: 23.25, Ver: 111
[2026-07-15 09:16:15] ADS value: 23.25, Ver: 111
[2026-07-15 09:17:57] ADS value: 23.25, Ver: 111
[2026-07-15 09:18:28] ADS value: 23.24, Ver: 111
[2026-07-15 09:18:59] ADS value: 23.27, Ver: 111
[2026-07-15 09:19:30] ADS value: 23.23, Ver: 111
[2026-07-15 09:20:01] ADS value: 23.25, Ver: 111
[2026-07-15 09:20:31] ADS value: 23.23, Ver: 111
[2026-07-15 09:21:02] ADS value: 23.24, Ver: 111
[2026-07-15 09:22:08] ADS value: 23.25, Ver: 111
[2026-07-15 09:22:39] ADS value: 23.26, Ver: 111
[2026-07-15 09:23:10] ADS value: 23.24, Ver: 111
[2026-07-15 09:23:41] ADS value: 23.22, Ver: 111
[2026-07-15 09:24:12] ADS value: 23.22, Ver: 111
[2026-07-15 09:24:43] ADS value: 23.26, Ver: 111
[2026-07-15 09:25:14] ADS value: 23.23, Ver: 111
[2026-07-15 09:25:44] ADS value: 23.25, Ver: 111
[2026-07-15 09:26:15] ADS value: 23.22, Ver: 111
[2026-07-15 09:26:46] ADS value: 23.22, Ver: 111
[2026-07-15 09:27:17] ADS value: 23.24, Ver: 111
[2026-07-15 09:27:48] ADS value: 23.22, Ver: 111
[2026-07-15 09:28:19] ADS value: 23.22, Ver: 111
[2026-07-15 09:28:50] ADS value: 23.25, Ver: 111
[2026-07-15 09:29:21] ADS value: 23.22, Ver: 111
[2026-07-15 09:31:03] ADS value: 23.21, Ver: 111
[2026-07-15 09:31:34] ADS value: 23.22, Ver: 111
[2026-07-15 09:32:05] ADS value: 23.24, Ver: 111
[2026-07-15 09:32:36] ADS value: 23.22, Ver: 111
[2026-07-15 09:33:06] ADS value: 23.21, Ver: 111
[2026-07-15 09:33:37] ADS value: 23.22, Ver: 111
[2026-07-15 09:35:19] ADS value: 23.22, Ver: 111
[2026-07-15 09:35:49] ADS value: 23.24, Ver: 111
[2026-07-15 09:36:20] ADS value: 23.21, Ver: 111
[2026-07-15 09:36:51] ADS value: 23.22, Ver: 111
[2026-07-15 09:37:22] ADS value: 23.21, Ver: 111
[2026-07-15 09:37:53] ADS value: 23.20, Ver: 111
[2026-07-15 09:38:24] ADS value: 23.21, Ver: 111
[2026-07-15 09:38:56] ADS value: 23.22, Ver: 111
[2026-07-15 09:39:27] ADS value: 23.22, Ver: 111
[2026-07-15 09:39:58] ADS value: 23.22, Ver: 111
[2026-07-16 08:30:35] Boot complete
[2026-07-16 08:30:54] ADS value: 23.17, Ver: 111
[2026-07-16 08:31:25] ADS value: 23.17, Ver: 111
[2026-07-16 08:31:56] ADS value: 23.17, Ver: 111
[2026-07-16 08:32:28] ADS value: 23.17, Ver: 111
[2026-07-16 08:32:59] ADS value: 23.18, Ver: 111
[2026-07-16 08:33:30] ADS value: 23.18, Ver: 111
[2026-07-16 08:34:01] ADS value: 23.18, Ver: 111
[2026-07-16 08:34:32] ADS value: 23.18, Ver: 111
[2026-07-16 08:35:03] ADS value: 23.18, Ver: 111
[2026-07-16 08:35:34] ADS value: 23.17, Ver: 111
[2026-07-16 08:36:05] ADS value: 23.18, Ver: 111
[2026-07-16 08:36:36] ADS value: 23.18, Ver: 111
[2026-07-16 08:37:07] ADS value: 23.18, Ver: 111
[2026-07-16 08:37:38] ADS value: 23.18, Ver: 111
[2026-07-16 08:38:09] ADS value: 23.18, Ver: 111
[2026-07-16 08:38:41] ADS value: 23.18, Ver: 111
[2026-07-16 08:39:12] ADS value: 23.17, Ver: 111
[2026-07-16 08:39:43] ADS value: 23.18, Ver: 111
[2026-07-21 09:09:45] Boot complete
[2026-07-21 09:10:06] ADS value: 0.00, Ver: 106
[2026-07-21 09:10:36] ADS value: 0.00, Ver: 106
[2026-07-21 09:11:06] ADS value: 0.00, Ver: 106
[2026-07-21 09:11:37] ADS value: 0.00, Ver: 106
[2026-07-21 09:12:07] ADS value: 0.00, Ver: 106
[2026-07-21 09:12:37] ADS value: 0.00, Ver: 106
[2026-07-21 09:13:08] ADS value: 0.00, Ver: 106
[2026-07-21 09:13:38] ADS value: 0.00, Ver: 106
[2026-07-21 09:14:09] ADS value: 0.00, Ver: 106
[2026-07-21 09:14:39] ADS value: 0.00, Ver: 106
[2026-07-21 09:15:10] ADS value: 0.00, Ver: 106
[2026-07-21 09:15:40] ADS value: 0.00, Ver: 106
[2026-07-21 09:16:11] ADS value: 0.00, Ver: 106
[2026-07-21 09:16:41] ADS value: 0.00, Ver: 106
[2026-07-21 09:17:11] ADS value: 0.00, Ver: 106
[2026-07-21 09:17:42] ADS value: 0.00, Ver: 106
[2026-07-21 09:18:13] ADS value: 0.00, Ver: 106
[2026-07-21 09:18:43] ADS value: 0.00, Ver: 106
[2026-07-21 09:19:13] ADS value: 0.00, Ver: 106
[2026-07-21 09:19:44] ADS value: 0.00, Ver: 106
[2026-07-21 09:20:14] ADS value: 0.00, Ver: 106
[2026-07-21 09:20:45] ADS value: 0.00, Ver: 106
[2026-07-21 09:21:15] ADS value: 0.00, Ver: 106
[2026-07-21 09:21:46] ADS value: 0.00, Ver: 106
[2026-07-21 09:22:16] ADS value: 0.00, Ver: 106
[2026-07-21 09:22:46] ADS value: 0.00, Ver: 106
[2026-07-21 09:23:17] ADS value: 0.00, Ver: 106
[2026-07-21 09:23:47] ADS value: 0.00, Ver: 106
[2026-07-21 09:24:17] ADS value: 0.00, Ver: 106
[2026-07-21 09:24:48] ADS value: 0.00, Ver: 106
[2026-07-21 09:25:18] ADS value: 0.00, Ver: 106
[2026-07-21 09:25:49] ADS value: 0.00, Ver: 106
[2026-07-21 09:26:19] ADS value: 0.00, Ver: 106
[2026-07-21 09:26:50] ADS value: 0.00, Ver: 106
[2026-07-21 09:27:20] ADS value: 0.00, Ver: 106
[2026-07-21 09:27:45] Boot complete
[2026-07-21 09:28:07] ADS value: 0.00, Ver: 106
[2026-07-21 09:28:38] Boot complete
[2026-07-21 09:28:58] ADS value: 0.00, Ver: 106
[2026-07-21 09:29:43] Boot complete
[2026-07-21 09:30:04] ADS value: 0.00, Ver: 106
[2026-07-21 09:34:14] Boot complete
[2026-07-21 09:34:52] Boot complete
[2026-07-21 09:57:13] Boot complete
[2026-07-21 09:57:34] ADS value: 0.00, Ver: 106
[2026-07-21 09:58:22] Boot complete
