[2026-06-08 08:06:28] Boot complete
[2026-06-08 08:06:29] ADS value: 23.40, Ver: 101
[2026-06-08 08:06:30] running_opposite
[2026-06-08 08:07:44] running_front
[2026-06-08 08:07:52] ADS value: 23.41, Ver: 101
[2026-06-08 08:07:53] ADS value: 23.41, Ver: 101
[2026-06-08 08:07:58] ADS value: 23.41, Ver: 101
[2026-06-08 08:07:58] ADS value: 23.42, Ver: 101
[2026-06-08 08:07:59] ADS value: 23.42, Ver: 101
[2026-06-08 08:08:01] ADS value: 23.41, Ver: 101
[2026-06-08 08:08:02] ADS value: 23.41, Ver: 101
[2026-06-08 08:08:04] ADS value: 23.41, Ver: 101
[2026-06-08 08:08:06] ADS value: 23.41, Ver: 101
[2026-06-08 08:08:08] ADS value: 23.41, Ver: 101
[2026-06-08 08:08:10] ADS value: 23.41, Ver: 101
[2026-06-08 08:08:12] ADS value: 23.41, Ver: 101
[2026-06-08 08:08:15] ADS value: 23.41, Ver: 101
[2026-06-08 08:08:20] ADS value: 23.42, Ver: 101
[2026-06-08 08:08:25] ADS value: 23.41, Ver: 101
[2026-06-08 08:08:27] ADS value: 23.41, Ver: 101
[2026-06-08 08:08:31] ADS value: 23.41, Ver: 101
[2026-06-08 08:08:34] ADS value: 23.41, Ver: 101
[2026-06-08 08:08:36] running_front
[2026-06-08 08:08:48] running_opposite
[2026-06-08 08:08:53] ADS value: 23.42, Ver: 101
[2026-06-08 08:08:54] ADS value: 23.43, Ver: 101
[2026-06-08 08:08:56] ADS value: 23.43, Ver: 101
[2026-06-08 08:08:57] ADS value: 23.42, Ver: 101
[2026-06-08 08:12:45] Boot complete
[2026-06-08 08:12:46] ADS value: 23.43, Ver: 101
[2026-06-08 08:12:48] running_opposite
[2026-06-08 08:13:18] running_front
[2026-06-08 08:13:23] ADS value: 23.42, Ver: 101
[2026-06-08 08:13:24] ADS value: 23.43, Ver: 101
[2026-06-08 08:13:26] ADS value: 23.43, Ver: 101
[2026-06-08 08:13:27] ADS value: 23.43, Ver: 101
[2026-06-08 08:13:29] ADS value: 23.43, Ver: 101
[2026-06-08 08:13:30] ADS value: 23.43, Ver: 101
[2026-06-08 08:13:32] ADS value: 23.43, Ver: 101
[2026-06-08 08:13:33] ADS value: 23.43, Ver: 101
[2026-06-08 08:13:35] ADS value: 23.43, Ver: 101
[2026-06-08 08:13:37] running_front
[2026-06-08 08:14:54] running_opposite
[2026-06-08 08:15:02] ADS value: 23.43, Ver: 101
[2026-06-08 08:15:04] ADS value: 23.44, Ver: 101
[2026-06-08 08:15:05] ADS value: 23.44, Ver: 101
[2026-06-08 08:15:07] ADS value: 23.44, Ver: 101
[2026-06-08 08:15:09] ADS value: 23.44, Ver: 101
[2026-06-08 08:15:11] ADS value: 23.44, Ver: 101
[2026-06-08 08:15:12] ADS value: 23.44, Ver: 101
[2026-06-08 08:15:14] ADS value: 23.44, Ver: 101
[2026-06-08 08:15:15] ADS value: 23.45, Ver: 101
[2026-06-08 08:15:17] ADS value: 23.45, Ver: 101
[2026-06-08 11:44:13] ADS value: 0.00, Ver: 106
[2026-06-08 11:50:19] running_opposite
[2026-06-08 12:01:02] running_opposite
[2026-06-08 12:03:33] ADS value: 0.00, Ver: 106
[2026-06-08 12:03:41] running_opposite
[2026-06-08 12:03:47] running_front
[2026-06-08 12:10:47] ADS value: 0.00, Ver: 106
[2026-06-08 12:14:25] ADS value: 0.00, Ver: 106
[2026-06-08 12:15:59] ADS value: 0.00, Ver: 106
[2026-06-08 12:17:51] running_opposite
[2026-06-08 12:18:00] running_front
[2026-06-08 12:19:01] running_opposite
[2026-06-08 12:19:06] running_front
[2026-06-08 12:19:39] running_opposite
[2026-06-08 12:19:44] running_front
[2026-06-08 12:20:02] running_opposite
[2026-06-08 12:20:07] running_front
[2026-06-08 15:59:21] ADS value: 0.00, Ver: 106
[2026-06-08 15:59:52] ADS value: 0.00, Ver: 106
[2026-06-08 16:00:22] ADS value: 0.00, Ver: 106
[2026-06-08 16:00:53] ADS value: 0.00, Ver: 106
[2026-06-08 16:01:24] ADS value: 0.00, Ver: 106
[2026-06-08 16:03:12] ADS value: 0.00, Ver: 106
[2026-06-08 17:17:15] ADS value: 0.00, Ver: 106
[2026-06-08 17:17:46] ADS value: 0.00, Ver: 106
[2026-06-08 17:19:33] running_opposite
[2026-06-08 17:19:59] running_front
[2026-06-08 17:20:09] running_opposite
[2026-06-08 17:20:14] running_front
[2026-06-08 17:20:23] running_opposite
[2026-06-08 17:20:28] running_front
[2026-06-08 17:20:46] running_front
[2026-06-08 17:20:55] running_opposite
[2026-06-08 17:21:05] ADS value: 0.00, Ver: 106
[2026-06-08 17:21:54] running_front
[2026-06-08 17:22:02] running_opposite
[2026-06-08 17:25:59] running_front
[2026-06-08 17:26:06] running_opposite
[2026-06-08 17:26:16] running_opposite
[2026-06-08 17:26:26] running_front
[2026-06-08 17:26:35] running_front
[2026-06-08 17:26:42] running_opposite
[2026-06-08 17:27:30] ADS value: 0.00, Ver: 106
[2026-06-08 17:27:45] running_opposite
[2026-06-08 17:27:53] running_front
[2026-06-08 17:28:01] ADS value: 0.00, Ver: 106
[2026-06-08 17:31:50] ADS value: 0.00, Ver: 106
[2026-06-08 17:33:48] ADS value: 0.00, Ver: 106
[2026-06-08 17:37:10] running_front
[2026-06-08 17:37:15] running_opposite
[2026-06-08 17:41:07] ADS value: 0.00, Ver: 106
[2026-06-08 17:44:54] ADS value: 0.00, Ver: 106
[2026-06-08 17:45:23] running_front
[2026-06-08 17:45:28] running_opposite
[2026-06-08 17:47:35] ADS value: 0.00, Ver: 106
[2026-06-08 17:48:05] ADS value: 0.00, Ver: 106
[2026-06-08 17:48:36] ADS value: 0.00, Ver: 106
[2026-06-08 17:49:06] ADS value: 0.00, Ver: 106
[2026-06-08 17:52:08] ADS value: 0.00, Ver: 106
[2026-06-08 17:52:38] ADS value: 0.00, Ver: 106
[2026-06-08 17:55:10] ADS value: 0.00, Ver: 106
[2026-06-08 17:55:40] ADS value: 0.00, Ver: 106
[2026-06-08 17:56:11] ADS value: 0.00, Ver: 106
[2026-06-08 17:58:52] ADS value: 0.00, Ver: 106
[2026-06-08 18:01:24] ADS value: 0.00, Ver: 106
[2026-06-08 18:01:55] ADS value: 0.00, Ver: 106
[2026-06-08 18:02:26] ADS value: 0.00, Ver: 106
[2026-06-08 18:04:57] ADS value: 0.00, Ver: 106
[2026-06-08 18:05:28] ADS value: 0.00, Ver: 106
[2026-06-08 18:05:58] ADS value: 0.00, Ver: 106
[2026-06-08 18:08:30] ADS value: 0.00, Ver: 106
[2026-06-08 18:09:00] ADS value: 0.00, Ver: 106
[2026-06-08 18:09:31] ADS value: 0.00, Ver: 106
[2026-06-08 18:10:31] running_front
[2026-06-08 18:10:52] running_opposite
[2026-06-08 18:11:21] running_opposite
[2026-06-08 18:15:03] ADS value: 0.00, Ver: 106
[2026-06-08 18:15:34] ADS value: 0.00, Ver: 106
[2026-06-08 18:18:05] ADS value: 0.00, Ver: 106
[2026-06-08 18:18:36] ADS value: 0.00, Ver: 106
[2026-06-08 18:21:07] ADS value: 0.00, Ver: 106
[2026-06-08 18:21:38] ADS value: 0.00, Ver: 106
[2026-06-08 18:22:08] ADS value: 0.00, Ver: 106
[2026-06-08 18:24:39] ADS value: 0.00, Ver: 106
[2026-06-08 18:25:10] ADS value: 0.00, Ver: 106
[2026-06-08 18:26:12] ADS value: 0.00, Ver: 106
[2026-06-08 18:28:13] ADS value: 0.00, Ver: 106
[2026-06-08 18:29:13] ADS value: 0.00, Ver: 106
[2026-06-08 18:29:44] ADS value: 0.00, Ver: 106
[2026-06-08 18:30:15] ADS value: 0.00, Ver: 106
[2026-06-08 18:30:45] ADS value: 0.00, Ver: 106
[2026-06-08 18:33:16] ADS value: 0.00, Ver: 106
[2026-06-08 18:33:47] ADS value: 0.00, Ver: 106
[2026-06-08 18:34:18] ADS value: 0.00, Ver: 106
[2026-06-08 18:34:48] ADS value: 0.00, Ver: 106
[2026-06-08 18:36:49] ADS value: 0.00, Ver: 106
[2026-06-08 18:39:17] ADS value: 0.00, Ver: 106
[2026-06-08 18:41:49] ADS value: 0.00, Ver: 106
[2026-06-08 18:42:19] ADS value: 0.00, Ver: 106
[2026-06-08 18:42:50] ADS value: 0.00, Ver: 106
[2026-06-08 18:45:21] ADS value: 0.00, Ver: 106
[2026-06-08 18:46:22] ADS value: 0.00, Ver: 106
[2026-06-08 18:46:53] ADS value: 0.00, Ver: 106
[2026-06-08 18:49:24] ADS value: 0.00, Ver: 106
[2026-06-08 18:49:54] ADS value: 0.00, Ver: 106
[2026-06-08 18:50:25] ADS value: 0.00, Ver: 106
[2026-06-08 18:52:56] ADS value: 0.00, Ver: 106
[2026-06-08 18:53:27] ADS value: 0.00, Ver: 106
[2026-06-08 18:53:58] ADS value: 0.00, Ver: 106
[2026-06-08 18:54:28] ADS value: 0.00, Ver: 106
[2026-06-08 18:56:59] ADS value: 0.00, Ver: 106
[2026-06-08 18:58:00] ADS value: 0.00, Ver: 106
[2026-06-08 18:58:31] ADS value: 0.00, Ver: 106
[2026-06-08 19:01:02] ADS value: 0.00, Ver: 106
[2026-06-08 19:01:32] ADS value: 0.00, Ver: 106
[2026-06-08 19:02:04] ADS value: 0.00, Ver: 106
[2026-06-08 19:04:35] ADS value: 0.00, Ver: 106
[2026-06-08 19:05:35] ADS value: 0.00, Ver: 106
[2026-06-08 19:06:06] ADS value: 0.00, Ver: 106
[2026-06-08 19:08:37] ADS value: 0.00, Ver: 106
[2026-06-08 19:09:08] ADS value: 0.00, Ver: 106
[2026-06-08 19:09:39] ADS value: 0.00, Ver: 106
[2026-06-08 19:12:10] ADS value: 0.00, Ver: 106
[2026-06-08 19:12:40] ADS value: 0.00, Ver: 106
[2026-06-08 19:14:12] ADS value: 0.00, Ver: 106
[2026-06-08 19:14:42] ADS value: 0.00, Ver: 106
[2026-06-08 19:15:13] ADS value: 0.00, Ver: 106
[2026-06-08 19:19:45] ADS value: 0.00, Ver: 106
[2026-06-08 19:20:15] ADS value: 0.00, Ver: 106
[2026-06-08 19:20:46] ADS value: 0.00, Ver: 106
[2026-06-08 19:23:17] ADS value: 0.00, Ver: 106
[2026-06-08 19:23:48] ADS value: 0.00, Ver: 106
[2026-06-08 19:24:18] ADS value: 0.00, Ver: 106
[2026-06-08 19:26:50] ADS value: 0.00, Ver: 106
[2026-06-08 19:27:20] ADS value: 0.00, Ver: 106
[2026-06-08 19:27:51] ADS value: 0.00, Ver: 106
[2026-06-08 19:28:22] ADS value: 0.00, Ver: 106
[2026-06-08 19:31:23] ADS value: 0.00, Ver: 106
[2026-06-08 19:31:53] ADS value: 0.00, Ver: 106
[2026-06-08 19:32:24] ADS value: 0.00, Ver: 106
[2026-06-08 19:34:55] ADS value: 0.00, Ver: 106
[2026-06-08 19:35:26] ADS value: 0.00, Ver: 106
[2026-06-08 19:35:56] ADS value: 0.00, Ver: 106
[2026-06-08 19:36:27] ADS value: 0.00, Ver: 106
[2026-06-08 19:38:58] ADS value: 0.00, Ver: 106
[2026-06-08 19:39:59] ADS value: 0.00, Ver: 106
[2026-06-08 19:42:30] ADS value: 0.00, Ver: 106
[2026-06-08 19:42:44] running_front
[2026-06-08 19:42:48] running_opposite
[2026-06-08 19:43:01] ADS value: 0.00, Ver: 106
[2026-06-25 09:59:20] ADS value: 22.91, Ver: 106
[2026-06-25 10:00:15] Boot complete
[2026-06-25 10:00:31] ADS value: 22.90, Ver: 106
[2026-06-25 10:01:02] ADS value: 22.91, Ver: 106
[2026-06-25 10:01:33] ADS value: 22.91, Ver: 106
[2026-06-25 10:02:21] Boot complete
[2026-06-25 10:02:37] ADS value: 22.90, Ver: 106
[2026-06-25 10:02:52] Boot complete
[2026-06-25 10:03:08] ADS value: 22.90, Ver: 106
[2026-06-25 10:03:15] running_opposite
[2026-06-25 10:03:43] Boot complete
[2026-06-25 10:03:45] running_opposite
[2026-06-25 10:04:12] Boot complete
[2026-06-25 10:04:44] Boot complete
[2026-06-25 10:04:58] ADS value: 22.90, Ver: 106
[2026-06-25 10:05:05] Starting progressive OTA download...
[2026-06-25 10:05:10] OTA Progress: 10%
[2026-06-25 10:05:13] OTA Progress: 20%
[2026-06-25 10:05:16] OTA Progress: 30%
[2026-06-25 10:05:19] OTA Progress: 40%
[2026-06-25 10:05:22] OTA Progress: 50%
[2026-06-25 10:05:24] OTA Progress: 60%
[2026-06-25 10:05:27] OTA Progress: 70%
[2026-06-25 10:05:30] OTA Progress: 80%
[2026-06-25 10:05:33] OTA Progress: 90%
[2026-06-25 10:05:36] OTA Progress: 100%
[2026-06-25 10:05:54] Boot complete
[2026-06-25 10:06:13] ADS value: 22.90, Ver: 106
[2026-06-25 11:25:37] Boot complete
[2026-06-25 11:25:47] Starting progressive OTA download...
[2026-06-25 14:45:41] ADS value: 22.56, Ver: 106
[2026-06-25 14:46:15] ADS value: 22.57, Ver: 106
[2026-06-25 14:46:33] running_opposite
[2026-06-26 12:56:30] Boot complete
[2026-06-26 12:56:45] ADS value: 4.57, Ver: 106
[2026-06-26 12:57:16] ADS value: 4.57, Ver: 106
[2026-06-26 12:57:47] ADS value: 4.56, Ver: 106
[2026-06-26 12:58:18] ADS value: 4.55, Ver: 106
[2026-06-26 12:58:49] ADS value: 4.57, Ver: 106
[2026-06-26 12:59:19] ADS value: 4.58, Ver: 106
[2026-06-26 12:59:50] ADS value: 4.58, Ver: 106
[2026-06-26 13:00:21] ADS value: 4.58, Ver: 106
[2026-06-26 13:01:27] ADS value: 4.57, Ver: 106
[2026-06-26 13:01:58] ADS value: 4.58, Ver: 106
[2026-06-26 13:02:29] ADS value: 4.57, Ver: 106
[2026-06-26 13:03:00] ADS value: 4.58, Ver: 106
[2026-06-26 13:03:36] Boot complete
[2026-06-26 13:04:30] Boot complete
[2026-06-26 13:04:47] ADS value: 21.75, Ver: 106
[2026-06-26 13:05:17] ADS value: 21.75, Ver: 106
[2026-06-26 13:05:48] ADS value: 21.78, Ver: 106
[2026-06-26 13:06:19] ADS value: 21.76, Ver: 106
[2026-06-26 13:06:50] ADS value: 21.74, Ver: 106
[2026-06-26 13:07:21] ADS value: 21.76, Ver: 106
[2026-06-26 13:07:52] ADS value: 21.75, Ver: 106
[2026-06-26 13:08:23] ADS value: 21.78, Ver: 106
[2026-06-26 13:08:53] ADS value: 21.77, Ver: 106
[2026-06-26 13:09:24] ADS value: 21.75, Ver: 106
[2026-06-26 13:09:55] ADS value: 21.77, Ver: 106
[2026-06-26 13:10:25] ADS value: 21.77, Ver: 106
[2026-06-26 13:11:31] ADS value: 21.77, Ver: 106
[2026-06-26 13:12:03] ADS value: 21.77, Ver: 106
[2026-06-26 13:12:33] ADS value: 21.77, Ver: 106
[2026-06-26 13:13:04] ADS value: 21.78, Ver: 106
[2026-06-26 13:13:35] ADS value: 21.76, Ver: 106
[2026-06-26 13:14:06] ADS value: 21.76, Ver: 106
[2026-06-26 13:14:36] ADS value: 21.77, Ver: 106
[2026-06-26 13:15:07] ADS value: 21.78, Ver: 106
[2026-06-26 13:15:38] ADS value: 21.77, Ver: 106
[2026-06-26 13:16:44] ADS value: 21.77, Ver: 106
[2026-06-26 13:17:15] ADS value: 21.76, Ver: 106
[2026-06-26 13:17:46] ADS value: 21.78, Ver: 106
[2026-06-26 13:18:17] ADS value: 21.73, Ver: 106
[2026-06-26 13:18:47] ADS value: 21.76, Ver: 106
[2026-06-26 13:19:18] ADS value: 21.76, Ver: 106
[2026-06-26 13:19:49] ADS value: 21.77, Ver: 106
[2026-06-26 13:20:20] ADS value: 21.76, Ver: 106
[2026-06-26 13:20:51] ADS value: 21.76, Ver: 106
[2026-06-26 13:21:21] ADS value: 21.74, Ver: 106
[2026-06-26 13:21:52] ADS value: 21.75, Ver: 106
[2026-06-26 13:22:23] ADS value: 21.75, Ver: 106
[2026-06-26 13:22:54] ADS value: 21.76, Ver: 106
[2026-06-26 13:23:24] ADS value: 21.74, Ver: 106
[2026-06-26 13:24:11] running_opposite
[2026-06-26 13:30:03] running_front
[2026-06-26 13:34:05] ADS value: 21.70, Ver: 106
[2026-06-26 13:34:36] ADS value: 21.70, Ver: 106
[2026-06-26 13:35:07] ADS value: 21.72, Ver: 106
[2026-06-26 13:35:37] ADS value: 21.70, Ver: 106
[2026-06-26 13:36:01] running_front
[2026-06-26 13:36:22] running_opposite
[2026-06-26 13:36:32] ADS value: 21.68, Ver: 106
[2026-06-26 13:36:37] running_opposite
[2026-06-26 13:40:58] running_front
[2026-06-26 13:44:54] Boot complete
[2026-06-26 13:45:07] running_opposite
[2026-06-26 13:45:36] running_front
[2026-06-26 13:45:44] ADS value: 21.64, Ver: 106
[2026-06-26 13:46:14] ADS value: 21.66, Ver: 106
[2026-06-26 13:46:46] ADS value: 21.68, Ver: 106
[2026-06-26 13:47:16] ADS value: 21.65, Ver: 106
[2026-06-26 13:56:35] Boot complete
[2026-06-26 13:56:36] running_opposite
[2026-06-26 13:56:56] running_front
[2026-06-26 13:57:03] ADS value: 21.67, Ver: 106
[2026-06-26 13:57:11] running_opposite
[2026-06-26 13:59:27] Boot complete
[2026-06-26 13:59:48] ADS value: 21.66, Ver: 106
[2026-06-26 14:00:19] ADS value: 21.68, Ver: 106
[2026-06-26 14:00:50] ADS value: 21.66, Ver: 106
[2026-06-26 14:01:21] ADS value: 21.69, Ver: 106
[2026-06-26 14:01:51] ADS value: 21.66, Ver: 106
[2026-06-26 14:02:25] ADS value: 21.67, Ver: 106
[2026-06-26 14:02:56] ADS value: 21.69, Ver: 106
[2026-06-26 14:03:26] ADS value: 21.68, Ver: 106
[2026-06-26 14:03:57] ADS value: 21.67, Ver: 106
[2026-06-26 14:04:28] ADS value: 21.66, Ver: 106
[2026-06-26 14:04:58] ADS value: 21.67, Ver: 106
[2026-06-26 14:05:29] ADS value: 21.68, Ver: 106
[2026-06-26 14:06:00] ADS value: 21.67, Ver: 106
[2026-06-26 14:06:30] ADS value: 21.67, Ver: 106
[2026-06-26 14:07:01] ADS value: 21.66, Ver: 106
[2026-06-26 14:07:35] ADS value: 21.68, Ver: 106
[2026-06-26 14:08:06] ADS value: 21.67, Ver: 106
[2026-06-26 14:08:36] ADS value: 21.69, Ver: 106
[2026-06-26 14:09:07] ADS value: 21.67, Ver: 106
[2026-06-26 14:09:37] ADS value: 21.67, Ver: 106
[2026-06-26 14:10:08] ADS value: 21.67, Ver: 106
[2026-06-26 14:10:39] ADS value: 21.70, Ver: 106
[2026-06-26 14:11:10] ADS value: 21.67, Ver: 106
[2026-06-26 14:11:40] ADS value: 21.70, Ver: 106
[2026-06-26 14:12:11] ADS value: 21.67, Ver: 106
[2026-06-26 14:12:42] ADS value: 21.69, Ver: 106
[2026-06-26 14:13:13] ADS value: 21.66, Ver: 106
[2026-06-26 14:13:43] ADS value: 21.68, Ver: 106
[2026-06-26 14:14:14] ADS value: 21.67, Ver: 106
[2026-06-26 14:14:45] ADS value: 21.67, Ver: 106
[2026-06-26 14:15:51] ADS value: 21.67, Ver: 106
[2026-06-26 14:16:22] ADS value: 21.69, Ver: 106
[2026-06-26 14:16:52] ADS value: 21.67, Ver: 106
[2026-06-26 14:17:23] ADS value: 21.68, Ver: 106
[2026-06-26 14:17:54] ADS value: 21.69, Ver: 106
[2026-06-26 14:18:25] ADS value: 21.66, Ver: 106
[2026-06-26 14:18:56] ADS value: 21.67, Ver: 106
[2026-06-26 14:19:27] ADS value: 21.69, Ver: 106
[2026-06-26 14:19:57] ADS value: 21.66, Ver: 106
[2026-06-26 14:21:03] ADS value: 21.69, Ver: 106
[2026-06-26 14:21:34] ADS value: 21.68, Ver: 106
[2026-06-26 14:22:05] ADS value: 21.66, Ver: 106
[2026-06-26 14:22:35] ADS value: 21.67, Ver: 106
[2026-06-26 14:23:06] ADS value: 21.69, Ver: 106
[2026-06-26 14:23:37] ADS value: 21.68, Ver: 106
[2026-06-26 14:24:08] ADS value: 21.69, Ver: 106
[2026-06-26 14:24:39] ADS value: 21.67, Ver: 106
[2026-06-26 14:25:09] ADS value: 21.67, Ver: 106
[2026-06-26 14:25:40] ADS value: 21.66, Ver: 106
[2026-06-26 14:26:11] ADS value: 21.67, Ver: 106
[2026-06-26 14:26:42] ADS value: 21.69, Ver: 106
[2026-06-26 14:27:12] ADS value: 21.70, Ver: 106
[2026-06-26 14:27:43] ADS value: 21.70, Ver: 106
[2026-06-26 14:28:49] ADS value: 21.67, Ver: 106
[2026-06-26 14:29:20] ADS value: 21.67, Ver: 106
[2026-06-26 14:29:51] ADS value: 21.67, Ver: 106
[2026-06-26 14:30:21] ADS value: 21.66, Ver: 106
[2026-06-26 14:30:52] ADS value: 21.68, Ver: 106
[2026-06-26 14:31:23] ADS value: 21.66, Ver: 106
[2026-06-26 14:31:53] ADS value: 21.69, Ver: 106
[2026-06-26 14:32:24] ADS value: 21.67, Ver: 106
[2026-06-26 14:32:55] ADS value: 21.66, Ver: 106
[2026-06-26 14:34:01] ADS value: 21.67, Ver: 106
[2026-06-26 14:34:32] ADS value: 21.68, Ver: 106
[2026-06-26 14:35:03] ADS value: 21.68, Ver: 106
[2026-06-26 14:35:33] ADS value: 21.66, Ver: 106
[2026-06-26 14:36:04] ADS value: 21.67, Ver: 106
[2026-06-26 14:36:35] ADS value: 21.66, Ver: 106
[2026-06-26 14:37:06] ADS value: 21.66, Ver: 106
[2026-06-26 14:37:36] ADS value: 21.66, Ver: 106
[2026-06-26 14:38:07] ADS value: 21.67, Ver: 106
[2026-06-26 14:38:38] ADS value: 21.66, Ver: 106
[2026-06-26 14:39:09] ADS value: 21.67, Ver: 106
[2026-06-26 14:39:39] ADS value: 21.65, Ver: 106
[2026-06-26 14:40:10] ADS value: 21.68, Ver: 106
[2026-06-26 14:40:41] ADS value: 21.66, Ver: 106
[2026-06-26 14:41:47] ADS value: 21.66, Ver: 106
[2026-06-26 14:42:18] ADS value: 21.68, Ver: 106
[2026-06-26 14:42:48] ADS value: 21.67, Ver: 106
[2026-06-26 14:43:19] ADS value: 21.68, Ver: 106
[2026-06-26 14:43:50] ADS value: 21.66, Ver: 106
[2026-06-26 14:44:21] ADS value: 21.67, Ver: 106
[2026-06-26 14:44:52] ADS value: 21.67, Ver: 106
[2026-06-26 14:45:22] ADS value: 21.65, Ver: 106
[2026-06-26 14:45:53] ADS value: 21.66, Ver: 106
[2026-06-26 14:46:59] ADS value: 21.67, Ver: 106
[2026-06-26 14:47:30] ADS value: 21.66, Ver: 106
[2026-06-26 14:48:01] ADS value: 21.66, Ver: 106
[2026-06-26 14:48:31] ADS value: 21.68, Ver: 106
[2026-06-26 14:49:02] ADS value: 21.66, Ver: 106
[2026-06-26 14:49:33] ADS value: 21.68, Ver: 106
[2026-06-26 14:50:03] ADS value: 21.68, Ver: 106
[2026-06-26 14:50:35] ADS value: 21.67, Ver: 106
[2026-06-26 14:51:05] ADS value: 21.65, Ver: 106
[2026-06-26 14:51:36] ADS value: 21.66, Ver: 106
[2026-06-26 14:52:07] ADS value: 21.68, Ver: 106
[2026-06-26 14:52:38] ADS value: 21.67, Ver: 106
[2026-06-26 14:53:08] ADS value: 21.65, Ver: 106
[2026-06-26 14:53:39] ADS value: 21.68, Ver: 106
[2026-06-26 14:54:45] ADS value: 21.64, Ver: 106
[2026-06-26 14:55:16] ADS value: 21.68, Ver: 106
[2026-06-26 14:55:47] ADS value: 21.68, Ver: 106
[2026-06-26 14:56:17] ADS value: 21.67, Ver: 106
[2026-06-26 14:56:48] ADS value: 21.65, Ver: 106
[2026-06-26 14:57:19] ADS value: 21.66, Ver: 106
[2026-06-26 14:57:49] ADS value: 21.65, Ver: 106
[2026-06-26 14:58:20] ADS value: 21.65, Ver: 106
[2026-06-26 14:58:51] ADS value: 21.65, Ver: 106
[2026-06-26 14:59:57] ADS value: 21.66, Ver: 106
[2026-06-26 15:00:28] ADS value: 21.67, Ver: 106
[2026-06-26 15:00:59] ADS value: 21.65, Ver: 106
[2026-06-26 15:01:29] ADS value: 21.66, Ver: 106
[2026-06-26 15:02:00] ADS value: 21.64, Ver: 106
[2026-06-26 15:02:31] ADS value: 21.65, Ver: 106
[2026-06-26 15:03:02] ADS value: 21.66, Ver: 106
[2026-06-26 15:03:32] ADS value: 21.65, Ver: 106
[2026-06-26 15:04:03] ADS value: 21.67, Ver: 106
[2026-06-26 15:04:34] ADS value: 21.67, Ver: 106
[2026-06-26 15:05:05] ADS value: 21.67, Ver: 106
[2026-06-26 15:05:35] ADS value: 21.65, Ver: 106
[2026-06-26 15:06:49] ADS value: 21.64, Ver: 106
[2026-06-26 15:07:55] ADS value: 21.67, Ver: 106
[2026-06-26 15:08:26] ADS value: 21.64, Ver: 106
[2026-06-26 15:08:57] ADS value: 21.65, Ver: 106
[2026-06-26 15:09:27] ADS value: 21.65, Ver: 106
[2026-06-26 15:09:58] ADS value: 21.64, Ver: 106
[2026-06-26 15:10:29] ADS value: 21.66, Ver: 106
[2026-06-26 15:11:00] ADS value: 21.65, Ver: 106
[2026-06-26 15:11:31] ADS value: 21.67, Ver: 106
[2026-06-26 15:12:01] ADS value: 21.64, Ver: 106
[2026-06-26 15:13:07] ADS value: 21.65, Ver: 106
[2026-06-26 15:13:38] ADS value: 21.67, Ver: 106
[2026-06-26 15:14:09] ADS value: 21.66, Ver: 106
[2026-06-26 15:14:40] ADS value: 21.65, Ver: 106
[2026-06-26 15:15:11] ADS value: 21.65, Ver: 106
[2026-06-26 15:15:42] ADS value: 21.66, Ver: 106
[2026-06-26 15:16:13] ADS value: 21.64, Ver: 106
[2026-06-26 15:16:43] ADS value: 21.65, Ver: 106
[2026-06-26 15:17:14] ADS value: 21.64, Ver: 106
[2026-06-26 15:17:45] ADS value: 21.65, Ver: 106
[2026-06-26 15:18:16] ADS value: 21.67, Ver: 106
[2026-06-26 15:18:47] ADS value: 21.64, Ver: 106
[2026-06-26 15:19:18] ADS value: 21.64, Ver: 106
[2026-06-26 15:19:48] ADS value: 21.65, Ver: 106
[2026-06-26 15:20:54] ADS value: 21.66, Ver: 106
[2026-06-26 15:21:25] ADS value: 21.66, Ver: 106
[2026-06-26 15:21:56] ADS value: 21.65, Ver: 106
[2026-06-26 15:22:26] ADS value: 21.65, Ver: 106
[2026-06-26 15:23:05] ADS value: 21.66, Ver: 106
[2026-06-26 15:23:33] ADS value: 21.65, Ver: 106
[2026-06-26 15:24:04] ADS value: 21.63, Ver: 106
[2026-06-26 15:24:35] ADS value: 21.65, Ver: 106
[2026-06-26 15:25:06] ADS value: 21.64, Ver: 106
[2026-06-26 15:25:37] ADS value: 21.65, Ver: 106
[2026-06-26 15:26:07] ADS value: 21.65, Ver: 106
[2026-06-26 15:26:38] ADS value: 21.65, Ver: 106
[2026-06-26 15:27:13] ADS value: 21.67, Ver: 106
[2026-06-26 15:27:43] ADS value: 21.67, Ver: 106
[2026-06-26 15:28:14] ADS value: 21.63, Ver: 106
[2026-06-26 15:28:45] ADS value: 21.64, Ver: 106
[2026-06-26 15:29:16] ADS value: 21.65, Ver: 106
[2026-06-26 15:29:46] ADS value: 21.66, Ver: 106
[2026-06-26 15:30:17] ADS value: 21.64, Ver: 106
[2026-06-26 15:30:48] ADS value: 21.63, Ver: 106
[2026-06-26 15:31:19] ADS value: 21.65, Ver: 106
[2026-06-26 15:31:50] ADS value: 21.64, Ver: 106
[2026-06-26 15:32:20] ADS value: 21.66, Ver: 106
[2026-06-26 15:32:51] ADS value: 21.64, Ver: 106
[2026-06-26 15:33:22] ADS value: 21.62, Ver: 106
[2026-06-26 15:33:53] ADS value: 21.66, Ver: 106
[2026-06-26 15:34:23] ADS value: 21.66, Ver: 106
[2026-06-26 15:34:54] ADS value: 21.64, Ver: 106
[2026-06-26 15:35:25] ADS value: 21.63, Ver: 106
[2026-06-26 15:35:56] ADS value: 21.64, Ver: 106
[2026-06-26 15:36:26] ADS value: 21.64, Ver: 106
[2026-06-26 15:36:57] ADS value: 21.64, Ver: 106
[2026-06-26 15:37:28] ADS value: 21.66, Ver: 106
[2026-06-26 15:37:59] ADS value: 21.64, Ver: 106
[2026-06-26 15:38:32] ADS value: 21.65, Ver: 106
[2026-06-26 15:39:03] ADS value: 21.64, Ver: 106
[2026-06-26 15:39:34] ADS value: 21.64, Ver: 106
[2026-06-26 15:40:05] ADS value: 21.63, Ver: 106
[2026-06-26 15:40:36] ADS value: 21.65, Ver: 106
[2026-06-26 15:41:06] ADS value: 21.64, Ver: 106
[2026-06-26 15:41:37] ADS value: 21.64, Ver: 106
[2026-06-26 15:42:08] ADS value: 21.64, Ver: 106
[2026-06-26 15:42:39] ADS value: 21.62, Ver: 106
[2026-06-26 15:43:09] ADS value: 21.62, Ver: 106
[2026-06-26 15:43:40] ADS value: 21.63, Ver: 106
[2026-06-26 15:44:11] ADS value: 21.63, Ver: 106
[2026-06-26 15:44:42] ADS value: 21.64, Ver: 106
[2026-06-26 15:45:12] ADS value: 21.64, Ver: 106
[2026-06-26 15:45:43] ADS value: 21.65, Ver: 106
[2026-06-26 15:46:14] ADS value: 21.64, Ver: 106
[2026-06-26 15:46:45] ADS value: 21.63, Ver: 106
[2026-06-26 15:47:16] ADS value: 21.64, Ver: 106
[2026-06-26 15:47:51] ADS value: 21.65, Ver: 106
[2026-06-26 15:48:22] ADS value: 21.64, Ver: 106
[2026-06-26 15:48:53] ADS value: 21.63, Ver: 106
[2026-06-26 15:49:24] ADS value: 21.64, Ver: 106
[2026-06-26 15:49:55] ADS value: 21.64, Ver: 106
[2026-06-26 15:50:26] ADS value: 21.62, Ver: 106
[2026-06-26 15:50:56] ADS value: 21.65, Ver: 106
[2026-06-26 15:52:02] ADS value: 21.63, Ver: 106
[2026-06-26 15:52:33] ADS value: 21.62, Ver: 106
[2026-06-26 15:53:04] ADS value: 21.64, Ver: 106
[2026-06-26 15:53:35] ADS value: 21.62, Ver: 106
[2026-06-26 15:54:06] ADS value: 21.63, Ver: 106
[2026-06-26 15:54:36] ADS value: 21.62, Ver: 106
[2026-06-26 15:55:07] ADS value: 21.63, Ver: 106
[2026-06-26 15:55:38] ADS value: 21.63, Ver: 106
[2026-06-26 15:56:08] ADS value: 21.61, Ver: 106
[2026-06-26 15:56:39] ADS value: 21.64, Ver: 106
[2026-06-26 15:57:10] ADS value: 21.63, Ver: 106
[2026-06-26 15:57:41] ADS value: 21.63, Ver: 106
[2026-06-26 15:58:12] ADS value: 21.63, Ver: 106
[2026-06-26 15:58:43] ADS value: 21.62, Ver: 106
[2026-06-26 15:59:14] ADS value: 21.61, Ver: 106
[2026-06-26 15:59:44] ADS value: 21.63, Ver: 106
[2026-06-26 16:00:15] ADS value: 21.59, Ver: 106
[2026-06-26 16:00:46] ADS value: 21.58, Ver: 106
[2026-06-26 16:01:17] ADS value: 21.58, Ver: 106
[2026-06-26 16:01:48] ADS value: 21.60, Ver: 106
[2026-06-26 16:02:19] ADS value: 21.57, Ver: 106
[2026-06-26 16:02:49] ADS value: 21.60, Ver: 106
[2026-06-26 16:03:20] ADS value: 21.59, Ver: 106
[2026-06-26 16:03:51] ADS value: 21.60, Ver: 106
[2026-06-26 16:04:57] ADS value: 21.61, Ver: 106
[2026-06-26 16:05:28] ADS value: 21.62, Ver: 106
[2026-06-26 16:05:59] ADS value: 21.63, Ver: 106
[2026-06-26 16:06:29] ADS value: 21.61, Ver: 106
[2026-06-26 16:07:00] ADS value: 21.63, Ver: 106
[2026-06-26 16:07:31] ADS value: 21.63, Ver: 106
[2026-06-26 16:08:01] ADS value: 21.62, Ver: 106
[2026-06-26 16:08:32] ADS value: 21.63, Ver: 106
[2026-06-26 16:09:03] ADS value: 21.62, Ver: 106
[2026-06-26 16:09:34] ADS value: 21.61, Ver: 106
[2026-06-26 16:10:04] ADS value: 21.63, Ver: 106
[2026-06-26 16:10:35] ADS value: 21.61, Ver: 106
[2026-06-26 16:11:06] ADS value: 21.62, Ver: 106
[2026-06-26 16:11:37] ADS value: 21.61, Ver: 106
[2026-06-26 16:12:08] ADS value: 21.61, Ver: 106
[2026-06-26 16:12:38] ADS value: 21.64, Ver: 106
[2026-06-26 16:13:09] ADS value: 21.61, Ver: 106
[2026-06-26 16:13:40] ADS value: 21.62, Ver: 106
[2026-06-26 16:14:11] ADS value: 21.64, Ver: 106
[2026-06-26 16:14:42] ADS value: 21.62, Ver: 106
[2026-06-26 16:15:12] ADS value: 21.61, Ver: 106
[2026-06-26 16:15:43] ADS value: 21.62, Ver: 106
[2026-06-26 16:16:14] ADS value: 21.63, Ver: 106
[2026-06-26 16:16:45] ADS value: 21.62, Ver: 106
[2026-06-26 16:17:51] ADS value: 21.60, Ver: 106
[2026-06-26 16:18:22] ADS value: 21.61, Ver: 106
[2026-06-26 16:18:53] ADS value: 21.63, Ver: 106
[2026-06-26 16:19:24] ADS value: 21.60, Ver: 106
[2026-06-26 16:19:55] ADS value: 21.60, Ver: 106
[2026-06-26 16:20:25] ADS value: 21.60, Ver: 106
[2026-06-26 16:20:56] ADS value: 21.62, Ver: 106
[2026-06-26 16:21:26] ADS value: 21.61, Ver: 106
[2026-06-26 16:21:57] ADS value: 21.63, Ver: 106
[2026-06-26 16:22:28] ADS value: 21.61, Ver: 106
[2026-06-26 16:22:59] ADS value: 21.60, Ver: 106
[2026-06-26 16:23:30] ADS value: 21.59, Ver: 106
[2026-06-26 16:24:00] ADS value: 21.62, Ver: 106
[2026-06-26 16:24:31] ADS value: 21.59, Ver: 106
[2026-06-26 16:25:02] ADS value: 21.59, Ver: 106
[2026-06-26 16:25:32] ADS value: 21.61, Ver: 106
[2026-06-26 16:26:03] ADS value: 21.63, Ver: 106
[2026-06-26 16:26:34] ADS value: 21.64, Ver: 106
[2026-06-26 16:27:05] ADS value: 21.62, Ver: 106
[2026-06-26 16:27:35] ADS value: 21.63, Ver: 106
[2026-06-26 16:28:06] ADS value: 21.60, Ver: 106
[2026-06-26 16:28:37] ADS value: 21.61, Ver: 106
[2026-06-26 16:29:08] ADS value: 21.63, Ver: 106
[2026-06-26 16:29:38] ADS value: 21.61, Ver: 106
[2026-06-26 16:30:45] ADS value: 21.61, Ver: 106
[2026-06-26 16:31:15] ADS value: 21.63, Ver: 106
[2026-06-26 16:31:46] ADS value: 21.60, Ver: 106
[2026-06-26 16:32:17] ADS value: 21.60, Ver: 106
[2026-06-26 16:32:48] ADS value: 21.61, Ver: 106
[2026-06-26 16:33:18] ADS value: 21.61, Ver: 106
[2026-06-26 16:33:49] ADS value: 21.60, Ver: 106
[2026-06-26 16:34:20] ADS value: 21.61, Ver: 106
[2026-06-26 16:34:51] ADS value: 21.61, Ver: 106
[2026-06-26 16:35:22] ADS value: 21.60, Ver: 106
[2026-06-26 16:35:53] ADS value: 21.61, Ver: 106
[2026-06-26 16:36:23] ADS value: 21.59, Ver: 106
[2026-06-26 16:36:54] ADS value: 21.58, Ver: 106
[2026-06-26 16:37:25] ADS value: 21.59, Ver: 106
[2026-06-26 16:37:56] ADS value: 21.60, Ver: 106
[2026-06-26 16:38:27] ADS value: 21.60, Ver: 106
[2026-06-26 16:38:58] ADS value: 21.59, Ver: 106
[2026-06-26 16:39:28] ADS value: 21.61, Ver: 106
[2026-06-26 16:39:59] ADS value: 21.62, Ver: 106
[2026-06-26 16:40:30] ADS value: 21.61, Ver: 106
[2026-06-26 16:41:01] ADS value: 21.61, Ver: 106
[2026-06-26 16:41:32] ADS value: 21.63, Ver: 106
[2026-06-26 16:42:03] ADS value: 21.60, Ver: 106
[2026-06-26 16:42:34] ADS value: 21.62, Ver: 106
[2026-06-26 16:43:40] ADS value: 21.60, Ver: 106
[2026-06-26 16:44:11] ADS value: 21.60, Ver: 106
[2026-06-26 16:44:41] ADS value: 21.59, Ver: 106
[2026-06-26 16:45:12] ADS value: 21.59, Ver: 106
[2026-06-26 16:45:43] ADS value: 21.60, Ver: 106
[2026-06-26 16:46:14] ADS value: 21.60, Ver: 106
[2026-06-26 16:46:45] ADS value: 21.58, Ver: 106
[2026-06-26 16:47:16] ADS value: 21.59, Ver: 106
[2026-06-26 16:47:47] ADS value: 21.60, Ver: 106
[2026-06-26 16:48:17] ADS value: 21.59, Ver: 106
[2026-06-26 16:48:48] ADS value: 21.61, Ver: 106
[2026-06-26 16:49:19] ADS value: 21.60, Ver: 106
[2026-06-26 16:49:50] ADS value: 21.60, Ver: 106
[2026-06-26 16:50:21] ADS value: 21.62, Ver: 106
[2026-06-26 16:50:51] ADS value: 21.59, Ver: 106
[2026-06-26 16:51:22] ADS value: 21.60, Ver: 106
[2026-06-26 16:51:53] ADS value: 21.60, Ver: 106
[2026-06-26 16:52:24] ADS value: 21.58, Ver: 106
[2026-06-26 16:52:54] ADS value: 21.60, Ver: 106
[2026-06-26 16:53:25] ADS value: 21.59, Ver: 106
[2026-06-26 16:53:56] ADS value: 21.61, Ver: 106
[2026-06-26 16:54:26] ADS value: 21.58, Ver: 106
[2026-06-26 16:54:57] ADS value: 21.60, Ver: 106
[2026-06-26 16:55:28] ADS value: 21.57, Ver: 106
[2026-06-26 16:55:59] ADS value: 21.58, Ver: 106
[2026-06-26 16:56:30] ADS value: 21.60, Ver: 106
[2026-06-26 16:57:00] ADS value: 21.60, Ver: 106
[2026-06-26 16:57:31] ADS value: 21.58, Ver: 106
[2026-06-26 16:58:02] ADS value: 21.60, Ver: 106
[2026-06-26 16:58:33] ADS value: 21.57, Ver: 106
[2026-06-26 16:59:04] ADS value: 21.53, Ver: 106
[2026-06-26 16:59:34] ADS value: 21.59, Ver: 106
[2026-06-26 17:00:05] ADS value: 21.56, Ver: 106
[2026-06-26 17:00:36] ADS value: 21.56, Ver: 106
[2026-06-26 17:01:07] ADS value: 21.58, Ver: 106
[2026-06-26 17:01:38] ADS value: 21.60, Ver: 106
[2026-06-26 17:02:08] ADS value: 21.59, Ver: 106
[2026-06-26 17:02:39] ADS value: 21.59, Ver: 106
[2026-06-26 17:02:59] running_front
[2026-06-26 17:03:36] Boot complete
[2026-06-26 17:03:37] running_opposite
[2026-06-26 17:04:00] Boot complete
[2026-06-26 17:04:19] ADS value: 21.54, Ver: 106
[2026-06-26 17:04:50] ADS value: 21.58, Ver: 106
[2026-06-26 17:05:21] ADS value: 21.59, Ver: 106
[2026-06-26 17:05:52] ADS value: 21.58, Ver: 106
[2026-06-26 17:06:23] ADS value: 21.59, Ver: 106
[2026-06-26 17:06:53] ADS value: 21.60, Ver: 106
[2026-06-26 17:07:24] ADS value: 21.58, Ver: 106
[2026-06-26 17:07:55] ADS value: 21.58, Ver: 106
[2026-06-26 17:08:26] ADS value: 21.57, Ver: 106
[2026-06-26 17:08:56] ADS value: 21.57, Ver: 106
[2026-06-26 17:09:27] ADS value: 21.57, Ver: 106
[2026-06-26 17:09:58] ADS value: 21.60, Ver: 106
[2026-06-26 17:10:29] ADS value: 21.59, Ver: 106
[2026-06-26 17:11:00] ADS value: 21.59, Ver: 106
[2026-06-26 17:11:31] ADS value: 21.58, Ver: 106
[2026-06-26 17:12:02] ADS value: 21.58, Ver: 106
[2026-06-26 17:12:32] ADS value: 21.57, Ver: 106
[2026-06-26 17:13:03] ADS value: 21.59, Ver: 106
[2026-06-26 17:13:34] ADS value: 21.58, Ver: 106
[2026-06-26 17:14:05] ADS value: 21.59, Ver: 106
[2026-06-26 17:14:36] ADS value: 21.57, Ver: 106
[2026-06-26 17:15:09] ADS value: 21.59, Ver: 106
[2026-06-26 17:15:40] ADS value: 21.59, Ver: 106
[2026-06-26 17:16:11] ADS value: 21.58, Ver: 106
[2026-06-26 17:16:42] ADS value: 21.58, Ver: 106
[2026-06-26 17:17:12] ADS value: 21.58, Ver: 106
[2026-06-26 17:17:43] ADS value: 21.59, Ver: 106
[2026-06-26 17:18:14] ADS value: 21.59, Ver: 106
[2026-06-26 17:18:45] ADS value: 21.59, Ver: 106
[2026-06-26 17:19:15] ADS value: 21.56, Ver: 106
[2026-06-26 17:19:46] ADS value: 21.57, Ver: 106
[2026-06-26 17:20:17] ADS value: 21.60, Ver: 106
[2026-06-26 17:20:47] ADS value: 21.57, Ver: 106
[2026-06-26 17:21:18] ADS value: 21.58, Ver: 106
[2026-06-26 17:21:49] ADS value: 21.57, Ver: 106
[2026-06-26 17:22:20] ADS value: 21.59, Ver: 106
[2026-06-26 17:22:51] ADS value: 21.56, Ver: 106
[2026-06-26 17:23:22] ADS value: 21.57, Ver: 106
[2026-06-26 17:23:53] ADS value: 21.58, Ver: 106
[2026-06-26 17:24:24] ADS value: 21.60, Ver: 106
[2026-06-26 17:24:54] ADS value: 21.57, Ver: 106
[2026-06-26 17:25:25] ADS value: 21.58, Ver: 106
[2026-06-26 17:25:56] ADS value: 21.56, Ver: 106
[2026-06-26 17:26:27] ADS value: 21.56, Ver: 106
[2026-06-26 17:26:58] ADS value: 21.56, Ver: 106
[2026-06-26 17:27:29] ADS value: 21.58, Ver: 106
[2026-06-26 17:27:59] ADS value: 21.59, Ver: 106
[2026-06-26 17:28:30] ADS value: 21.57, Ver: 106
[2026-06-26 17:29:01] ADS value: 21.58, Ver: 106
[2026-06-26 17:29:31] ADS value: 21.56, Ver: 106
[2026-06-26 17:30:02] ADS value: 21.58, Ver: 106
[2026-06-26 17:30:33] ADS value: 21.56, Ver: 106
[2026-06-26 17:31:04] ADS value: 21.59, Ver: 106
[2026-06-26 17:31:34] ADS value: 21.56, Ver: 106
[2026-06-26 17:32:05] ADS value: 21.57, Ver: 106
[2026-06-26 17:32:36] ADS value: 21.56, Ver: 106
[2026-06-26 17:33:06] ADS value: 21.57, Ver: 106
[2026-06-26 17:33:37] ADS value: 21.55, Ver: 106
[2026-06-26 17:34:08] ADS value: 21.56, Ver: 106
[2026-06-26 17:34:39] ADS value: 21.58, Ver: 106
[2026-06-26 17:35:09] ADS value: 21.56, Ver: 106
[2026-06-26 17:35:40] ADS value: 21.57, Ver: 106
[2026-06-26 17:36:11] ADS value: 21.57, Ver: 106
[2026-06-26 17:36:42] ADS value: 21.56, Ver: 106
[2026-06-26 17:37:13] ADS value: 21.55, Ver: 106
[2026-06-26 17:37:44] ADS value: 21.57, Ver: 106
[2026-06-26 17:38:15] ADS value: 21.58, Ver: 106
[2026-06-26 17:38:45] ADS value: 21.57, Ver: 106
[2026-06-26 17:39:16] ADS value: 21.59, Ver: 106
[2026-06-26 17:39:47] ADS value: 21.58, Ver: 106
[2026-06-26 17:40:18] ADS value: 21.58, Ver: 106
[2026-06-26 17:40:49] ADS value: 21.57, Ver: 106
[2026-06-26 17:41:19] ADS value: 21.56, Ver: 106
[2026-06-26 17:41:50] ADS value: 21.55, Ver: 106
[2026-06-26 17:42:21] ADS value: 21.56, Ver: 106
[2026-06-26 17:42:52] ADS value: 21.55, Ver: 106
[2026-06-26 17:43:23] ADS value: 21.55, Ver: 106
[2026-06-26 17:43:54] ADS value: 21.57, Ver: 106
[2026-06-26 17:44:24] ADS value: 21.56, Ver: 106
[2026-06-26 17:44:55] ADS value: 21.55, Ver: 106
[2026-06-26 17:45:26] ADS value: 21.57, Ver: 106
[2026-06-26 17:45:57] ADS value: 21.56, Ver: 106
[2026-06-26 17:46:27] ADS value: 21.57, Ver: 106
[2026-06-26 17:46:58] ADS value: 21.55, Ver: 106
[2026-06-26 17:47:29] ADS value: 21.54, Ver: 106
[2026-06-26 17:47:59] ADS value: 21.54, Ver: 106
[2026-06-26 17:48:30] ADS value: 21.56, Ver: 106
[2026-06-26 17:49:01] ADS value: 21.54, Ver: 106
[2026-06-26 17:49:31] ADS value: 21.56, Ver: 106
[2026-06-26 17:50:02] ADS value: 21.55, Ver: 106
[2026-06-26 17:50:33] ADS value: 21.56, Ver: 106
[2026-06-26 17:51:04] ADS value: 21.55, Ver: 106
[2026-06-26 17:51:34] ADS value: 21.54, Ver: 106
[2026-06-26 17:52:05] ADS value: 21.57, Ver: 106
[2026-06-26 17:52:36] ADS value: 21.56, Ver: 106
[2026-06-26 17:53:06] ADS value: 21.57, Ver: 106
[2026-06-26 17:53:37] ADS value: 21.57, Ver: 106
[2026-06-26 17:54:08] ADS value: 21.54, Ver: 106
[2026-06-26 17:54:38] ADS value: 21.56, Ver: 106
[2026-06-26 17:55:09] ADS value: 21.57, Ver: 106
[2026-06-26 17:55:40] ADS value: 21.55, Ver: 106
[2026-06-26 17:56:10] ADS value: 21.55, Ver: 106
[2026-06-26 17:56:41] ADS value: 21.55, Ver: 106
[2026-06-26 17:57:11] ADS value: 21.54, Ver: 106
[2026-06-26 17:57:42] ADS value: 21.55, Ver: 106
[2026-06-26 17:58:13] ADS value: 21.56, Ver: 106
[2026-06-26 17:58:44] ADS value: 21.52, Ver: 106
[2026-06-26 17:59:15] ADS value: 21.49, Ver: 106
[2026-06-26 17:59:45] ADS value: 21.51, Ver: 106
[2026-06-26 18:00:16] ADS value: 21.50, Ver: 106
[2026-06-26 18:00:47] ADS value: 21.54, Ver: 106
[2026-06-26 18:01:18] ADS value: 21.53, Ver: 106
[2026-06-26 18:01:49] ADS value: 21.53, Ver: 106
[2026-06-26 18:02:19] ADS value: 21.46, Ver: 106
[2026-06-26 18:02:50] ADS value: 21.49, Ver: 106
[2026-06-26 18:03:21] ADS value: 21.51, Ver: 106
[2026-06-26 18:03:51] ADS value: 21.55, Ver: 106
[2026-06-26 18:04:22] ADS value: 21.52, Ver: 106
[2026-06-26 18:04:53] ADS value: 21.52, Ver: 106
[2026-06-26 18:05:24] ADS value: 21.49, Ver: 106
[2026-06-26 18:05:55] ADS value: 21.49, Ver: 106
[2026-06-26 18:06:25] ADS value: 21.50, Ver: 106
[2026-06-26 18:06:56] ADS value: 21.49, Ver: 106
[2026-06-26 18:07:27] ADS value: 21.54, Ver: 106
[2026-06-26 18:07:58] ADS value: 21.52, Ver: 106
[2026-06-26 18:08:28] ADS value: 21.52, Ver: 106
[2026-06-26 18:08:59] ADS value: 21.49, Ver: 106
[2026-06-26 18:09:30] ADS value: 21.55, Ver: 106
[2026-06-26 18:10:01] ADS value: 21.51, Ver: 106
[2026-06-26 18:10:31] ADS value: 21.54, Ver: 106
[2026-06-26 18:11:02] ADS value: 21.53, Ver: 106
[2026-06-26 18:11:33] ADS value: 21.56, Ver: 106
[2026-06-26 18:12:03] ADS value: 21.54, Ver: 106
[2026-06-26 18:12:34] ADS value: 21.53, Ver: 106
[2026-06-26 18:13:05] ADS value: 21.56, Ver: 106
[2026-06-26 18:13:36] ADS value: 21.55, Ver: 106
[2026-06-26 18:14:06] ADS value: 21.54, Ver: 106
[2026-06-26 18:14:37] ADS value: 21.54, Ver: 106
[2026-06-26 18:15:08] ADS value: 21.53, Ver: 106
[2026-06-26 18:15:38] ADS value: 21.52, Ver: 106
[2026-06-26 18:16:09] ADS value: 21.55, Ver: 106
[2026-06-26 18:16:40] ADS value: 21.53, Ver: 106
[2026-06-26 18:17:11] ADS value: 21.54, Ver: 106
[2026-06-26 18:17:42] ADS value: 21.54, Ver: 106
[2026-06-26 18:18:13] ADS value: 21.55, Ver: 106
[2026-06-26 18:18:43] ADS value: 21.54, Ver: 106
[2026-06-26 18:19:14] ADS value: 21.53, Ver: 106
[2026-06-26 18:19:45] ADS value: 21.53, Ver: 106
[2026-06-26 18:20:16] ADS value: 21.54, Ver: 106
[2026-06-26 18:20:46] ADS value: 21.54, Ver: 106
[2026-06-26 18:21:17] ADS value: 21.54, Ver: 106
[2026-06-26 18:21:48] ADS value: 21.56, Ver: 106
[2026-06-26 18:22:19] ADS value: 21.55, Ver: 106
[2026-06-26 18:22:49] ADS value: 21.53, Ver: 106
[2026-06-26 18:23:20] ADS value: 21.56, Ver: 106
[2026-06-26 18:23:51] ADS value: 21.53, Ver: 106
[2026-06-26 18:24:22] ADS value: 21.52, Ver: 106
[2026-06-26 18:24:52] ADS value: 21.56, Ver: 106
[2026-06-26 18:25:23] ADS value: 21.54, Ver: 106
[2026-06-26 18:25:54] ADS value: 21.53, Ver: 106
[2026-06-26 18:26:25] ADS value: 21.55, Ver: 106
[2026-06-26 18:26:56] ADS value: 21.54, Ver: 106
[2026-06-26 18:27:27] ADS value: 21.54, Ver: 106
[2026-06-26 18:27:57] ADS value: 21.56, Ver: 106
[2026-06-26 18:28:28] ADS value: 21.53, Ver: 106
[2026-06-26 18:28:59] ADS value: 21.54, Ver: 106
[2026-06-26 18:29:29] ADS value: 21.52, Ver: 106
[2026-06-26 18:30:00] ADS value: 21.52, Ver: 106
[2026-06-26 18:30:31] ADS value: 21.53, Ver: 106
[2026-06-26 18:31:02] ADS value: 21.56, Ver: 106
[2026-06-26 18:31:33] ADS value: 21.54, Ver: 106
[2026-06-26 18:32:03] ADS value: 21.53, Ver: 106
[2026-06-26 18:32:34] ADS value: 21.52, Ver: 106
[2026-06-26 18:33:05] ADS value: 21.53, Ver: 106
[2026-06-26 18:33:35] ADS value: 21.52, Ver: 106
[2026-06-26 18:34:06] ADS value: 21.53, Ver: 106
[2026-06-26 18:34:36] ADS value: 21.53, Ver: 106
[2026-06-26 18:35:07] ADS value: 21.53, Ver: 106
[2026-06-26 18:35:38] ADS value: 21.52, Ver: 106
[2026-06-26 18:36:08] ADS value: 21.53, Ver: 106
[2026-06-26 18:36:39] ADS value: 21.55, Ver: 106
[2026-06-26 18:37:10] ADS value: 21.51, Ver: 106
[2026-06-26 18:37:40] ADS value: 21.53, Ver: 106
[2026-06-26 18:38:11] ADS value: 21.52, Ver: 106
[2026-06-26 18:38:42] ADS value: 21.53, Ver: 106
[2026-06-26 18:39:13] ADS value: 21.55, Ver: 106
[2026-06-26 18:39:44] ADS value: 21.52, Ver: 106
[2026-06-26 18:40:15] ADS value: 21.54, Ver: 106
[2026-06-26 18:40:45] ADS value: 21.52, Ver: 106
[2026-06-26 18:41:16] ADS value: 21.52, Ver: 106
[2026-06-26 18:41:47] ADS value: 21.53, Ver: 106
[2026-06-26 18:42:18] ADS value: 21.51, Ver: 106
[2026-06-26 18:42:49] ADS value: 21.51, Ver: 106
[2026-06-26 18:43:19] ADS value: 21.54, Ver: 106
[2026-06-26 18:43:50] ADS value: 21.50, Ver: 106
[2026-06-26 18:44:21] ADS value: 21.54, Ver: 106
[2026-06-26 18:44:52] ADS value: 21.54, Ver: 106
[2026-06-26 18:45:22] ADS value: 21.52, Ver: 106
[2026-06-26 18:45:53] ADS value: 21.53, Ver: 106
[2026-06-26 18:46:24] ADS value: 21.53, Ver: 106
[2026-06-26 18:46:55] ADS value: 21.52, Ver: 106
[2026-06-26 18:47:26] ADS value: 21.53, Ver: 106
[2026-06-26 18:47:57] ADS value: 21.50, Ver: 106
[2026-06-26 18:48:28] ADS value: 21.53, Ver: 106
[2026-06-26 18:48:58] ADS value: 21.53, Ver: 106
[2026-06-26 18:49:29] ADS value: 21.53, Ver: 106
[2026-06-26 18:50:00] ADS value: 21.52, Ver: 106
[2026-06-26 18:50:31] ADS value: 21.51, Ver: 106
[2026-06-26 18:51:01] ADS value: 21.54, Ver: 106
[2026-06-26 18:51:32] ADS value: 21.52, Ver: 106
[2026-06-26 18:52:03] ADS value: 21.51, Ver: 106
[2026-06-26 18:52:34] ADS value: 21.50, Ver: 106
[2026-06-26 18:53:05] ADS value: 21.53, Ver: 106
[2026-06-26 18:53:36] ADS value: 21.51, Ver: 106
[2026-06-26 18:54:06] ADS value: 21.53, Ver: 106
[2026-06-26 18:54:37] ADS value: 21.54, Ver: 106
[2026-06-26 18:55:08] ADS value: 21.53, Ver: 106
[2026-06-26 18:55:38] ADS value: 21.50, Ver: 106
[2026-06-26 18:56:09] ADS value: 21.50, Ver: 106
[2026-06-26 18:56:40] ADS value: 21.54, Ver: 106
[2026-06-26 18:57:11] ADS value: 21.52, Ver: 106
[2026-06-26 18:57:41] ADS value: 21.50, Ver: 106
[2026-06-26 18:58:12] ADS value: 21.50, Ver: 106
[2026-06-26 18:58:43] ADS value: 21.52, Ver: 106
[2026-06-26 18:59:14] ADS value: 21.53, Ver: 106
[2026-06-26 18:59:44] ADS value: 21.53, Ver: 106
[2026-06-26 19:00:15] ADS value: 21.51, Ver: 106
[2026-06-26 19:00:46] ADS value: 21.50, Ver: 106
[2026-06-26 19:01:17] ADS value: 21.53, Ver: 106
[2026-06-26 19:01:48] ADS value: 21.52, Ver: 106
[2026-06-26 19:02:18] ADS value: 21.52, Ver: 106
[2026-06-26 19:02:49] ADS value: 21.53, Ver: 106
[2026-06-26 19:03:20] ADS value: 21.50, Ver: 106
[2026-06-26 19:03:51] ADS value: 21.52, Ver: 106
[2026-06-26 19:04:21] ADS value: 21.51, Ver: 106
[2026-06-26 19:04:52] ADS value: 21.50, Ver: 106
[2026-06-26 19:05:23] ADS value: 21.49, Ver: 106
[2026-06-26 19:05:54] ADS value: 21.53, Ver: 106
[2026-06-26 19:06:25] ADS value: 21.51, Ver: 106
[2026-06-26 19:06:56] ADS value: 21.48, Ver: 106
[2026-06-26 19:07:26] ADS value: 21.46, Ver: 106
[2026-06-26 19:07:57] ADS value: 21.47, Ver: 106
[2026-06-26 19:08:28] ADS value: 21.48, Ver: 106
[2026-06-26 19:08:59] ADS value: 21.46, Ver: 106
[2026-06-26 19:09:30] ADS value: 21.48, Ver: 106
[2026-06-26 19:10:01] ADS value: 21.49, Ver: 106
[2026-06-26 19:10:31] ADS value: 21.50, Ver: 106
[2026-06-26 19:11:02] ADS value: 21.41, Ver: 106
[2026-06-26 19:11:33] ADS value: 21.53, Ver: 106
[2026-06-26 19:12:04] ADS value: 21.46, Ver: 106
[2026-06-26 19:12:35] ADS value: 21.48, Ver: 106
[2026-06-26 19:13:06] ADS value: 21.44, Ver: 106
[2026-06-26 19:13:37] ADS value: 21.45, Ver: 106
[2026-06-26 19:14:07] ADS value: 21.52, Ver: 106
[2026-06-26 19:14:38] ADS value: 21.45, Ver: 106
[2026-06-26 19:15:09] ADS value: 21.48, Ver: 106
[2026-06-26 19:15:39] ADS value: 21.45, Ver: 106
[2026-06-26 19:16:10] ADS value: 21.45, Ver: 106
[2026-06-26 19:16:41] ADS value: 21.46, Ver: 106
[2026-06-26 19:17:12] ADS value: 21.46, Ver: 106
[2026-06-26 19:17:43] ADS value: 21.47, Ver: 106
[2026-06-26 19:18:13] ADS value: 21.46, Ver: 106
[2026-06-26 19:18:44] ADS value: 21.49, Ver: 106
[2026-06-26 19:19:15] ADS value: 21.50, Ver: 106
[2026-06-26 19:19:46] ADS value: 21.51, Ver: 106
[2026-06-26 19:20:16] ADS value: 21.50, Ver: 106
[2026-06-26 19:20:47] ADS value: 21.50, Ver: 106
[2026-06-26 19:21:18] ADS value: 21.51, Ver: 106
[2026-06-26 19:21:48] ADS value: 21.52, Ver: 106
[2026-06-26 19:22:19] ADS value: 21.50, Ver: 106
[2026-06-26 19:22:50] ADS value: 21.52, Ver: 106
[2026-06-26 19:23:21] ADS value: 21.50, Ver: 106
[2026-06-26 19:23:51] ADS value: 21.51, Ver: 106
[2026-06-26 19:24:22] ADS value: 21.52, Ver: 106
[2026-06-26 19:24:53] ADS value: 21.52, Ver: 106
[2026-06-26 19:25:24] ADS value: 21.52, Ver: 106
[2026-06-26 19:25:55] ADS value: 21.49, Ver: 106
[2026-06-26 19:26:25] ADS value: 21.52, Ver: 106
[2026-06-26 19:26:56] ADS value: 21.50, Ver: 106
[2026-06-26 19:27:27] ADS value: 21.49, Ver: 106
[2026-06-26 19:27:58] ADS value: 21.51, Ver: 106
[2026-06-26 19:28:28] ADS value: 21.50, Ver: 106
[2026-06-26 19:28:59] ADS value: 21.51, Ver: 106
[2026-06-26 19:29:30] ADS value: 21.51, Ver: 106
[2026-06-26 19:30:00] ADS value: 21.50, Ver: 106
[2026-06-26 19:30:31] ADS value: 21.50, Ver: 106
[2026-06-26 19:31:02] ADS value: 21.51, Ver: 106
[2026-06-26 19:31:32] ADS value: 21.49, Ver: 106
[2026-06-26 19:32:03] ADS value: 21.48, Ver: 106
[2026-06-26 19:32:33] ADS value: 21.49, Ver: 106
[2026-06-26 19:33:04] ADS value: 21.49, Ver: 106
[2026-06-26 19:33:35] ADS value: 21.48, Ver: 106
[2026-06-26 19:34:05] ADS value: 21.49, Ver: 106
[2026-06-26 19:34:36] ADS value: 21.50, Ver: 106
[2026-06-26 19:35:06] ADS value: 21.48, Ver: 106
[2026-06-26 19:35:37] ADS value: 21.49, Ver: 106
[2026-06-26 19:36:08] ADS value: 21.52, Ver: 106
[2026-06-26 19:36:38] ADS value: 21.51, Ver: 106
[2026-06-26 19:37:09] ADS value: 21.49, Ver: 106
[2026-06-26 19:37:40] ADS value: 21.49, Ver: 106
[2026-06-26 19:38:11] ADS value: 21.49, Ver: 106
[2026-06-26 19:38:42] ADS value: 21.49, Ver: 106
[2026-06-26 19:39:12] ADS value: 21.48, Ver: 106
[2026-06-26 19:39:43] ADS value: 21.49, Ver: 106
[2026-06-26 19:40:14] ADS value: 21.48, Ver: 106
[2026-06-26 19:40:44] ADS value: 21.48, Ver: 106
[2026-06-26 19:41:15] ADS value: 21.48, Ver: 106
[2026-06-26 19:41:46] ADS value: 21.46, Ver: 106
[2026-06-26 19:42:17] ADS value: 21.47, Ver: 106
[2026-06-26 19:42:47] ADS value: 21.46, Ver: 106
[2026-06-26 19:43:18] ADS value: 21.48, Ver: 106
[2026-06-26 19:43:49] ADS value: 21.51, Ver: 106
[2026-06-26 19:44:19] ADS value: 21.49, Ver: 106
[2026-06-26 19:44:50] ADS value: 21.50, Ver: 106
[2026-06-26 19:45:21] ADS value: 21.48, Ver: 106
[2026-06-26 19:45:51] ADS value: 21.49, Ver: 106
[2026-06-26 19:46:22] ADS value: 21.51, Ver: 106
[2026-06-26 19:46:53] ADS value: 21.48, Ver: 106
[2026-06-26 19:47:24] ADS value: 21.50, Ver: 106
[2026-06-26 19:47:55] ADS value: 21.49, Ver: 106
[2026-06-26 19:48:25] ADS value: 21.50, Ver: 106
[2026-06-26 19:48:56] ADS value: 21.49, Ver: 106
[2026-06-26 19:49:27] ADS value: 21.50, Ver: 106
[2026-06-26 19:49:58] ADS value: 21.49, Ver: 106
[2026-06-26 19:50:29] ADS value: 21.49, Ver: 106
[2026-06-26 19:50:59] ADS value: 21.50, Ver: 106
[2026-06-26 19:51:30] ADS value: 21.49, Ver: 106
[2026-06-26 19:52:01] ADS value: 21.49, Ver: 106
[2026-06-26 19:52:32] ADS value: 21.50, Ver: 106
[2026-06-26 19:53:02] ADS value: 21.48, Ver: 106
[2026-06-26 19:53:33] ADS value: 21.49, Ver: 106
[2026-06-26 19:54:04] ADS value: 21.48, Ver: 106
[2026-06-26 19:54:35] ADS value: 21.49, Ver: 106
[2026-06-26 19:55:05] ADS value: 21.48, Ver: 106
[2026-06-26 19:55:36] ADS value: 21.50, Ver: 106
[2026-06-26 19:56:07] ADS value: 21.48, Ver: 106
[2026-06-26 19:56:37] ADS value: 21.48, Ver: 106
[2026-06-26 19:57:08] ADS value: 21.49, Ver: 106
[2026-06-26 19:57:39] ADS value: 21.48, Ver: 106
[2026-06-26 19:58:10] ADS value: 21.48, Ver: 106
[2026-06-26 19:58:40] ADS value: 21.47, Ver: 106
[2026-06-26 19:59:11] ADS value: 21.48, Ver: 106
[2026-06-26 19:59:42] ADS value: 21.48, Ver: 106
[2026-06-26 20:00:13] ADS value: 21.49, Ver: 106
[2026-06-26 20:00:43] ADS value: 21.49, Ver: 106
[2026-06-26 20:01:14] ADS value: 21.47, Ver: 106
[2026-06-26 20:01:45] ADS value: 21.47, Ver: 106
[2026-06-26 20:02:16] ADS value: 21.49, Ver: 106
[2026-06-26 20:02:46] ADS value: 21.47, Ver: 106
[2026-06-26 20:03:17] ADS value: 21.48, Ver: 106
[2026-06-26 20:03:48] ADS value: 21.47, Ver: 106
[2026-06-26 20:04:18] ADS value: 21.49, Ver: 106
[2026-06-26 20:04:49] ADS value: 21.48, Ver: 106
[2026-06-26 20:05:20] ADS value: 21.48, Ver: 106
[2026-06-26 20:05:51] ADS value: 21.48, Ver: 106
[2026-06-26 20:06:21] ADS value: 21.46, Ver: 106
[2026-06-26 20:06:52] ADS value: 21.47, Ver: 106
[2026-06-26 20:07:22] ADS value: 21.47, Ver: 106
[2026-06-26 20:07:53] ADS value: 21.49, Ver: 106
[2026-06-26 20:08:24] ADS value: 21.48, Ver: 106
[2026-06-26 20:08:55] ADS value: 21.46, Ver: 106
[2026-06-26 20:09:25] ADS value: 21.49, Ver: 106
[2026-06-26 20:09:56] ADS value: 21.49, Ver: 106
[2026-06-26 20:10:27] ADS value: 21.47, Ver: 106
[2026-06-26 20:10:58] ADS value: 21.48, Ver: 106
[2026-06-26 20:11:28] ADS value: 21.47, Ver: 106
[2026-06-26 20:11:59] ADS value: 21.48, Ver: 106
[2026-06-26 20:12:30] ADS value: 21.47, Ver: 106
[2026-06-26 20:13:01] ADS value: 21.48, Ver: 106
[2026-06-26 20:13:32] ADS value: 21.48, Ver: 106
[2026-06-26 20:14:02] ADS value: 21.48, Ver: 106
[2026-06-26 20:14:33] ADS value: 21.47, Ver: 106
[2026-06-26 20:15:04] ADS value: 21.49, Ver: 106
[2026-06-26 20:15:35] ADS value: 21.48, Ver: 106
[2026-06-26 20:16:05] ADS value: 21.49, Ver: 106
[2026-06-26 20:16:36] ADS value: 21.48, Ver: 106
[2026-06-26 20:17:06] ADS value: 21.48, Ver: 106
[2026-06-26 20:17:37] ADS value: 21.47, Ver: 106
[2026-06-26 20:18:08] ADS value: 21.47, Ver: 106
[2026-06-26 20:18:39] ADS value: 21.48, Ver: 106
[2026-06-26 20:19:09] ADS value: 21.47, Ver: 106
[2026-06-26 20:19:40] ADS value: 21.46, Ver: 106
[2026-06-26 20:20:11] ADS value: 21.46, Ver: 106
[2026-06-26 20:20:41] ADS value: 21.47, Ver: 106
[2026-06-26 20:21:12] ADS value: 21.46, Ver: 106
[2026-06-26 20:21:43] ADS value: 21.46, Ver: 106
[2026-06-26 20:22:13] ADS value: 21.45, Ver: 106
[2026-06-26 20:22:44] ADS value: 21.48, Ver: 106
[2026-06-26 20:23:15] ADS value: 21.49, Ver: 106
[2026-06-26 20:23:45] ADS value: 21.46, Ver: 106
[2026-06-26 20:24:16] ADS value: 21.46, Ver: 106
[2026-06-26 20:24:47] ADS value: 21.48, Ver: 106
[2026-06-26 20:25:18] ADS value: 21.48, Ver: 106
[2026-06-26 20:25:48] ADS value: 21.49, Ver: 106
[2026-06-26 20:26:19] ADS value: 21.48, Ver: 106
[2026-06-26 20:26:50] ADS value: 21.45, Ver: 106
[2026-06-26 20:27:20] ADS value: 21.46, Ver: 106
[2026-06-26 20:27:51] ADS value: 21.49, Ver: 106
[2026-06-26 20:28:22] ADS value: 21.45, Ver: 106
[2026-06-26 20:28:53] ADS value: 21.47, Ver: 106
[2026-06-26 20:29:24] ADS value: 21.48, Ver: 106
[2026-06-26 20:29:54] ADS value: 21.46, Ver: 106
[2026-06-26 20:30:25] ADS value: 21.47, Ver: 106
[2026-06-26 20:30:55] ADS value: 21.45, Ver: 106
[2026-06-26 20:31:26] ADS value: 21.47, Ver: 106
[2026-06-26 20:31:57] ADS value: 21.47, Ver: 106
[2026-06-26 20:32:27] ADS value: 21.45, Ver: 106
[2026-06-26 20:32:58] ADS value: 21.46, Ver: 106
[2026-06-26 20:33:29] ADS value: 21.48, Ver: 106
[2026-06-26 20:33:59] ADS value: 21.48, Ver: 106
[2026-06-26 20:34:30] ADS value: 21.47, Ver: 106
[2026-06-26 20:35:00] ADS value: 21.45, Ver: 106
[2026-06-26 20:35:31] ADS value: 21.45, Ver: 106
[2026-06-26 20:36:02] ADS value: 21.49, Ver: 106
[2026-06-26 20:36:33] ADS value: 21.46, Ver: 106
[2026-06-26 20:37:03] ADS value: 21.46, Ver: 106
[2026-06-26 20:37:34] ADS value: 21.47, Ver: 106
[2026-06-26 20:38:05] ADS value: 21.48, Ver: 106
[2026-06-26 20:38:36] ADS value: 21.46, Ver: 106
[2026-06-26 20:39:06] ADS value: 21.46, Ver: 106
[2026-06-26 20:39:37] ADS value: 21.47, Ver: 106
[2026-06-26 20:40:08] ADS value: 21.45, Ver: 106
[2026-06-26 20:40:39] ADS value: 21.47, Ver: 106
[2026-06-26 20:41:10] ADS value: 21.46, Ver: 106
[2026-06-26 20:41:40] ADS value: 21.46, Ver: 106
[2026-06-26 20:42:11] ADS value: 21.45, Ver: 106
[2026-06-26 20:42:42] ADS value: 21.48, Ver: 106
[2026-06-26 20:43:13] ADS value: 21.46, Ver: 106
[2026-06-26 20:43:43] ADS value: 21.45, Ver: 106
[2026-06-26 20:44:14] ADS value: 21.45, Ver: 106
[2026-06-26 20:44:45] ADS value: 21.46, Ver: 106
[2026-06-26 20:45:16] ADS value: 21.45, Ver: 106
[2026-06-26 20:45:47] ADS value: 21.44, Ver: 106
[2026-06-26 20:46:18] ADS value: 21.47, Ver: 106
[2026-06-26 20:46:48] ADS value: 21.45, Ver: 106
[2026-06-26 20:47:19] ADS value: 21.48, Ver: 106
[2026-06-26 20:47:49] ADS value: 21.44, Ver: 106
[2026-06-26 20:48:20] ADS value: 21.47, Ver: 106
[2026-06-26 20:48:51] ADS value: 21.47, Ver: 106
[2026-06-26 20:49:22] ADS value: 21.45, Ver: 106
[2026-06-26 20:49:53] ADS value: 21.46, Ver: 106
[2026-06-26 20:50:23] ADS value: 21.46, Ver: 106
[2026-06-26 20:50:54] ADS value: 21.46, Ver: 106
[2026-06-26 20:51:24] ADS value: 21.45, Ver: 106
[2026-06-26 20:51:55] ADS value: 21.46, Ver: 106
[2026-06-26 20:52:26] ADS value: 21.46, Ver: 106
[2026-06-26 20:52:56] ADS value: 21.48, Ver: 106
[2026-06-26 20:53:27] ADS value: 21.46, Ver: 106
[2026-06-26 20:53:58] ADS value: 21.47, Ver: 106
[2026-06-26 20:54:28] ADS value: 21.48, Ver: 106
[2026-06-26 20:54:59] ADS value: 21.46, Ver: 106
[2026-06-26 20:55:30] ADS value: 21.45, Ver: 106
[2026-06-26 20:56:01] ADS value: 21.46, Ver: 106
[2026-06-26 20:56:32] ADS value: 21.46, Ver: 106
[2026-06-26 20:57:03] ADS value: 21.44, Ver: 106
[2026-06-26 20:57:33] ADS value: 21.45, Ver: 106
[2026-06-26 20:58:04] ADS value: 21.45, Ver: 106
[2026-06-26 20:58:35] ADS value: 21.45, Ver: 106
[2026-06-26 20:59:06] ADS value: 21.45, Ver: 106
[2026-06-26 20:59:36] ADS value: 21.44, Ver: 106
[2026-06-26 21:00:07] ADS value: 21.43, Ver: 106
[2026-06-26 21:00:38] ADS value: 21.48, Ver: 106
[2026-06-26 21:01:08] ADS value: 21.47, Ver: 106
[2026-06-26 21:01:39] ADS value: 21.47, Ver: 106
[2026-06-26 21:02:10] ADS value: 21.47, Ver: 106
[2026-06-26 21:02:40] ADS value: 21.47, Ver: 106
[2026-06-26 21:03:11] ADS value: 21.47, Ver: 106
[2026-06-26 21:03:42] ADS value: 21.45, Ver: 106
[2026-06-26 21:04:12] ADS value: 21.45, Ver: 106
[2026-06-26 21:04:43] ADS value: 21.45, Ver: 106
[2026-06-26 21:05:14] ADS value: 21.45, Ver: 106
[2026-06-26 21:05:45] ADS value: 21.44, Ver: 106
[2026-06-26 21:06:15] ADS value: 21.45, Ver: 106
[2026-06-26 21:06:46] ADS value: 21.45, Ver: 106
[2026-06-26 21:07:17] ADS value: 21.46, Ver: 106
[2026-06-26 21:07:47] ADS value: 21.45, Ver: 106
[2026-06-26 21:08:18] ADS value: 21.45, Ver: 106
[2026-06-26 21:08:49] ADS value: 21.45, Ver: 106
[2026-06-26 21:09:20] ADS value: 21.44, Ver: 106
[2026-06-26 21:09:51] ADS value: 21.45, Ver: 106
[2026-06-26 21:10:21] ADS value: 21.45, Ver: 106
[2026-06-26 21:10:52] ADS value: 21.48, Ver: 106
[2026-06-26 21:11:23] ADS value: 21.45, Ver: 106
[2026-06-26 21:11:53] ADS value: 21.43, Ver: 106
[2026-06-26 21:12:24] ADS value: 21.44, Ver: 106
[2026-06-26 21:12:55] ADS value: 21.46, Ver: 106
[2026-06-26 21:13:25] ADS value: 21.45, Ver: 106
[2026-06-26 21:13:56] ADS value: 21.44, Ver: 106
[2026-06-26 21:14:27] ADS value: 21.46, Ver: 106
[2026-06-26 21:14:58] ADS value: 21.45, Ver: 106
[2026-06-26 21:15:29] ADS value: 21.46, Ver: 106
[2026-06-26 21:15:59] ADS value: 21.43, Ver: 106
[2026-06-26 21:16:30] ADS value: 21.45, Ver: 106
[2026-06-26 21:17:01] ADS value: 21.44, Ver: 106
[2026-06-26 21:17:31] ADS value: 21.43, Ver: 106
[2026-06-26 21:18:02] ADS value: 21.43, Ver: 106
[2026-06-26 21:18:33] ADS value: 21.45, Ver: 106
[2026-06-26 21:19:04] ADS value: 21.44, Ver: 106
[2026-06-26 21:19:34] ADS value: 21.46, Ver: 106
[2026-06-26 21:20:05] ADS value: 21.45, Ver: 106
[2026-06-26 21:20:36] ADS value: 21.43, Ver: 106
[2026-06-26 21:21:07] ADS value: 21.43, Ver: 106
[2026-06-26 21:21:38] ADS value: 21.46, Ver: 106
[2026-06-26 21:22:08] ADS value: 21.44, Ver: 106
[2026-06-26 21:22:39] ADS value: 21.46, Ver: 106
[2026-06-26 21:23:10] ADS value: 21.43, Ver: 106
[2026-06-26 21:23:41] ADS value: 21.45, Ver: 106
[2026-06-26 21:24:11] ADS value: 21.45, Ver: 106
[2026-06-26 21:24:42] ADS value: 21.45, Ver: 106
[2026-06-26 21:25:13] ADS value: 21.42, Ver: 106
[2026-06-26 21:25:44] ADS value: 21.43, Ver: 106
[2026-06-26 21:26:15] ADS value: 21.44, Ver: 106
[2026-06-26 21:26:45] ADS value: 21.44, Ver: 106
[2026-06-26 21:27:16] ADS value: 21.45, Ver: 106
[2026-06-26 21:27:47] ADS value: 21.44, Ver: 106
[2026-06-26 21:28:18] ADS value: 21.45, Ver: 106
[2026-06-26 21:28:48] ADS value: 21.45, Ver: 106
[2026-06-26 21:29:19] ADS value: 21.46, Ver: 106
[2026-06-26 21:29:50] ADS value: 21.43, Ver: 106
[2026-06-26 21:30:20] ADS value: 21.45, Ver: 106
[2026-06-26 21:30:51] ADS value: 21.45, Ver: 106
[2026-06-26 21:31:22] ADS value: 21.44, Ver: 106
[2026-06-26 21:31:52] ADS value: 21.44, Ver: 106
[2026-06-26 21:32:23] ADS value: 21.42, Ver: 106
[2026-06-26 21:32:54] ADS value: 21.40, Ver: 106
[2026-06-26 21:33:24] ADS value: 21.45, Ver: 106
[2026-06-26 21:33:55] ADS value: 21.38, Ver: 106
[2026-06-26 21:34:26] ADS value: 21.41, Ver: 106
[2026-06-26 21:34:56] ADS value: 21.45, Ver: 106
[2026-06-26 21:35:27] ADS value: 21.41, Ver: 106
[2026-06-26 21:35:57] ADS value: 21.37, Ver: 106
[2026-06-26 21:36:28] ADS value: 21.42, Ver: 106
[2026-06-26 21:36:59] ADS value: 21.41, Ver: 106
[2026-06-26 21:37:29] ADS value: 21.43, Ver: 106
[2026-06-26 21:38:00] ADS value: 21.44, Ver: 106
[2026-06-26 21:38:31] ADS value: 21.43, Ver: 106
[2026-06-26 21:39:02] ADS value: 21.44, Ver: 106
[2026-06-26 21:39:32] ADS value: 21.44, Ver: 106
[2026-06-26 21:40:03] ADS value: 21.43, Ver: 106
[2026-06-26 21:40:34] ADS value: 21.41, Ver: 106
[2026-06-26 21:41:05] ADS value: 21.44, Ver: 106
[2026-06-26 21:41:35] ADS value: 21.45, Ver: 106
[2026-06-26 21:42:06] ADS value: 21.42, Ver: 106
[2026-06-26 21:42:37] ADS value: 21.41, Ver: 106
[2026-06-26 21:43:08] ADS value: 21.42, Ver: 106
[2026-06-26 21:43:39] ADS value: 21.41, Ver: 106
[2026-06-26 21:44:10] ADS value: 21.43, Ver: 106
[2026-06-26 21:44:40] ADS value: 21.42, Ver: 106
[2026-06-26 21:45:11] ADS value: 21.42, Ver: 106
[2026-06-26 21:45:42] ADS value: 21.44, Ver: 106
[2026-06-26 21:46:13] ADS value: 21.43, Ver: 106
[2026-06-26 21:46:43] ADS value: 21.45, Ver: 106
[2026-06-26 21:47:14] ADS value: 21.45, Ver: 106
[2026-06-26 21:47:44] ADS value: 21.44, Ver: 106
[2026-06-26 21:48:15] ADS value: 21.42, Ver: 106
[2026-06-26 21:48:46] ADS value: 21.42, Ver: 106
[2026-06-26 21:49:17] ADS value: 21.42, Ver: 106
[2026-06-26 21:49:48] ADS value: 21.42, Ver: 106
[2026-06-26 21:50:19] ADS value: 21.43, Ver: 106
[2026-06-26 21:50:49] ADS value: 21.43, Ver: 106
[2026-06-26 21:51:20] ADS value: 21.44, Ver: 106
[2026-06-26 21:51:51] ADS value: 21.41, Ver: 106
[2026-06-26 21:52:22] ADS value: 21.43, Ver: 106
[2026-06-26 21:52:52] ADS value: 21.43, Ver: 106
[2026-06-26 21:53:23] ADS value: 21.43, Ver: 106
[2026-06-26 21:53:54] ADS value: 21.43, Ver: 106
[2026-06-26 21:54:24] ADS value: 21.42, Ver: 106
[2026-06-26 21:54:55] ADS value: 21.43, Ver: 106
[2026-06-26 21:55:26] ADS value: 21.41, Ver: 106
[2026-06-26 21:55:56] ADS value: 21.43, Ver: 106
[2026-06-26 21:56:27] ADS value: 21.43, Ver: 106
[2026-06-26 21:56:58] ADS value: 21.43, Ver: 106
[2026-06-26 21:57:29] ADS value: 21.43, Ver: 106
[2026-06-26 21:57:59] ADS value: 21.43, Ver: 106
[2026-06-26 21:58:30] ADS value: 21.43, Ver: 106
[2026-06-26 21:59:01] ADS value: 21.45, Ver: 106
[2026-06-26 21:59:32] ADS value: 21.44, Ver: 106
[2026-06-26 22:00:02] ADS value: 21.42, Ver: 106
[2026-06-26 22:00:33] ADS value: 21.43, Ver: 106
[2026-06-26 22:01:04] ADS value: 21.43, Ver: 106
[2026-06-26 22:01:35] ADS value: 21.42, Ver: 106
[2026-06-26 22:02:06] ADS value: 21.43, Ver: 106
[2026-06-26 22:02:36] ADS value: 21.44, Ver: 106
[2026-06-26 22:03:07] ADS value: 21.44, Ver: 106
[2026-06-26 22:03:38] ADS value: 21.45, Ver: 106
[2026-06-26 22:04:08] ADS value: 21.43, Ver: 106
[2026-06-26 22:04:39] ADS value: 21.41, Ver: 106
[2026-06-26 22:05:10] ADS value: 21.41, Ver: 106
[2026-06-26 22:05:40] ADS value: 21.42, Ver: 106
[2026-06-26 22:06:11] ADS value: 21.43, Ver: 106
[2026-06-26 22:06:42] ADS value: 21.43, Ver: 106
[2026-06-26 22:07:13] ADS value: 21.40, Ver: 106
[2026-06-26 22:07:44] ADS value: 21.42, Ver: 106
[2026-06-26 22:08:14] ADS value: 21.41, Ver: 106
[2026-06-26 22:08:45] ADS value: 21.41, Ver: 106
[2026-06-26 22:09:16] ADS value: 21.42, Ver: 106
[2026-06-26 22:09:47] ADS value: 21.40, Ver: 106
[2026-06-26 22:10:17] ADS value: 21.44, Ver: 106
[2026-06-26 22:10:48] ADS value: 21.43, Ver: 106
[2026-06-26 22:11:19] ADS value: 21.42, Ver: 106
[2026-06-26 22:11:49] ADS value: 21.39, Ver: 106
[2026-06-26 22:12:20] ADS value: 21.43, Ver: 106
[2026-06-26 22:12:51] ADS value: 21.41, Ver: 106
[2026-06-26 22:13:22] ADS value: 21.40, Ver: 106
[2026-06-26 22:13:53] ADS value: 21.41, Ver: 106
[2026-06-26 22:14:23] ADS value: 21.41, Ver: 106
[2026-06-26 22:14:54] ADS value: 21.42, Ver: 106
[2026-06-26 22:15:25] ADS value: 21.41, Ver: 106
[2026-06-26 22:15:55] ADS value: 21.43, Ver: 106
[2026-06-26 22:16:26] ADS value: 21.42, Ver: 106
[2026-06-26 22:16:57] ADS value: 21.40, Ver: 106
[2026-06-26 22:17:28] ADS value: 21.43, Ver: 106
[2026-06-26 22:17:58] ADS value: 21.42, Ver: 106
[2026-06-26 22:18:29] ADS value: 21.41, Ver: 106
[2026-06-26 22:19:00] ADS value: 21.42, Ver: 106
[2026-06-26 22:19:30] ADS value: 21.43, Ver: 106
[2026-06-26 22:20:01] ADS value: 21.43, Ver: 106
[2026-06-26 22:20:32] ADS value: 21.40, Ver: 106
[2026-06-26 22:21:02] ADS value: 21.43, Ver: 106
[2026-06-26 22:21:33] ADS value: 21.41, Ver: 106
[2026-06-26 22:22:04] ADS value: 21.40, Ver: 106
[2026-06-26 22:22:35] ADS value: 21.42, Ver: 106
[2026-06-26 22:23:05] ADS value: 21.40, Ver: 106
[2026-06-26 22:23:36] ADS value: 21.41, Ver: 106
[2026-06-26 22:24:07] ADS value: 21.44, Ver: 106
[2026-06-26 22:24:38] ADS value: 21.41, Ver: 106
[2026-06-26 22:25:08] ADS value: 21.41, Ver: 106
[2026-06-26 22:25:39] ADS value: 21.39, Ver: 106
[2026-06-26 22:26:10] ADS value: 21.41, Ver: 106
[2026-06-26 22:26:41] ADS value: 21.41, Ver: 106
[2026-06-26 22:27:12] ADS value: 21.42, Ver: 106
[2026-06-26 22:27:42] ADS value: 21.40, Ver: 106
[2026-06-26 22:28:13] ADS value: 21.43, Ver: 106
[2026-06-26 22:28:44] ADS value: 21.41, Ver: 106
[2026-06-26 22:29:14] ADS value: 21.40, Ver: 106
[2026-06-26 22:29:45] ADS value: 21.40, Ver: 106
[2026-06-26 22:30:16] ADS value: 21.41, Ver: 106
[2026-06-26 22:30:46] ADS value: 21.40, Ver: 106
[2026-06-26 22:31:17] ADS value: 21.42, Ver: 106
[2026-06-26 22:31:48] ADS value: 21.38, Ver: 106
[2026-06-26 22:32:19] ADS value: 21.44, Ver: 106
[2026-06-26 22:32:49] ADS value: 21.42, Ver: 106
[2026-06-26 22:33:20] ADS value: 21.44, Ver: 106
[2026-06-26 22:33:51] ADS value: 21.40, Ver: 106
[2026-06-26 22:34:22] ADS value: 21.39, Ver: 106
[2026-06-26 22:34:52] ADS value: 21.41, Ver: 106
[2026-06-26 22:35:23] ADS value: 21.41, Ver: 106
[2026-06-26 22:35:54] ADS value: 21.39, Ver: 106
[2026-06-26 22:36:25] ADS value: 21.41, Ver: 106
[2026-06-26 22:36:55] ADS value: 21.41, Ver: 106
[2026-06-26 22:37:26] ADS value: 21.42, Ver: 106
[2026-06-26 22:37:57] ADS value: 21.41, Ver: 106
[2026-06-26 22:38:28] ADS value: 21.40, Ver: 106
[2026-06-26 22:38:58] ADS value: 21.41, Ver: 106
[2026-06-26 22:39:29] ADS value: 21.39, Ver: 106
[2026-06-26 22:40:00] ADS value: 21.41, Ver: 106
[2026-06-26 22:40:31] ADS value: 21.38, Ver: 106
[2026-06-26 22:41:02] ADS value: 21.40, Ver: 106
[2026-06-26 22:41:32] ADS value: 21.39, Ver: 106
[2026-06-26 22:42:03] ADS value: 21.41, Ver: 106
[2026-06-26 22:42:34] ADS value: 21.40, Ver: 106
[2026-06-26 22:43:04] ADS value: 21.39, Ver: 106
[2026-06-26 22:43:35] ADS value: 21.39, Ver: 106
[2026-06-26 22:44:06] ADS value: 21.41, Ver: 106
[2026-06-26 22:44:37] ADS value: 21.38, Ver: 106
[2026-06-26 22:45:07] ADS value: 21.42, Ver: 106
[2026-06-26 22:45:38] ADS value: 21.41, Ver: 106
[2026-06-26 22:46:09] ADS value: 21.38, Ver: 106
[2026-06-26 22:46:40] ADS value: 21.42, Ver: 106
[2026-06-26 22:47:11] ADS value: 21.40, Ver: 106
[2026-06-26 22:47:42] ADS value: 21.38, Ver: 106
[2026-06-26 22:48:12] ADS value: 21.40, Ver: 106
[2026-06-26 22:48:43] ADS value: 21.39, Ver: 106
[2026-06-26 22:49:14] ADS value: 21.42, Ver: 106
[2026-06-26 22:49:44] ADS value: 21.40, Ver: 106
[2026-06-26 22:50:15] ADS value: 21.41, Ver: 106
[2026-06-26 22:50:46] ADS value: 21.39, Ver: 106
[2026-06-26 22:51:16] ADS value: 21.40, Ver: 106
[2026-06-26 22:51:47] ADS value: 21.40, Ver: 106
[2026-06-26 22:52:18] ADS value: 21.39, Ver: 106
[2026-06-26 22:52:49] ADS value: 21.39, Ver: 106
[2026-06-26 22:53:19] ADS value: 21.40, Ver: 106
[2026-06-26 22:53:50] ADS value: 21.39, Ver: 106
[2026-06-26 22:54:21] ADS value: 21.40, Ver: 106
[2026-06-26 22:54:52] ADS value: 21.41, Ver: 106
[2026-06-26 22:55:23] ADS value: 21.38, Ver: 106
[2026-06-26 22:55:53] ADS value: 21.42, Ver: 106
[2026-06-26 22:56:24] ADS value: 21.38, Ver: 106
[2026-06-26 22:56:55] ADS value: 21.40, Ver: 106
[2026-06-26 22:57:25] ADS value: 21.38, Ver: 106
[2026-06-26 22:57:56] ADS value: 21.41, Ver: 106
[2026-06-26 22:58:27] ADS value: 21.37, Ver: 106
[2026-06-26 22:58:57] ADS value: 21.38, Ver: 106
[2026-06-26 22:59:28] ADS value: 21.41, Ver: 106
[2026-06-26 22:59:59] ADS value: 21.39, Ver: 106
[2026-06-26 23:00:29] ADS value: 21.39, Ver: 106
[2026-06-26 23:01:00] ADS value: 21.38, Ver: 106
[2026-06-26 23:01:31] ADS value: 21.39, Ver: 106
[2026-06-26 23:02:02] ADS value: 21.38, Ver: 106
[2026-06-26 23:02:33] ADS value: 21.38, Ver: 106
[2026-06-26 23:03:04] ADS value: 21.37, Ver: 106
[2026-06-26 23:03:34] ADS value: 21.39, Ver: 106
[2026-06-26 23:04:05] ADS value: 21.39, Ver: 106
[2026-06-26 23:04:36] ADS value: 21.40, Ver: 106
[2026-06-26 23:05:07] ADS value: 21.39, Ver: 106
[2026-06-26 23:05:37] ADS value: 21.40, Ver: 106
[2026-06-26 23:06:08] ADS value: 21.39, Ver: 106
[2026-06-26 23:06:39] ADS value: 21.40, Ver: 106
[2026-06-26 23:07:10] ADS value: 21.38, Ver: 106
[2026-06-26 23:07:41] ADS value: 21.39, Ver: 106
[2026-06-26 23:08:11] ADS value: 21.41, Ver: 106
[2026-06-26 23:08:42] ADS value: 21.40, Ver: 106
[2026-06-26 23:09:13] ADS value: 21.39, Ver: 106
[2026-06-26 23:09:43] ADS value: 21.41, Ver: 106
[2026-06-26 23:10:14] ADS value: 21.39, Ver: 106
[2026-06-26 23:10:45] ADS value: 21.37, Ver: 106
[2026-06-26 23:11:16] ADS value: 21.40, Ver: 106
[2026-06-26 23:11:46] ADS value: 21.39, Ver: 106
[2026-06-26 23:12:17] ADS value: 21.37, Ver: 106
[2026-06-26 23:12:48] ADS value: 21.39, Ver: 106
[2026-06-26 23:13:19] ADS value: 21.38, Ver: 106
[2026-06-26 23:13:49] ADS value: 21.39, Ver: 106
[2026-06-26 23:14:20] ADS value: 21.39, Ver: 106
[2026-06-26 23:14:51] ADS value: 21.39, Ver: 106
[2026-06-26 23:15:22] ADS value: 21.38, Ver: 106
[2026-06-26 23:15:53] ADS value: 21.40, Ver: 106
[2026-06-26 23:16:23] ADS value: 21.37, Ver: 106
[2026-06-26 23:16:54] ADS value: 21.40, Ver: 106
[2026-06-26 23:17:25] ADS value: 21.38, Ver: 106
[2026-06-26 23:17:55] ADS value: 21.39, Ver: 106
[2026-06-26 23:18:26] ADS value: 21.40, Ver: 106
[2026-06-26 23:18:57] ADS value: 21.37, Ver: 106
[2026-06-26 23:19:27] ADS value: 21.38, Ver: 106
[2026-06-26 23:19:59] ADS value: 21.37, Ver: 106
[2026-06-26 23:20:29] ADS value: 21.39, Ver: 106
[2026-06-26 23:21:00] ADS value: 21.39, Ver: 106
[2026-06-26 23:21:31] ADS value: 21.39, Ver: 106
[2026-06-26 23:22:02] ADS value: 21.38, Ver: 106
[2026-06-26 23:22:32] ADS value: 21.38, Ver: 106
[2026-06-26 23:23:03] ADS value: 21.37, Ver: 106
[2026-06-26 23:23:34] ADS value: 21.38, Ver: 106
[2026-06-26 23:24:05] ADS value: 21.38, Ver: 106
[2026-06-26 23:24:36] ADS value: 21.37, Ver: 106
[2026-06-26 23:25:06] ADS value: 21.39, Ver: 106
[2026-06-26 23:25:37] ADS value: 21.34, Ver: 106
[2026-06-26 23:26:08] ADS value: 21.31, Ver: 106
[2026-06-26 23:26:38] ADS value: 21.32, Ver: 106
[2026-06-26 23:27:09] ADS value: 21.36, Ver: 106
[2026-06-26 23:27:40] ADS value: 21.36, Ver: 106
[2026-06-26 23:28:11] ADS value: 21.37, Ver: 106
[2026-06-26 23:28:42] ADS value: 21.37, Ver: 106
[2026-06-26 23:29:12] ADS value: 21.38, Ver: 106
[2026-06-26 23:29:43] ADS value: 21.36, Ver: 106
[2026-06-26 23:30:14] ADS value: 21.38, Ver: 106
[2026-06-26 23:30:44] ADS value: 21.36, Ver: 106
[2026-06-26 23:31:15] ADS value: 21.37, Ver: 106
[2026-06-26 23:31:46] ADS value: 21.37, Ver: 106
[2026-06-26 23:32:16] ADS value: 21.37, Ver: 106
[2026-06-26 23:32:47] ADS value: 21.38, Ver: 106
[2026-06-26 23:33:18] ADS value: 21.37, Ver: 106
[2026-06-26 23:33:49] ADS value: 21.38, Ver: 106
[2026-06-26 23:34:55] ADS value: 21.37, Ver: 106
[2026-06-26 23:35:26] ADS value: 21.38, Ver: 106
[2026-06-26 23:35:57] ADS value: 21.36, Ver: 106
[2026-06-26 23:36:27] ADS value: 21.38, Ver: 106
[2026-06-26 23:36:58] ADS value: 21.36, Ver: 106
[2026-06-26 23:37:29] ADS value: 21.37, Ver: 106
[2026-06-26 23:38:00] ADS value: 21.39, Ver: 106
[2026-06-26 23:38:30] ADS value: 21.36, Ver: 106
[2026-06-26 23:39:01] ADS value: 21.38, Ver: 106
[2026-06-26 23:39:32] ADS value: 21.38, Ver: 106
[2026-06-26 23:40:02] ADS value: 21.36, Ver: 106
[2026-06-26 23:40:33] ADS value: 21.36, Ver: 106
[2026-06-26 23:41:04] ADS value: 21.37, Ver: 106
[2026-06-26 23:41:34] ADS value: 21.38, Ver: 106
[2026-06-26 23:42:05] ADS value: 21.37, Ver: 106
[2026-06-26 23:42:36] ADS value: 21.37, Ver: 106
[2026-06-26 23:43:07] ADS value: 21.38, Ver: 106
[2026-06-26 23:43:38] ADS value: 21.37, Ver: 106
[2026-06-26 23:44:08] ADS value: 21.36, Ver: 106
[2026-06-26 23:44:39] ADS value: 21.36, Ver: 106
[2026-06-26 23:45:10] ADS value: 21.38, Ver: 106
[2026-06-26 23:45:41] ADS value: 21.37, Ver: 106
[2026-06-26 23:46:12] ADS value: 21.37, Ver: 106
[2026-06-26 23:46:42] ADS value: 21.38, Ver: 106
[2026-06-26 23:47:48] ADS value: 21.36, Ver: 106
[2026-06-26 23:48:19] ADS value: 21.38, Ver: 106
[2026-06-26 23:48:50] ADS value: 21.35, Ver: 106
[2026-06-26 23:49:20] ADS value: 21.37, Ver: 106
[2026-06-26 23:49:51] ADS value: 21.37, Ver: 106
[2026-06-26 23:50:22] ADS value: 21.36, Ver: 106
[2026-06-26 23:50:53] ADS value: 21.36, Ver: 106
[2026-06-26 23:51:24] ADS value: 21.37, Ver: 106
[2026-06-26 23:51:55] ADS value: 21.37, Ver: 106
[2026-06-26 23:52:25] ADS value: 21.36, Ver: 106
[2026-06-26 23:52:56] ADS value: 21.38, Ver: 106
[2026-06-26 23:53:27] ADS value: 21.37, Ver: 106
[2026-06-26 23:53:57] ADS value: 21.35, Ver: 106
[2026-06-26 23:54:28] ADS value: 21.35, Ver: 106
[2026-06-26 23:54:59] ADS value: 21.38, Ver: 106
[2026-06-26 23:55:29] ADS value: 21.35, Ver: 106
[2026-06-26 23:56:00] ADS value: 21.36, Ver: 106
[2026-06-26 23:56:31] ADS value: 21.36, Ver: 106
[2026-06-26 23:57:02] ADS value: 21.35, Ver: 106
[2026-06-26 23:57:33] ADS value: 21.36, Ver: 106
[2026-06-26 23:58:03] ADS value: 21.36, Ver: 106
[2026-06-26 23:58:34] ADS value: 21.37, Ver: 106
[2026-06-26 23:59:05] ADS value: 21.37, Ver: 106
[2026-06-26 23:59:36] ADS value: 21.37, Ver: 106
[2026-06-27 00:00:42] ADS value: 21.35, Ver: 106
[2026-06-27 00:01:13] ADS value: 21.36, Ver: 106
[2026-06-27 00:01:44] ADS value: 21.35, Ver: 106
[2026-06-27 00:02:14] ADS value: 21.34, Ver: 106
[2026-06-27 00:02:45] ADS value: 21.35, Ver: 106
[2026-06-27 00:03:16] ADS value: 21.37, Ver: 106
[2026-06-27 00:03:46] ADS value: 21.37, Ver: 106
[2026-06-27 00:04:17] ADS value: 21.35, Ver: 106
[2026-06-27 00:04:48] ADS value: 21.36, Ver: 106
[2026-06-27 00:05:19] ADS value: 21.35, Ver: 106
[2026-06-27 00:05:49] ADS value: 21.36, Ver: 106
[2026-06-27 00:06:20] ADS value: 21.35, Ver: 106
[2026-06-27 00:06:51] ADS value: 21.38, Ver: 106
[2026-06-27 00:07:22] ADS value: 21.35, Ver: 106
[2026-06-27 00:07:53] ADS value: 21.33, Ver: 106
[2026-06-27 00:08:24] ADS value: 21.36, Ver: 106
[2026-06-27 00:08:55] ADS value: 21.35, Ver: 106
[2026-06-27 00:09:25] ADS value: 21.36, Ver: 106
[2026-06-27 00:09:56] ADS value: 21.34, Ver: 106
[2026-06-27 00:10:27] ADS value: 21.37, Ver: 106
[2026-06-27 00:10:58] ADS value: 21.37, Ver: 106
[2026-06-27 00:11:28] ADS value: 21.36, Ver: 106
[2026-06-27 00:11:59] ADS value: 21.36, Ver: 106
[2026-06-27 00:12:29] ADS value: 21.34, Ver: 106
[2026-06-27 00:13:36] ADS value: 21.37, Ver: 106
[2026-06-27 00:14:07] ADS value: 21.34, Ver: 106
[2026-06-27 00:14:37] ADS value: 21.36, Ver: 106
[2026-06-27 00:15:08] ADS value: 21.34, Ver: 106
[2026-06-27 00:15:39] ADS value: 21.35, Ver: 106
[2026-06-27 00:16:10] ADS value: 21.33, Ver: 106
[2026-06-27 00:16:40] ADS value: 21.36, Ver: 106
[2026-06-27 00:17:11] ADS value: 21.34, Ver: 106
[2026-06-27 00:17:42] ADS value: 21.35, Ver: 106
[2026-06-27 00:18:13] ADS value: 21.35, Ver: 106
[2026-06-27 00:18:44] ADS value: 21.35, Ver: 106
[2026-06-27 00:19:15] ADS value: 21.35, Ver: 106
[2026-06-27 00:19:45] ADS value: 21.33, Ver: 106
[2026-06-27 00:20:16] ADS value: 21.33, Ver: 106
[2026-06-27 00:20:47] ADS value: 21.36, Ver: 106
[2026-06-27 00:21:18] ADS value: 21.34, Ver: 106
[2026-06-27 00:21:48] ADS value: 21.30, Ver: 106
[2026-06-27 00:22:19] ADS value: 21.32, Ver: 106
[2026-06-27 00:22:50] ADS value: 21.31, Ver: 106
[2026-06-27 00:23:20] ADS value: 21.31, Ver: 106
[2026-06-27 00:23:51] ADS value: 21.31, Ver: 106
[2026-06-27 00:24:22] ADS value: 21.32, Ver: 106
[2026-06-27 00:24:53] ADS value: 21.38, Ver: 106
[2026-06-27 00:25:23] ADS value: 21.35, Ver: 106
[2026-06-27 00:25:57] ADS value: 21.36, Ver: 106
[2026-06-27 00:26:28] ADS value: 21.35, Ver: 106
[2026-06-27 00:26:59] ADS value: 21.35, Ver: 106
[2026-06-27 00:27:29] ADS value: 21.35, Ver: 106
[2026-06-27 00:28:00] ADS value: 21.34, Ver: 106
[2026-06-27 00:28:31] ADS value: 21.33, Ver: 106
[2026-06-27 00:29:02] ADS value: 21.36, Ver: 106
[2026-06-27 00:29:32] ADS value: 21.35, Ver: 106
[2026-06-27 00:30:03] ADS value: 21.34, Ver: 106
[2026-06-27 00:30:34] ADS value: 21.35, Ver: 106
[2026-06-27 00:31:05] ADS value: 21.33, Ver: 106
[2026-06-27 00:31:36] ADS value: 21.33, Ver: 106
[2026-06-27 00:32:07] ADS value: 21.36, Ver: 106
[2026-06-27 00:32:37] ADS value: 21.34, Ver: 106
[2026-06-27 00:33:08] ADS value: 21.33, Ver: 106
[2026-06-27 00:33:39] ADS value: 21.35, Ver: 106
[2026-06-27 00:34:09] ADS value: 21.36, Ver: 106
[2026-06-27 00:34:40] ADS value: 21.32, Ver: 106
[2026-06-27 00:35:11] ADS value: 21.36, Ver: 106
[2026-06-27 00:35:42] ADS value: 21.34, Ver: 106
[2026-06-27 00:36:13] ADS value: 21.34, Ver: 106
[2026-06-27 00:36:43] ADS value: 21.33, Ver: 106
[2026-06-27 00:37:14] ADS value: 21.32, Ver: 106
[2026-06-27 00:37:45] ADS value: 21.33, Ver: 106
[2026-06-27 00:38:15] ADS value: 21.35, Ver: 106
[2026-06-27 00:38:49] ADS value: 21.35, Ver: 106
[2026-06-27 00:39:19] ADS value: 21.34, Ver: 106
[2026-06-27 00:39:50] ADS value: 21.32, Ver: 106
[2026-06-27 00:40:21] ADS value: 21.33, Ver: 106
[2026-06-27 00:40:52] ADS value: 21.32, Ver: 106
[2026-06-27 00:41:23] ADS value: 21.34, Ver: 106
[2026-06-27 00:41:53] ADS value: 21.33, Ver: 106
[2026-06-27 00:42:24] ADS value: 21.32, Ver: 106
[2026-06-27 00:42:55] ADS value: 21.35, Ver: 106
[2026-06-27 00:43:26] ADS value: 21.34, Ver: 106
[2026-06-27 00:43:57] ADS value: 21.32, Ver: 106
[2026-06-27 00:44:27] ADS value: 21.32, Ver: 106
[2026-06-27 00:44:58] ADS value: 21.34, Ver: 106
[2026-06-27 00:45:29] ADS value: 21.32, Ver: 106
[2026-06-27 00:45:59] ADS value: 21.31, Ver: 106
[2026-06-27 00:46:30] ADS value: 21.33, Ver: 106
[2026-06-27 00:47:01] ADS value: 21.33, Ver: 106
[2026-06-27 00:47:32] ADS value: 21.34, Ver: 106
[2026-06-27 00:48:02] ADS value: 21.32, Ver: 106
[2026-06-27 00:48:33] ADS value: 21.32, Ver: 106
[2026-06-27 00:49:04] ADS value: 21.34, Ver: 106
[2026-06-27 00:49:35] ADS value: 21.32, Ver: 106
[2026-06-27 00:50:06] ADS value: 21.34, Ver: 106
[2026-06-27 00:50:36] ADS value: 21.32, Ver: 106
[2026-06-27 00:51:07] ADS value: 21.32, Ver: 106
[2026-06-27 00:52:12] ADS value: 21.32, Ver: 106
[2026-06-27 00:52:43] ADS value: 21.34, Ver: 106
[2026-06-27 00:53:14] ADS value: 21.32, Ver: 106
[2026-06-27 00:53:45] ADS value: 21.32, Ver: 106
[2026-06-27 00:54:15] ADS value: 21.33, Ver: 106
[2026-06-27 00:54:46] ADS value: 21.35, Ver: 106
[2026-06-27 00:55:17] ADS value: 21.32, Ver: 106
[2026-06-27 00:55:48] ADS value: 21.31, Ver: 106
[2026-06-27 00:56:19] ADS value: 21.32, Ver: 106
[2026-06-27 00:56:49] ADS value: 21.33, Ver: 106
[2026-06-27 00:57:20] ADS value: 21.34, Ver: 106
[2026-06-27 00:57:51] ADS value: 21.32, Ver: 106
[2026-06-27 00:58:22] ADS value: 21.33, Ver: 106
[2026-06-27 00:58:53] ADS value: 21.32, Ver: 106
[2026-06-27 00:59:23] ADS value: 21.31, Ver: 106
[2026-06-27 00:59:54] ADS value: 21.31, Ver: 106
[2026-06-27 01:00:25] ADS value: 21.32, Ver: 106
[2026-06-27 01:00:55] ADS value: 21.33, Ver: 106
[2026-06-27 01:01:26] ADS value: 21.32, Ver: 106
[2026-06-27 01:01:57] ADS value: 21.32, Ver: 106
[2026-06-27 01:02:28] ADS value: 21.31, Ver: 106
[2026-06-27 01:02:58] ADS value: 21.33, Ver: 106
[2026-06-27 01:03:29] ADS value: 21.33, Ver: 106
[2026-06-27 01:04:00] ADS value: 21.33, Ver: 106
[2026-06-27 01:04:34] ADS value: 21.31, Ver: 106
[2026-06-27 01:05:05] ADS value: 21.33, Ver: 106
[2026-06-27 01:05:35] ADS value: 21.30, Ver: 106
[2026-06-27 01:06:06] ADS value: 21.33, Ver: 106
[2026-06-27 01:06:37] ADS value: 21.30, Ver: 106
[2026-06-27 01:07:07] ADS value: 21.30, Ver: 106
[2026-06-27 01:07:38] ADS value: 21.32, Ver: 106
[2026-06-27 01:08:09] ADS value: 21.29, Ver: 106
[2026-06-27 01:08:40] ADS value: 21.33, Ver: 106
[2026-06-27 01:09:10] ADS value: 21.31, Ver: 106
[2026-06-27 01:09:41] ADS value: 21.32, Ver: 106
[2026-06-27 01:10:12] ADS value: 21.31, Ver: 106
[2026-06-27 01:10:43] ADS value: 21.31, Ver: 106
[2026-06-27 01:11:13] ADS value: 21.32, Ver: 106
[2026-06-27 01:11:44] ADS value: 21.32, Ver: 106
[2026-06-27 01:12:15] ADS value: 21.31, Ver: 106
[2026-06-27 01:12:46] ADS value: 21.33, Ver: 106
[2026-06-27 01:13:16] ADS value: 21.31, Ver: 106
[2026-06-27 01:13:47] ADS value: 21.31, Ver: 106
[2026-06-27 01:14:18] ADS value: 21.30, Ver: 106
[2026-06-27 01:14:48] ADS value: 21.32, Ver: 106
[2026-06-27 01:15:19] ADS value: 21.31, Ver: 106
[2026-06-27 01:15:50] ADS value: 21.30, Ver: 106
[2026-06-27 01:16:21] ADS value: 21.31, Ver: 106
[2026-06-27 01:16:52] ADS value: 21.31, Ver: 106
[2026-06-27 01:17:57] ADS value: 21.33, Ver: 106
[2026-06-27 01:18:28] ADS value: 21.31, Ver: 106
[2026-06-27 01:18:59] ADS value: 21.32, Ver: 106
[2026-06-27 01:19:30] ADS value: 21.29, Ver: 106
[2026-06-27 01:20:01] ADS value: 21.31, Ver: 106
[2026-06-27 01:20:31] ADS value: 21.30, Ver: 106
[2026-06-27 01:21:02] ADS value: 21.32, Ver: 106
[2026-06-27 01:21:33] ADS value: 21.31, Ver: 106
[2026-06-27 01:22:03] ADS value: 21.29, Ver: 106
[2026-06-27 01:22:34] ADS value: 21.31, Ver: 106
[2026-06-27 01:23:05] ADS value: 21.33, Ver: 106
[2026-06-27 01:23:35] ADS value: 21.30, Ver: 106
[2026-06-27 01:24:06] ADS value: 21.32, Ver: 106
[2026-06-27 01:24:37] ADS value: 21.30, Ver: 106
[2026-06-27 01:25:08] ADS value: 21.32, Ver: 106
[2026-06-27 01:25:38] ADS value: 21.29, Ver: 106
[2026-06-27 01:26:09] ADS value: 21.29, Ver: 106
[2026-06-27 01:26:40] ADS value: 21.31, Ver: 106
[2026-06-27 01:27:11] ADS value: 21.32, Ver: 106
[2026-06-27 01:27:41] ADS value: 21.33, Ver: 106
[2026-06-27 01:28:12] ADS value: 21.29, Ver: 106
[2026-06-27 01:28:43] ADS value: 21.28, Ver: 106
[2026-06-27 01:29:13] ADS value: 21.31, Ver: 106
[2026-06-27 01:29:44] ADS value: 21.31, Ver: 106
[2026-06-27 01:30:50] ADS value: 21.30, Ver: 106
[2026-06-27 01:31:21] ADS value: 21.30, Ver: 106
[2026-06-27 01:31:52] ADS value: 21.29, Ver: 106
[2026-06-27 01:32:22] ADS value: 21.28, Ver: 106
[2026-06-27 01:32:53] ADS value: 21.30, Ver: 106
[2026-06-27 01:33:23] ADS value: 21.30, Ver: 106
[2026-06-27 01:33:54] ADS value: 21.29, Ver: 106
[2026-06-27 01:34:25] ADS value: 21.30, Ver: 106
[2026-06-27 01:34:55] ADS value: 21.31, Ver: 106
[2026-06-27 01:35:26] ADS value: 21.31, Ver: 106
[2026-06-27 01:35:57] ADS value: 21.31, Ver: 106
[2026-06-27 01:36:27] ADS value: 21.31, Ver: 106
[2026-06-27 01:36:58] ADS value: 21.30, Ver: 106
[2026-06-27 01:37:29] ADS value: 21.31, Ver: 106
[2026-06-27 01:38:00] ADS value: 21.30, Ver: 106
[2026-06-27 01:38:31] ADS value: 21.29, Ver: 106
[2026-06-27 01:39:02] ADS value: 21.31, Ver: 106
[2026-06-27 01:39:32] ADS value: 21.29, Ver: 106
[2026-06-27 01:40:03] ADS value: 21.29, Ver: 106
[2026-06-27 01:40:34] ADS value: 21.29, Ver: 106
[2026-06-27 01:41:04] ADS value: 21.29, Ver: 106
[2026-06-27 01:41:35] ADS value: 21.30, Ver: 106
[2026-06-27 01:42:06] ADS value: 21.31, Ver: 106
[2026-06-27 01:42:37] ADS value: 21.29, Ver: 106
[2026-06-27 01:43:43] ADS value: 21.28, Ver: 106
[2026-06-27 01:44:14] ADS value: 21.30, Ver: 106
[2026-06-27 01:44:45] ADS value: 21.28, Ver: 106
[2026-06-27 01:45:15] ADS value: 21.30, Ver: 106
[2026-06-27 01:45:46] ADS value: 21.29, Ver: 106
[2026-06-27 01:46:16] ADS value: 21.29, Ver: 106
[2026-06-27 01:46:47] ADS value: 21.30, Ver: 106
[2026-06-27 01:47:18] ADS value: 21.29, Ver: 106
[2026-06-27 01:47:48] ADS value: 21.30, Ver: 106
[2026-06-27 01:48:19] ADS value: 21.29, Ver: 106
[2026-06-27 01:48:50] ADS value: 21.29, Ver: 106
[2026-06-27 01:49:21] ADS value: 21.27, Ver: 106
[2026-06-27 01:49:52] ADS value: 21.28, Ver: 106
[2026-06-27 01:50:23] ADS value: 21.29, Ver: 106
[2026-06-27 01:50:53] ADS value: 21.29, Ver: 106
[2026-06-27 01:51:24] ADS value: 21.30, Ver: 106
[2026-06-27 01:51:54] ADS value: 21.27, Ver: 106
[2026-06-27 01:52:25] ADS value: 21.29, Ver: 106
[2026-06-27 01:52:56] ADS value: 21.30, Ver: 106
[2026-06-27 01:53:27] ADS value: 21.29, Ver: 106
[2026-06-27 01:53:58] ADS value: 21.29, Ver: 106
[2026-06-27 01:54:28] ADS value: 21.30, Ver: 106
[2026-06-27 01:54:59] ADS value: 21.28, Ver: 106
[2026-06-27 01:55:30] ADS value: 21.30, Ver: 106
[2026-06-27 01:56:00] ADS value: 21.27, Ver: 106
[2026-06-27 01:56:31] ADS value: 21.27, Ver: 106
[2026-06-27 01:57:02] ADS value: 21.27, Ver: 106
[2026-06-27 01:57:33] ADS value: 21.28, Ver: 106
[2026-06-27 01:58:04] ADS value: 21.26, Ver: 106
[2026-06-27 01:58:35] ADS value: 21.28, Ver: 106
[2026-06-27 01:59:05] ADS value: 21.28, Ver: 106
[2026-06-27 01:59:36] ADS value: 21.29, Ver: 106
[2026-06-27 02:00:07] ADS value: 21.28, Ver: 106
[2026-06-27 02:00:37] ADS value: 21.26, Ver: 106
[2026-06-27 02:01:08] ADS value: 21.28, Ver: 106
[2026-06-27 02:01:39] ADS value: 21.27, Ver: 106
[2026-06-27 02:02:10] ADS value: 21.28, Ver: 106
[2026-06-27 02:02:40] ADS value: 21.30, Ver: 106
[2026-06-27 02:03:11] ADS value: 21.27, Ver: 106
[2026-06-27 02:03:43] ADS value: 21.27, Ver: 106
[2026-06-27 02:04:13] ADS value: 21.27, Ver: 106
[2026-06-27 02:04:44] ADS value: 21.28, Ver: 106
[2026-06-27 02:05:15] ADS value: 21.27, Ver: 106
[2026-06-27 02:05:45] ADS value: 21.29, Ver: 106
[2026-06-27 02:06:17] ADS value: 21.28, Ver: 106
[2026-06-27 02:06:47] ADS value: 21.27, Ver: 106
[2026-06-27 02:07:18] ADS value: 21.27, Ver: 106
[2026-06-27 02:07:49] ADS value: 21.27, Ver: 106
[2026-06-27 02:08:19] ADS value: 21.26, Ver: 106
[2026-06-27 02:09:26] ADS value: 21.28, Ver: 106
[2026-06-27 02:09:56] ADS value: 21.25, Ver: 106
[2026-06-27 02:10:27] ADS value: 21.27, Ver: 106
[2026-06-27 02:10:58] ADS value: 21.26, Ver: 106
[2026-06-27 02:11:29] ADS value: 21.25, Ver: 106
[2026-06-27 02:11:59] ADS value: 21.27, Ver: 106
[2026-06-27 02:12:30] ADS value: 21.26, Ver: 106
[2026-06-27 02:13:01] ADS value: 21.27, Ver: 106
[2026-06-27 02:13:32] ADS value: 21.30, Ver: 106
[2026-06-27 02:14:38] ADS value: 21.26, Ver: 106
[2026-06-27 02:15:09] ADS value: 21.27, Ver: 106
[2026-06-27 02:15:40] ADS value: 21.25, Ver: 106
[2026-06-27 02:16:11] ADS value: 21.27, Ver: 106
[2026-06-27 02:16:41] ADS value: 21.27, Ver: 106
[2026-06-27 02:17:12] ADS value: 21.25, Ver: 106
[2026-06-27 02:17:43] ADS value: 21.27, Ver: 106
[2026-06-27 02:18:15] ADS value: 21.27, Ver: 106
[2026-06-27 02:18:46] ADS value: 21.27, Ver: 106
[2026-06-27 02:19:16] ADS value: 21.27, Ver: 106
[2026-06-27 02:19:47] ADS value: 21.26, Ver: 106
[2026-06-27 02:20:18] ADS value: 21.26, Ver: 106
[2026-06-27 02:20:49] ADS value: 21.26, Ver: 106
[2026-06-27 02:21:20] ADS value: 21.27, Ver: 106
[2026-06-27 02:22:26] ADS value: 21.26, Ver: 106
[2026-06-27 02:22:56] ADS value: 21.26, Ver: 106
[2026-06-27 02:23:27] ADS value: 21.26, Ver: 106
[2026-06-27 02:23:58] ADS value: 21.26, Ver: 106
[2026-06-27 02:24:29] ADS value: 21.27, Ver: 106
[2026-06-27 02:25:00] ADS value: 21.25, Ver: 106
[2026-06-27 02:25:31] ADS value: 21.25, Ver: 106
[2026-06-27 02:26:01] ADS value: 21.26, Ver: 106
[2026-06-27 02:26:32] ADS value: 21.25, Ver: 106
[2026-06-27 02:27:38] ADS value: 21.27, Ver: 106
[2026-06-27 02:28:09] ADS value: 21.27, Ver: 106
[2026-06-27 02:28:40] ADS value: 21.27, Ver: 106
[2026-06-27 02:29:11] ADS value: 21.25, Ver: 106
[2026-06-27 02:29:42] ADS value: 21.26, Ver: 106
[2026-06-27 02:30:12] ADS value: 21.26, Ver: 106
[2026-06-27 02:30:43] ADS value: 21.25, Ver: 106
[2026-06-27 02:31:14] ADS value: 21.25, Ver: 106
[2026-06-27 02:31:44] ADS value: 21.24, Ver: 106
[2026-06-27 02:32:15] ADS value: 21.27, Ver: 106
[2026-06-27 02:32:49] ADS value: 21.25, Ver: 106
[2026-06-27 02:33:18] ADS value: 21.27, Ver: 106
[2026-06-27 02:33:49] ADS value: 21.27, Ver: 106
[2026-06-27 02:34:20] ADS value: 21.25, Ver: 106
[2026-06-27 02:35:26] ADS value: 21.24, Ver: 106
[2026-06-27 02:35:57] ADS value: 21.25, Ver: 106
[2026-06-27 02:36:28] ADS value: 21.26, Ver: 106
[2026-06-27 02:36:59] ADS value: 21.27, Ver: 106
[2026-06-27 02:37:30] ADS value: 21.26, Ver: 106
[2026-06-27 02:38:01] ADS value: 21.23, Ver: 106
[2026-06-27 02:38:32] ADS value: 21.24, Ver: 106
[2026-06-27 02:39:02] ADS value: 21.25, Ver: 106
[2026-06-27 02:39:33] ADS value: 21.26, Ver: 106
[2026-06-27 02:40:39] ADS value: 21.25, Ver: 106
[2026-06-27 02:41:10] ADS value: 21.25, Ver: 106
[2026-06-27 02:41:41] ADS value: 21.25, Ver: 106
[2026-06-27 02:42:12] ADS value: 21.25, Ver: 106
[2026-06-27 02:42:42] ADS value: 21.25, Ver: 106
[2026-06-27 02:43:13] ADS value: 21.24, Ver: 106
[2026-06-27 02:43:44] ADS value: 21.24, Ver: 106
[2026-06-27 02:44:18] ADS value: 21.25, Ver: 106
[2026-06-27 02:44:48] ADS value: 21.25, Ver: 106
[2026-06-27 02:45:19] ADS value: 21.24, Ver: 106
[2026-06-27 02:45:49] ADS value: 21.25, Ver: 106
[2026-06-27 02:46:20] ADS value: 21.24, Ver: 106
[2026-06-27 02:46:51] ADS value: 21.24, Ver: 106
[2026-06-27 02:47:22] ADS value: 21.24, Ver: 106
[2026-06-27 02:48:28] ADS value: 21.23, Ver: 106
[2026-06-27 02:48:59] ADS value: 21.26, Ver: 106
[2026-06-27 02:49:30] ADS value: 21.24, Ver: 106
[2026-06-27 02:50:00] ADS value: 21.25, Ver: 106
[2026-06-27 02:50:31] ADS value: 21.26, Ver: 106
[2026-06-27 02:51:02] ADS value: 21.22, Ver: 106
[2026-06-27 02:51:33] ADS value: 21.23, Ver: 106
[2026-06-27 02:52:03] ADS value: 21.23, Ver: 106
[2026-06-27 02:52:34] ADS value: 21.22, Ver: 106
[2026-06-27 02:53:05] ADS value: 21.22, Ver: 106
[2026-06-27 02:53:35] ADS value: 21.24, Ver: 106
[2026-06-27 02:54:06] ADS value: 21.24, Ver: 106
[2026-06-27 02:54:37] ADS value: 21.24, Ver: 106
[2026-06-27 02:55:07] ADS value: 21.24, Ver: 106
[2026-06-27 02:55:38] ADS value: 21.22, Ver: 106
[2026-06-27 02:56:09] ADS value: 21.23, Ver: 106
[2026-06-27 02:56:40] ADS value: 21.23, Ver: 106
[2026-06-27 02:57:10] ADS value: 21.26, Ver: 106
[2026-06-27 02:57:41] ADS value: 21.23, Ver: 106
[2026-06-27 02:58:12] ADS value: 21.23, Ver: 106
[2026-06-27 02:58:43] ADS value: 21.24, Ver: 106
[2026-06-27 02:59:14] ADS value: 21.25, Ver: 106
[2026-06-27 02:59:45] ADS value: 21.25, Ver: 106
[2026-06-27 03:00:15] ADS value: 21.25, Ver: 106
[2026-06-27 03:01:21] ADS value: 21.24, Ver: 106
[2026-06-27 03:01:52] ADS value: 21.23, Ver: 106
[2026-06-27 03:02:23] ADS value: 21.23, Ver: 106
[2026-06-27 03:02:54] ADS value: 21.23, Ver: 106
[2026-06-27 03:03:25] ADS value: 21.21, Ver: 106
[2026-06-27 03:03:56] ADS value: 21.22, Ver: 106
[2026-06-27 03:04:26] ADS value: 21.23, Ver: 106
[2026-06-27 03:04:57] ADS value: 21.23, Ver: 106
[2026-06-27 03:05:28] ADS value: 21.22, Ver: 106
[2026-06-27 03:06:34] ADS value: 21.22, Ver: 106
[2026-06-27 03:07:05] ADS value: 21.24, Ver: 106
[2026-06-27 03:07:35] ADS value: 21.22, Ver: 106
[2026-06-27 03:08:06] ADS value: 21.22, Ver: 106
[2026-06-27 03:08:37] ADS value: 21.25, Ver: 106
[2026-06-27 03:09:08] ADS value: 21.22, Ver: 106
[2026-06-27 03:09:39] ADS value: 21.22, Ver: 106
[2026-06-27 03:10:09] ADS value: 21.22, Ver: 106
[2026-06-27 03:10:40] ADS value: 21.24, Ver: 106
[2026-06-27 03:11:11] ADS value: 21.20, Ver: 106
[2026-06-27 03:11:42] ADS value: 21.24, Ver: 106
[2026-06-27 03:12:13] ADS value: 21.22, Ver: 106
[2026-06-27 03:12:43] ADS value: 21.23, Ver: 106
[2026-06-27 03:13:14] ADS value: 21.23, Ver: 106
[2026-06-27 03:14:20] ADS value: 21.21, Ver: 106
[2026-06-27 03:14:51] ADS value: 21.22, Ver: 106
[2026-06-27 03:15:22] ADS value: 21.22, Ver: 106
[2026-06-27 03:15:53] ADS value: 21.21, Ver: 106
[2026-06-27 03:16:24] ADS value: 21.20, Ver: 106
[2026-06-27 03:16:55] ADS value: 21.22, Ver: 106
[2026-06-27 03:17:25] ADS value: 21.21, Ver: 106
[2026-06-27 03:17:56] ADS value: 21.22, Ver: 106
[2026-06-27 03:18:27] ADS value: 21.24, Ver: 106
[2026-06-27 03:18:58] ADS value: 21.21, Ver: 106
[2026-06-27 03:19:29] ADS value: 21.22, Ver: 106
[2026-06-27 03:19:59] ADS value: 21.23, Ver: 106
[2026-06-27 03:20:30] ADS value: 21.23, Ver: 106
[2026-06-27 03:21:01] ADS value: 21.22, Ver: 106
[2026-06-27 03:21:32] ADS value: 21.22, Ver: 106
[2026-06-27 03:22:02] ADS value: 21.22, Ver: 106
[2026-06-27 03:22:33] ADS value: 21.22, Ver: 106
[2026-06-27 03:23:04] ADS value: 21.21, Ver: 106
[2026-06-27 03:23:35] ADS value: 21.22, Ver: 106
[2026-06-27 03:24:05] ADS value: 21.21, Ver: 106
[2026-06-27 03:24:36] ADS value: 21.22, Ver: 106
[2026-06-27 03:25:07] ADS value: 21.19, Ver: 106
[2026-06-27 03:25:37] ADS value: 21.20, Ver: 106
[2026-06-27 03:26:08] ADS value: 21.22, Ver: 106
[2026-06-27 03:27:14] ADS value: 21.20, Ver: 106
[2026-06-27 03:27:44] ADS value: 21.23, Ver: 106
[2026-06-27 03:28:15] ADS value: 21.20, Ver: 106
[2026-06-27 03:28:46] ADS value: 21.20, Ver: 106
[2026-06-27 03:29:17] ADS value: 21.21, Ver: 106
[2026-06-27 03:29:47] ADS value: 21.21, Ver: 106
[2026-06-27 03:30:18] ADS value: 21.20, Ver: 106
[2026-06-27 03:30:49] ADS value: 21.21, Ver: 106
[2026-06-27 03:31:20] ADS value: 21.21, Ver: 106
[2026-06-27 03:31:54] ADS value: 21.21, Ver: 106
[2026-06-27 03:32:24] ADS value: 21.21, Ver: 106
[2026-06-27 03:32:55] ADS value: 21.22, Ver: 106
[2026-06-27 03:33:26] ADS value: 21.19, Ver: 106
[2026-06-27 03:33:57] ADS value: 21.19, Ver: 106
[2026-06-27 03:34:27] ADS value: 21.21, Ver: 106
[2026-06-27 03:34:58] ADS value: 21.21, Ver: 106
[2026-06-27 03:35:29] ADS value: 21.21, Ver: 106
[2026-06-27 03:36:00] ADS value: 21.21, Ver: 106
[2026-06-27 03:36:30] ADS value: 21.21, Ver: 106
[2026-06-27 03:37:01] ADS value: 21.20, Ver: 106
[2026-06-27 03:37:32] ADS value: 21.21, Ver: 106
[2026-06-27 03:38:03] ADS value: 21.22, Ver: 106
[2026-06-27 03:38:33] ADS value: 21.19, Ver: 106
[2026-06-27 03:39:04] ADS value: 21.20, Ver: 106
[2026-06-27 03:40:10] ADS value: 21.19, Ver: 106
[2026-06-27 03:40:41] ADS value: 21.19, Ver: 106
[2026-06-27 03:41:12] ADS value: 21.22, Ver: 106
[2026-06-27 03:41:42] ADS value: 21.22, Ver: 106
[2026-06-27 03:42:13] ADS value: 21.21, Ver: 106
[2026-06-27 03:42:44] ADS value: 21.19, Ver: 106
[2026-06-27 03:43:15] ADS value: 21.21, Ver: 106
[2026-06-27 03:43:45] ADS value: 21.19, Ver: 106
[2026-06-27 03:44:16] ADS value: 21.19, Ver: 106
[2026-06-27 03:45:22] ADS value: 21.20, Ver: 106
[2026-06-27 03:45:53] ADS value: 21.20, Ver: 106
[2026-06-27 03:46:24] ADS value: 21.20, Ver: 106
[2026-06-27 03:46:54] ADS value: 21.19, Ver: 106
[2026-06-27 03:47:25] ADS value: 21.20, Ver: 106
[2026-06-27 03:47:56] ADS value: 21.19, Ver: 106
[2026-06-27 03:48:27] ADS value: 21.21, Ver: 106
[2026-06-27 03:48:58] ADS value: 21.21, Ver: 106
[2026-06-27 03:49:29] ADS value: 21.19, Ver: 106
[2026-06-27 03:49:59] ADS value: 21.18, Ver: 106
[2026-06-27 03:50:30] ADS value: 21.21, Ver: 106
[2026-06-27 03:51:00] ADS value: 21.19, Ver: 106
[2026-06-27 03:51:31] ADS value: 21.19, Ver: 106
[2026-06-27 03:52:02] ADS value: 21.19, Ver: 106
[2026-06-27 03:52:35] ADS value: 21.20, Ver: 106
[2026-06-27 03:53:06] ADS value: 21.18, Ver: 106
[2026-06-27 03:53:37] ADS value: 21.19, Ver: 106
[2026-06-27 03:54:07] ADS value: 21.19, Ver: 106
[2026-06-27 03:54:38] ADS value: 21.20, Ver: 106
[2026-06-27 03:55:09] ADS value: 21.19, Ver: 106
[2026-06-27 03:55:40] ADS value: 21.18, Ver: 106
[2026-06-27 03:56:10] ADS value: 21.21, Ver: 106
[2026-06-27 03:56:41] ADS value: 21.19, Ver: 106
[2026-06-27 03:57:12] ADS value: 21.19, Ver: 106
[2026-06-27 03:58:18] ADS value: 21.20, Ver: 106
[2026-06-27 03:58:49] ADS value: 21.17, Ver: 106
[2026-06-27 03:59:19] ADS value: 21.20, Ver: 106
[2026-06-27 03:59:50] ADS value: 21.21, Ver: 106
[2026-06-27 04:00:21] ADS value: 21.19, Ver: 106
[2026-06-27 04:00:51] ADS value: 21.20, Ver: 106
[2026-06-27 04:01:22] ADS value: 21.20, Ver: 106
[2026-06-27 04:01:53] ADS value: 21.19, Ver: 106
[2026-06-27 04:02:24] ADS value: 21.17, Ver: 106
[2026-06-27 04:02:55] ADS value: 21.19, Ver: 106
[2026-06-27 04:03:26] ADS value: 21.18, Ver: 106
[2026-06-27 04:03:56] ADS value: 21.20, Ver: 106
[2026-06-27 04:04:27] ADS value: 21.20, Ver: 106
[2026-06-27 04:04:57] ADS value: 21.16, Ver: 106
[2026-06-27 04:06:04] ADS value: 21.17, Ver: 106
[2026-06-27 04:06:35] ADS value: 21.18, Ver: 106
[2026-06-27 04:07:05] ADS value: 21.20, Ver: 106
[2026-06-27 04:07:36] ADS value: 21.18, Ver: 106
[2026-06-27 04:08:07] ADS value: 21.20, Ver: 106
[2026-06-27 04:08:38] ADS value: 21.18, Ver: 106
[2026-06-27 04:09:08] ADS value: 21.16, Ver: 106
[2026-06-27 04:09:39] ADS value: 21.19, Ver: 106
[2026-06-27 04:10:10] ADS value: 21.18, Ver: 106
[2026-06-27 04:10:43] ADS value: 21.18, Ver: 106
[2026-06-27 04:11:14] ADS value: 21.20, Ver: 106
[2026-06-27 04:11:45] ADS value: 21.16, Ver: 106
[2026-06-27 04:12:16] ADS value: 21.18, Ver: 106
[2026-06-27 04:12:47] ADS value: 21.18, Ver: 106
[2026-06-27 04:13:17] ADS value: 21.19, Ver: 106
[2026-06-27 04:13:48] ADS value: 21.17, Ver: 106
[2026-06-27 04:14:18] ADS value: 21.16, Ver: 106
[2026-06-27 04:14:49] ADS value: 21.20, Ver: 106
[2026-06-27 04:15:20] ADS value: 21.17, Ver: 106
[2026-06-27 04:15:50] ADS value: 21.19, Ver: 106
[2026-06-27 04:16:21] ADS value: 21.17, Ver: 106
[2026-06-27 04:16:52] ADS value: 21.17, Ver: 106
[2026-06-27 04:17:23] ADS value: 21.18, Ver: 106
[2026-06-27 04:17:53] ADS value: 21.17, Ver: 106
[2026-06-27 04:19:00] ADS value: 21.18, Ver: 106
[2026-06-27 04:19:30] ADS value: 21.19, Ver: 106
[2026-06-27 04:20:01] ADS value: 21.15, Ver: 106
[2026-06-27 04:20:32] ADS value: 21.17, Ver: 106
[2026-06-27 04:21:03] ADS value: 21.18, Ver: 106
[2026-06-27 04:21:33] ADS value: 21.19, Ver: 106
[2026-06-27 04:22:04] ADS value: 21.17, Ver: 106
[2026-06-27 04:22:35] ADS value: 21.17, Ver: 106
[2026-06-27 04:23:06] ADS value: 21.16, Ver: 106
[2026-06-27 04:24:12] ADS value: 21.19, Ver: 106
[2026-06-27 04:24:43] ADS value: 21.17, Ver: 106
[2026-06-27 04:25:13] ADS value: 21.18, Ver: 106
[2026-06-27 04:25:44] ADS value: 21.15, Ver: 106
[2026-06-27 04:26:15] ADS value: 21.17, Ver: 106
[2026-06-27 04:26:46] ADS value: 21.19, Ver: 106
[2026-06-27 04:27:17] ADS value: 21.16, Ver: 106
[2026-06-27 04:27:47] ADS value: 21.16, Ver: 106
[2026-06-27 04:28:18] ADS value: 21.18, Ver: 106
[2026-06-27 04:28:49] ADS value: 21.18, Ver: 106
[2026-06-27 04:29:20] ADS value: 21.19, Ver: 106
[2026-06-27 04:29:50] ADS value: 21.16, Ver: 106
[2026-06-27 04:30:21] ADS value: 21.16, Ver: 106
[2026-06-27 04:30:51] ADS value: 21.16, Ver: 106
[2026-06-27 04:31:58] ADS value: 21.15, Ver: 106
[2026-06-27 04:32:28] ADS value: 21.15, Ver: 106
[2026-06-27 04:32:59] ADS value: 21.16, Ver: 106
[2026-06-27 04:33:30] ADS value: 21.18, Ver: 106
[2026-06-27 04:34:01] ADS value: 21.16, Ver: 106
[2026-06-27 04:34:31] ADS value: 21.14, Ver: 106
[2026-06-27 04:35:02] ADS value: 21.15, Ver: 106
[2026-06-27 04:35:33] ADS value: 21.18, Ver: 106
[2026-06-27 04:36:04] ADS value: 21.16, Ver: 106
[2026-06-27 04:37:10] ADS value: 21.16, Ver: 106
[2026-06-27 04:37:41] ADS value: 21.18, Ver: 106
[2026-06-27 04:38:12] ADS value: 21.15, Ver: 106
[2026-06-27 04:38:42] ADS value: 21.15, Ver: 106
[2026-06-27 04:39:13] ADS value: 21.16, Ver: 106
[2026-06-27 04:39:44] ADS value: 21.17, Ver: 106
[2026-06-27 04:40:15] ADS value: 21.17, Ver: 106
[2026-06-27 04:40:45] ADS value: 21.14, Ver: 106
[2026-06-27 04:41:16] ADS value: 21.18, Ver: 106
[2026-06-27 04:41:47] ADS value: 21.16, Ver: 106
[2026-06-27 04:42:18] ADS value: 21.17, Ver: 106
[2026-06-27 04:42:48] ADS value: 21.14, Ver: 106
[2026-06-27 04:43:19] ADS value: 21.16, Ver: 106
[2026-06-27 04:43:50] ADS value: 21.14, Ver: 106
[2026-06-27 04:44:56] ADS value: 21.16, Ver: 106
[2026-06-27 04:45:27] ADS value: 21.16, Ver: 106
[2026-06-27 04:45:58] ADS value: 21.16, Ver: 106
[2026-06-27 04:46:29] ADS value: 21.16, Ver: 106
[2026-06-27 04:46:59] ADS value: 21.16, Ver: 106
[2026-06-27 04:47:30] ADS value: 21.15, Ver: 106
[2026-06-27 04:48:01] ADS value: 21.13, Ver: 106
[2026-06-27 04:48:32] ADS value: 21.13, Ver: 106
[2026-06-27 04:49:03] ADS value: 21.13, Ver: 106
[2026-06-27 04:49:33] ADS value: 21.14, Ver: 106
[2026-06-27 04:50:04] ADS value: 21.15, Ver: 106
[2026-06-27 04:50:35] ADS value: 21.16, Ver: 106
[2026-06-27 04:51:06] ADS value: 21.15, Ver: 106
[2026-06-27 04:51:37] ADS value: 21.14, Ver: 106
[2026-06-27 04:52:08] ADS value: 21.15, Ver: 106
[2026-06-27 04:52:38] ADS value: 21.15, Ver: 106
[2026-06-27 04:53:09] ADS value: 21.16, Ver: 106
[2026-06-27 04:53:40] ADS value: 21.14, Ver: 106
[2026-06-27 04:54:11] ADS value: 21.15, Ver: 106
[2026-06-27 04:54:42] ADS value: 21.15, Ver: 106
[2026-06-27 04:55:13] ADS value: 21.14, Ver: 106
[2026-06-27 04:55:43] ADS value: 21.15, Ver: 106
[2026-06-27 04:56:14] ADS value: 21.16, Ver: 106
[2026-06-27 04:56:45] ADS value: 21.16, Ver: 106
[2026-06-27 04:57:51] ADS value: 21.16, Ver: 106
[2026-06-27 04:58:23] ADS value: 21.16, Ver: 106
[2026-06-27 04:58:53] ADS value: 21.16, Ver: 106
[2026-06-27 04:59:24] ADS value: 21.15, Ver: 106
[2026-06-27 04:59:55] ADS value: 21.14, Ver: 106
[2026-06-27 05:00:26] ADS value: 21.16, Ver: 106
[2026-06-27 05:00:57] ADS value: 21.15, Ver: 106
[2026-06-27 05:01:28] ADS value: 21.16, Ver: 106
[2026-06-27 05:01:59] ADS value: 21.13, Ver: 106
[2026-06-27 05:03:05] ADS value: 21.13, Ver: 106
[2026-06-27 05:03:36] ADS value: 21.14, Ver: 106
[2026-06-27 05:04:07] ADS value: 21.13, Ver: 106
[2026-06-27 05:04:37] ADS value: 21.17, Ver: 106
[2026-06-27 05:05:08] ADS value: 21.15, Ver: 106
[2026-06-27 05:05:39] ADS value: 21.14, Ver: 106
[2026-06-27 05:06:10] ADS value: 21.15, Ver: 106
[2026-06-27 05:06:40] ADS value: 21.16, Ver: 106
[2026-06-27 05:07:11] ADS value: 21.12, Ver: 106
[2026-06-27 05:07:42] ADS value: 21.14, Ver: 106
[2026-06-27 05:08:13] ADS value: 21.13, Ver: 106
[2026-06-27 05:08:44] ADS value: 21.13, Ver: 106
[2026-06-27 05:09:15] ADS value: 21.13, Ver: 106
[2026-06-27 05:09:46] ADS value: 21.14, Ver: 106
[2026-06-27 05:10:52] ADS value: 21.15, Ver: 106
[2026-06-27 05:11:23] ADS value: 21.13, Ver: 106
[2026-06-27 05:11:54] ADS value: 21.14, Ver: 106
[2026-06-27 05:12:24] ADS value: 21.12, Ver: 106
[2026-06-27 05:12:55] ADS value: 21.14, Ver: 106
[2026-06-27 05:13:26] ADS value: 21.15, Ver: 106
[2026-06-27 05:13:57] ADS value: 21.12, Ver: 106
[2026-06-27 05:14:27] ADS value: 21.14, Ver: 106
[2026-06-27 05:14:58] ADS value: 21.14, Ver: 106
[2026-06-27 05:16:04] ADS value: 21.14, Ver: 106
[2026-06-27 05:16:35] ADS value: 21.11, Ver: 106
[2026-06-27 05:17:06] ADS value: 21.11, Ver: 106
[2026-06-27 05:17:37] ADS value: 21.12, Ver: 106
[2026-06-27 05:18:08] ADS value: 21.15, Ver: 106
[2026-06-27 05:18:39] ADS value: 21.11, Ver: 106
[2026-06-27 05:19:10] ADS value: 21.13, Ver: 106
[2026-06-27 05:19:41] ADS value: 21.15, Ver: 106
[2026-06-27 05:20:11] ADS value: 21.15, Ver: 106
[2026-06-27 05:20:42] ADS value: 21.12, Ver: 106
[2026-06-27 05:21:13] ADS value: 21.13, Ver: 106
[2026-06-27 05:21:44] ADS value: 21.13, Ver: 106
[2026-06-27 05:22:15] ADS value: 21.15, Ver: 106
[2026-06-27 05:22:45] ADS value: 21.14, Ver: 106
[2026-06-27 05:23:51] ADS value: 21.12, Ver: 106
[2026-06-27 05:24:22] ADS value: 21.13, Ver: 106
[2026-06-27 05:24:53] ADS value: 21.11, Ver: 106
[2026-06-27 05:25:24] ADS value: 21.13, Ver: 106
[2026-06-27 05:25:54] ADS value: 21.13, Ver: 106
[2026-06-27 05:26:25] ADS value: 21.11, Ver: 106
[2026-06-27 05:26:56] ADS value: 21.13, Ver: 106
[2026-06-27 05:27:27] ADS value: 21.13, Ver: 106
[2026-06-27 05:27:58] ADS value: 21.13, Ver: 106
[2026-06-27 05:29:04] ADS value: 21.11, Ver: 106
[2026-06-27 05:29:34] ADS value: 21.12, Ver: 106
[2026-06-27 05:30:05] ADS value: 21.12, Ver: 106
[2026-06-27 05:30:36] ADS value: 21.11, Ver: 106
[2026-06-27 05:31:06] ADS value: 21.14, Ver: 106
[2026-06-27 05:31:37] ADS value: 21.13, Ver: 106
[2026-06-27 05:32:08] ADS value: 21.12, Ver: 106
[2026-06-27 05:32:39] ADS value: 21.09, Ver: 106
[2026-06-27 05:33:09] ADS value: 21.12, Ver: 106
[2026-06-27 05:33:40] ADS value: 21.13, Ver: 106
[2026-06-27 05:34:11] ADS value: 21.13, Ver: 106
[2026-06-27 05:34:42] ADS value: 21.13, Ver: 106
[2026-06-27 05:35:12] ADS value: 21.10, Ver: 106
[2026-06-27 05:35:43] ADS value: 21.11, Ver: 106
[2026-06-27 05:36:17] ADS value: 21.12, Ver: 106
[2026-06-27 05:36:48] ADS value: 21.14, Ver: 106
[2026-06-27 05:37:19] ADS value: 21.11, Ver: 106
[2026-06-27 05:37:50] ADS value: 21.10, Ver: 106
[2026-06-27 05:38:20] ADS value: 21.12, Ver: 106
[2026-06-27 05:38:51] ADS value: 21.12, Ver: 106
[2026-06-27 05:39:22] ADS value: 21.13, Ver: 106
[2026-06-27 05:39:53] ADS value: 21.12, Ver: 106
[2026-06-27 05:40:23] ADS value: 21.10, Ver: 106
[2026-06-27 05:40:54] ADS value: 21.12, Ver: 106
[2026-06-27 05:42:01] ADS value: 21.10, Ver: 106
[2026-06-27 05:42:31] ADS value: 21.12, Ver: 106
[2026-06-27 05:43:02] ADS value: 21.09, Ver: 106
[2026-06-27 05:43:33] ADS value: 21.09, Ver: 106
[2026-06-27 05:44:04] ADS value: 21.12, Ver: 106
[2026-06-27 05:44:35] ADS value: 21.11, Ver: 106
[2026-06-27 05:45:05] ADS value: 21.12, Ver: 106
[2026-06-27 05:45:36] ADS value: 21.10, Ver: 106
[2026-06-27 05:46:07] ADS value: 21.13, Ver: 106
[2026-06-27 05:46:38] ADS value: 21.13, Ver: 106
[2026-06-27 05:47:09] ADS value: 21.11, Ver: 106
[2026-06-27 05:47:40] ADS value: 21.12, Ver: 106
[2026-06-27 05:48:10] ADS value: 21.12, Ver: 106
[2026-06-27 05:48:41] ADS value: 21.11, Ver: 106
[2026-06-27 05:49:47] ADS value: 21.12, Ver: 106
[2026-06-27 05:50:18] ADS value: 21.10, Ver: 106
[2026-06-27 05:50:49] ADS value: 21.11, Ver: 106
[2026-06-27 05:51:20] ADS value: 21.11, Ver: 106
[2026-06-27 05:51:51] ADS value: 21.11, Ver: 106
[2026-06-27 05:52:22] ADS value: 21.09, Ver: 106
[2026-06-27 05:52:52] ADS value: 21.10, Ver: 106
[2026-06-27 05:53:23] ADS value: 21.13, Ver: 106
[2026-06-27 05:53:54] ADS value: 21.10, Ver: 106
[2026-06-27 05:55:00] ADS value: 21.12, Ver: 106
[2026-06-27 05:55:31] ADS value: 21.10, Ver: 106
[2026-06-27 05:56:02] ADS value: 21.10, Ver: 106
[2026-06-27 05:56:33] ADS value: 21.11, Ver: 106
[2026-06-27 05:57:04] ADS value: 21.09, Ver: 106
[2026-06-27 05:57:34] ADS value: 21.09, Ver: 106
[2026-06-27 05:58:05] ADS value: 21.10, Ver: 106
[2026-06-27 05:58:36] ADS value: 21.09, Ver: 106
[2026-06-27 05:59:07] ADS value: 21.09, Ver: 106
[2026-06-27 05:59:38] ADS value: 21.09, Ver: 106
[2026-06-27 06:00:09] ADS value: 21.09, Ver: 106
[2026-06-27 06:00:39] ADS value: 21.09, Ver: 106
[2026-06-27 06:01:10] ADS value: 21.09, Ver: 106
[2026-06-27 06:01:41] ADS value: 21.10, Ver: 106
[2026-06-27 06:02:48] ADS value: 21.10, Ver: 106
[2026-06-27 06:03:18] ADS value: 21.09, Ver: 106
[2026-06-27 06:03:49] ADS value: 21.11, Ver: 106
[2026-06-27 06:04:20] ADS value: 21.09, Ver: 106
[2026-06-27 06:04:51] ADS value: 21.10, Ver: 106
[2026-06-27 06:05:22] ADS value: 21.10, Ver: 106
[2026-06-27 06:05:52] ADS value: 21.09, Ver: 106
[2026-06-27 06:06:23] ADS value: 21.08, Ver: 106
[2026-06-27 06:06:54] ADS value: 21.10, Ver: 106
[2026-06-27 06:08:01] ADS value: 21.08, Ver: 106
[2026-06-27 06:08:32] ADS value: 21.10, Ver: 106
[2026-06-27 06:09:03] ADS value: 21.11, Ver: 106
[2026-06-27 06:09:33] ADS value: 21.10, Ver: 106
[2026-06-27 06:10:04] ADS value: 21.10, Ver: 106
[2026-06-27 06:10:35] ADS value: 21.08, Ver: 106
[2026-06-27 06:11:06] ADS value: 21.10, Ver: 106
[2026-06-27 06:11:37] ADS value: 21.11, Ver: 106
[2026-06-27 06:12:07] ADS value: 21.11, Ver: 106
[2026-06-27 06:12:38] ADS value: 21.09, Ver: 106
[2026-06-27 06:13:09] ADS value: 21.10, Ver: 106
[2026-06-27 06:13:40] ADS value: 21.10, Ver: 106
[2026-06-27 06:14:11] ADS value: 21.09, Ver: 106
[2026-06-27 06:14:42] ADS value: 21.10, Ver: 106
[2026-06-27 06:15:48] ADS value: 21.08, Ver: 106
[2026-06-27 06:16:18] ADS value: 21.11, Ver: 106
[2026-06-27 06:16:49] ADS value: 21.07, Ver: 106
[2026-06-27 06:17:20] ADS value: 21.09, Ver: 106
[2026-06-27 06:17:51] ADS value: 21.09, Ver: 106
[2026-06-27 06:18:22] ADS value: 21.09, Ver: 106
[2026-06-27 06:18:53] ADS value: 21.09, Ver: 106
[2026-06-27 06:19:23] ADS value: 21.07, Ver: 106
[2026-06-27 06:19:55] ADS value: 21.09, Ver: 106
[2026-06-27 06:21:01] ADS value: 21.08, Ver: 106
[2026-06-27 06:21:31] ADS value: 21.09, Ver: 106
[2026-06-27 06:22:02] ADS value: 21.07, Ver: 106
[2026-06-27 06:22:33] ADS value: 21.07, Ver: 106
[2026-06-27 06:23:50] ADS value: 21.08, Ver: 106
[2026-06-27 06:24:18] ADS value: 21.07, Ver: 106
[2026-06-27 06:24:49] ADS value: 21.07, Ver: 106
[2026-06-30 06:49:29] ADS value: 22.35, Ver: 106
[2026-06-30 06:58:02] ADS value: 22.29, Ver: 106
[2026-06-30 07:25:27] ADS value: 22.24, Ver: 106
[2026-06-30 07:25:57] ADS value: 22.25, Ver: 106
[2026-06-30 07:28:35] ADS value: 22.25, Ver: 106
[2026-06-30 07:40:12] ADS value: 22.24, Ver: 106
[2026-06-30 07:47:57] ADS value: 22.22, Ver: 106
[2026-06-30 07:53:02] ADS value: 22.23, Ver: 106
[2026-06-30 07:53:32] ADS value: 22.23, Ver: 106
[2026-06-30 07:54:03] ADS value: 22.23, Ver: 106
[2026-06-30 07:56:05] ADS value: 22.21, Ver: 106
[2026-06-30 08:02:18] ADS value: 22.22, Ver: 106
[2026-06-30 08:03:19] ADS value: 22.23, Ver: 106
[2026-06-30 08:03:50] ADS value: 22.23, Ver: 106
[2026-07-10 11:56:19] ADS value: 21.58, Ver: 106
[2026-07-11 09:25:38] Boot complete
[2026-07-11 09:25:57] ADS value: 21.22, Ver: 106
[2026-07-11 09:26:28] ADS value: 21.24, Ver: 106
[2026-07-11 09:26:59] ADS value: 20.79, Ver: 106
[2026-07-11 09:27:30] ADS value: 20.78, Ver: 106
[2026-07-11 09:28:01] ADS value: 20.77, Ver: 106
[2026-07-11 09:28:31] ADS value: 20.75, Ver: 106
[2026-07-11 09:29:03] ADS value: 20.77, Ver: 106
[2026-07-11 09:29:33] ADS value: 20.77, Ver: 106
[2026-07-11 09:30:04] ADS value: 20.77, Ver: 106
[2026-07-11 09:30:35] ADS value: 20.77, Ver: 106
[2026-07-11 09:31:06] ADS value: 20.77, Ver: 106
[2026-07-11 09:31:37] ADS value: 20.77, Ver: 106
[2026-07-11 09:32:07] ADS value: 20.77, Ver: 106
[2026-07-11 09:32:38] ADS value: 20.77, Ver: 106
[2026-07-11 09:33:10] ADS value: 20.77, Ver: 106
[2026-07-11 09:33:41] ADS value: 20.77, Ver: 106
[2026-07-11 09:34:12] ADS value: 20.77, Ver: 106
[2026-07-11 09:34:43] ADS value: 21.26, Ver: 106
[2026-07-11 09:35:13] ADS value: 21.33, Ver: 106
[2026-07-11 09:35:45] ADS value: 21.38, Ver: 106
[2026-07-11 09:36:15] ADS value: 21.42, Ver: 106
[2026-07-11 09:36:46] ADS value: 21.45, Ver: 106
[2026-07-11 09:37:17] ADS value: 21.48, Ver: 106
[2026-07-11 09:37:48] ADS value: 21.51, Ver: 106
[2026-07-11 09:38:19] ADS value: 21.53, Ver: 106
[2026-07-11 09:38:50] ADS value: 21.55, Ver: 106
[2026-07-11 09:39:21] ADS value: 21.57, Ver: 106
[2026-07-11 09:39:52] ADS value: 21.59, Ver: 106
[2026-07-11 09:40:23] ADS value: 21.61, Ver: 106
[2026-07-11 09:40:54] ADS value: 21.62, Ver: 106
[2026-07-11 09:41:24] ADS value: 21.64, Ver: 106
[2026-07-11 09:41:55] ADS value: 21.66, Ver: 106
[2026-07-11 09:42:26] ADS value: 21.67, Ver: 106
[2026-07-11 09:42:57] ADS value: 21.69, Ver: 106
[2026-07-11 09:43:28] ADS value: 21.70, Ver: 106
[2026-07-11 09:43:59] ADS value: 21.72, Ver: 106
[2026-07-11 09:44:33] ADS value: 21.73, Ver: 106
[2026-07-11 09:45:02] ADS value: 21.74, Ver: 106
[2026-07-11 09:45:33] ADS value: 21.75, Ver: 106
[2026-07-11 09:46:04] ADS value: 21.77, Ver: 106
[2026-07-11 09:46:35] ADS value: 21.79, Ver: 106
[2026-07-11 09:47:06] ADS value: 21.80, Ver: 106
[2026-07-11 09:47:37] ADS value: 21.81, Ver: 106
[2026-07-11 09:48:07] ADS value: 21.83, Ver: 106
[2026-07-11 09:48:38] ADS value: 21.84, Ver: 106
[2026-07-11 09:49:10] ADS value: 21.86, Ver: 106
[2026-07-11 09:49:40] ADS value: 21.87, Ver: 106
[2026-07-11 09:50:11] ADS value: 21.88, Ver: 106
[2026-07-11 09:50:42] ADS value: 21.89, Ver: 106
[2026-07-11 09:51:13] ADS value: 21.91, Ver: 106
[2026-07-11 09:51:44] ADS value: 21.92, Ver: 106
[2026-07-11 09:52:15] ADS value: 21.94, Ver: 106
[2026-07-11 09:52:46] ADS value: 21.95, Ver: 106
[2026-07-11 09:53:17] ADS value: 21.97, Ver: 106
[2026-07-11 09:53:47] ADS value: 21.98, Ver: 106
[2026-07-11 09:54:18] ADS value: 21.99, Ver: 106
[2026-07-11 09:54:49] ADS value: 22.01, Ver: 106
[2026-07-11 09:55:20] ADS value: 22.02, Ver: 106
[2026-07-11 09:55:51] ADS value: 22.03, Ver: 106
[2026-07-11 09:56:22] ADS value: 22.05, Ver: 106
[2026-07-11 09:56:53] ADS value: 22.07, Ver: 106
[2026-07-11 09:57:24] ADS value: 22.08, Ver: 106
[2026-07-11 09:57:55] ADS value: 22.10, Ver: 106
[2026-07-11 09:58:26] ADS value: 22.11, Ver: 106
[2026-07-11 09:58:57] ADS value: 22.12, Ver: 106
[2026-07-11 09:59:28] ADS value: 22.15, Ver: 106
[2026-07-11 09:59:59] ADS value: 22.16, Ver: 106
[2026-07-11 10:00:30] ADS value: 22.18, Ver: 106
[2026-07-11 10:01:01] ADS value: 22.20, Ver: 106
[2026-07-11 10:01:32] ADS value: 22.22, Ver: 106
[2026-07-11 10:02:40] ADS value: 22.26, Ver: 106
[2026-07-11 10:03:45] ADS value: 22.30, Ver: 106
[2026-07-11 10:04:20] ADS value: 22.32, Ver: 106
[2026-07-11 10:04:51] ADS value: 22.35, Ver: 106
[2026-07-11 10:05:57] ADS value: 22.39, Ver: 106
[2026-07-11 10:06:28] ADS value: 22.41, Ver: 106
[2026-07-11 10:06:59] ADS value: 22.44, Ver: 106
[2026-07-11 10:07:30] ADS value: 22.46, Ver: 106
[2026-07-11 10:08:01] ADS value: 22.48, Ver: 106
[2026-07-11 10:08:35] ADS value: 22.50, Ver: 106
[2026-07-11 10:09:07] ADS value: 22.53, Ver: 106
[2026-07-11 10:09:38] ADS value: 22.55, Ver: 106
[2026-07-11 10:10:08] ADS value: 22.58, Ver: 106
[2026-07-11 10:10:39] ADS value: 22.60, Ver: 106
[2026-07-11 10:11:10] ADS value: 22.62, Ver: 106
[2026-07-11 10:11:41] ADS value: 22.65, Ver: 106
[2026-07-11 10:12:12] ADS value: 22.67, Ver: 106
[2026-07-11 10:12:42] ADS value: 22.69, Ver: 106
[2026-07-11 10:13:13] ADS value: 22.72, Ver: 106
[2026-07-11 10:13:44] ADS value: 22.74, Ver: 106
[2026-07-11 10:14:15] ADS value: 22.76, Ver: 106
[2026-07-11 10:14:46] ADS value: 22.79, Ver: 106
[2026-07-11 10:15:17] ADS value: 22.81, Ver: 106
[2026-07-11 10:15:48] ADS value: 22.83, Ver: 106
[2026-07-11 10:16:19] ADS value: 22.86, Ver: 106
[2026-07-11 10:16:50] ADS value: 22.88, Ver: 106
[2026-07-11 10:17:21] ADS value: 22.91, Ver: 106
[2026-07-11 10:17:52] ADS value: 22.93, Ver: 106
[2026-07-11 10:18:23] ADS value: 22.95, Ver: 106
[2026-07-11 10:18:54] ADS value: 22.98, Ver: 106
[2026-07-11 10:19:24] ADS value: 23.00, Ver: 106
[2026-07-11 10:19:56] ADS value: 23.02, Ver: 106
[2026-07-11 10:20:26] ADS value: 23.04, Ver: 106
[2026-07-11 10:20:57] ADS value: 23.07, Ver: 106
[2026-07-11 10:21:28] ADS value: 23.09, Ver: 106
[2026-07-11 10:21:59] ADS value: 23.12, Ver: 106
[2026-07-11 10:22:30] ADS value: 23.14, Ver: 106
[2026-07-11 10:23:01] ADS value: 23.16, Ver: 106
[2026-07-11 10:23:32] ADS value: 23.18, Ver: 106
[2026-07-11 10:24:03] ADS value: 23.20, Ver: 106
[2026-07-11 10:24:34] ADS value: 23.23, Ver: 106
[2026-07-11 10:25:05] ADS value: 23.25, Ver: 106
[2026-07-11 10:25:35] ADS value: 23.27, Ver: 106
[2026-07-11 10:26:06] ADS value: 23.29, Ver: 106
[2026-07-11 10:26:37] ADS value: 23.31, Ver: 106
[2026-07-11 10:27:08] ADS value: 23.33, Ver: 106
[2026-07-11 10:27:38] ADS value: 23.35, Ver: 106
[2026-07-11 10:28:09] ADS value: 23.37, Ver: 106
[2026-07-11 10:28:40] ADS value: 23.39, Ver: 106
[2026-07-11 10:29:12] ADS value: 23.41, Ver: 106
[2026-07-11 10:29:42] ADS value: 23.43, Ver: 106
[2026-07-11 10:30:13] ADS value: 23.44, Ver: 106
[2026-07-11 10:30:45] ADS value: 23.46, Ver: 106
[2026-07-11 10:31:15] ADS value: 23.48, Ver: 106
[2026-07-11 10:31:46] ADS value: 23.50, Ver: 106
[2026-07-11 10:32:17] ADS value: 23.52, Ver: 106
[2026-07-11 10:32:48] ADS value: 23.54, Ver: 106
[2026-07-11 10:33:19] ADS value: 23.56, Ver: 106
[2026-07-11 10:33:50] ADS value: 23.58, Ver: 106
[2026-07-11 10:34:21] ADS value: 23.59, Ver: 106
[2026-07-11 10:34:52] ADS value: 23.62, Ver: 106
[2026-07-11 10:35:23] ADS value: 23.63, Ver: 106
[2026-07-11 10:35:54] ADS value: 23.65, Ver: 106
[2026-07-11 10:36:25] ADS value: 23.67, Ver: 106
[2026-07-11 10:36:55] ADS value: 23.69, Ver: 106
[2026-07-11 10:37:26] ADS value: 23.71, Ver: 106
[2026-07-11 10:37:57] ADS value: 23.73, Ver: 106
[2026-07-11 10:38:28] ADS value: 23.75, Ver: 106
[2026-07-11 10:38:59] ADS value: 23.77, Ver: 106
[2026-07-11 10:39:30] ADS value: 23.79, Ver: 106
[2026-07-11 10:40:01] ADS value: 23.81, Ver: 106
[2026-07-11 10:40:32] ADS value: 23.83, Ver: 106
[2026-07-11 10:41:03] ADS value: 23.84, Ver: 106
[2026-07-11 10:41:34] ADS value: 23.86, Ver: 106
[2026-07-11 10:42:05] ADS value: 23.88, Ver: 106
[2026-07-11 10:42:36] ADS value: 23.90, Ver: 106
[2026-07-11 10:43:07] ADS value: 23.91, Ver: 106
[2026-07-11 10:43:37] ADS value: 23.93, Ver: 106
[2026-07-11 10:44:08] ADS value: 23.94, Ver: 106
[2026-07-11 10:44:39] ADS value: 23.95, Ver: 106
[2026-07-11 10:45:10] ADS value: 23.97, Ver: 106
[2026-07-11 10:45:41] ADS value: 23.98, Ver: 106
[2026-07-11 10:46:12] ADS value: 23.99, Ver: 106
[2026-07-11 10:46:43] ADS value: 24.00, Ver: 106
[2026-07-11 10:47:13] ADS value: 24.01, Ver: 106
[2026-07-11 10:47:44] ADS value: 24.02, Ver: 106
[2026-07-11 10:48:15] ADS value: 24.03, Ver: 106
[2026-07-11 10:48:46] ADS value: 24.05, Ver: 106
[2026-07-11 10:49:17] ADS value: 24.05, Ver: 106
[2026-07-11 10:49:48] ADS value: 24.06, Ver: 106
[2026-07-11 10:50:19] ADS value: 24.07, Ver: 106
[2026-07-11 10:50:50] ADS value: 24.09, Ver: 106
[2026-07-11 10:51:21] ADS value: 24.10, Ver: 106
[2026-07-11 10:51:51] ADS value: 24.11, Ver: 106
[2026-07-11 10:52:22] ADS value: 24.12, Ver: 106
[2026-07-11 10:52:53] ADS value: 23.76, Ver: 106
[2026-07-11 10:53:24] ADS value: 23.68, Ver: 106
[2026-07-11 10:53:55] ADS value: 23.64, Ver: 106
[2026-07-11 10:54:26] ADS value: 23.61, Ver: 106
[2026-07-11 10:54:57] ADS value: 23.60, Ver: 106
[2026-07-11 10:55:28] ADS value: 23.58, Ver: 106
[2026-07-11 10:55:58] ADS value: 23.58, Ver: 106
[2026-07-11 10:56:29] ADS value: 23.57, Ver: 106
[2026-07-11 10:57:00] ADS value: 23.56, Ver: 106
[2026-07-11 10:57:32] ADS value: 23.55, Ver: 106
[2026-07-11 10:58:03] ADS value: 23.54, Ver: 106
[2026-07-11 10:58:34] ADS value: 23.54, Ver: 106
[2026-07-11 10:59:05] ADS value: 23.53, Ver: 106
[2026-07-11 10:59:36] ADS value: 23.53, Ver: 106
[2026-07-11 11:00:11] ADS value: 23.52, Ver: 106
[2026-07-11 11:00:43] ADS value: 23.52, Ver: 106
[2026-07-11 11:01:14] ADS value: 23.51, Ver: 106
[2026-07-11 11:01:45] ADS value: 23.51, Ver: 106
[2026-07-11 11:02:16] ADS value: 23.51, Ver: 106
[2026-07-11 11:02:48] ADS value: 23.51, Ver: 106
[2026-07-11 11:03:19] ADS value: 23.51, Ver: 106
[2026-07-11 11:03:50] ADS value: 23.51, Ver: 106
[2026-07-11 11:04:23] ADS value: 23.51, Ver: 106
[2026-07-11 11:04:55] ADS value: 23.51, Ver: 106
[2026-07-11 11:05:26] ADS value: 23.51, Ver: 106
[2026-07-11 11:05:57] ADS value: 23.50, Ver: 106
[2026-07-11 11:06:28] ADS value: 23.51, Ver: 106
[2026-07-11 11:06:59] ADS value: 23.51, Ver: 106
[2026-07-11 11:07:30] ADS value: 23.50, Ver: 106
[2026-07-11 11:08:01] ADS value: 23.50, Ver: 106
[2026-07-11 11:08:32] ADS value: 23.50, Ver: 106
[2026-07-11 11:09:03] ADS value: 23.50, Ver: 106
[2026-07-11 11:09:34] ADS value: 23.51, Ver: 106
[2026-07-11 11:10:05] ADS value: 23.50, Ver: 106
[2026-07-11 11:10:36] ADS value: 23.50, Ver: 106
[2026-07-11 11:11:07] ADS value: 23.50, Ver: 106
[2026-07-11 11:11:38] ADS value: 23.50, Ver: 106
[2026-07-11 11:12:09] ADS value: 23.50, Ver: 106
[2026-07-11 11:12:40] ADS value: 23.50, Ver: 106
[2026-07-11 11:13:11] ADS value: 23.51, Ver: 106
[2026-07-11 11:21:44] Boot complete
[2026-07-11 11:22:04] ADS value: 23.45, Ver: 106
[2026-07-11 11:22:28] Boot complete
[2026-07-11 11:22:34] running_opposite
[2026-07-11 11:23:54] running_front
[2026-07-11 11:25:14] ADS value: 22.99, Ver: 106
[2026-07-11 11:25:45] ADS value: 23.16, Ver: 106
[2026-07-11 11:26:16] ADS value: 23.20, Ver: 106
[2026-07-11 11:52:09] Boot complete
[2026-07-11 11:52:15] running_opposite
[2026-07-11 11:53:36] running_front
[2026-07-11 11:54:56] ADS value: 22.85, Ver: 106
