2026-02-15 06:36:29 ADS value: 22.36
2026-02-15 06:36:30 ADS value less than 23.1: 0
2026-02-15 06:36:33 ADS value: 22.36
2026-02-15 06:36:34 ADS value less than 23.1: 0
2026-02-15 06:36:37 ADS value: 22.36
2026-02-15 06:36:38 ADS value less than 23.1: 0
2026-02-15 06:36:40 ADS value: 22.36
2026-02-15 06:36:42 ADS value less than 23.1: 0
2026-02-15 06:36:44 ADS value: 22.36
2026-02-15 06:36:45 ADS value less than 23.1: 0
2026-02-15 06:36:47 ADS value: 22.36
2026-02-15 06:36:48 ADS value less than 23.1: 0
2026-02-15 06:36:50 ADS value: 22.36
2026-02-15 06:36:51 ADS value less than 23.1: 0
2026-02-15 06:36:53 ADS value: 22.35
2026-02-15 06:36:54 ADS value less than 23.1: 0
2026-02-15 06:36:56 ADS value: 22.36
2026-02-15 06:36:57 ADS value less than 23.1: 0
2026-02-15 06:36:59 ADS value: 22.35
2026-02-15 06:36:59 ADS value less than 23.1: 0
2026-02-15 06:37:01 ADS value: 22.35
2026-02-15 06:37:03 ADS value less than 23.1: 0
2026-02-15 06:37:05 ADS value: 22.36
2026-02-15 06:37:05 ADS value less than 23.1: 0
2026-02-15 06:37:07 ADS value: 22.35
2026-02-15 06:37:08 ADS value less than 23.1: 0
2026-02-15 06:37:14 ADS value: 22.31
2026-02-15 06:37:15 ADS value less than 23.1: 0
2026-02-15 06:37:18 ADS value: 22.36
2026-02-15 06:37:19 ADS value less than 23.1: 0
2026-02-15 06:37:22 ADS value: 22.36
2026-02-15 06:37:23 ADS value less than 23.1: 0
2026-02-15 06:37:25 ADS value: 22.36
2026-02-15 06:37:27 ADS value less than 23.1: 0
2026-02-15 06:37:29 ADS value: 22.36
2026-02-15 06:37:30 ADS value less than 23.1: 0
2026-02-15 06:37:32 ADS value: 22.36
2026-02-15 06:37:33 ADS value less than 23.1: 0
2026-02-15 06:37:35 ADS value: 22.35
2026-02-15 06:37:36 ADS value less than 23.1: 0
2026-02-15 06:37:38 ADS value: 22.36
2026-02-15 06:37:39 ADS value less than 23.1: 0
2026-02-15 06:37:41 ADS value: 22.35
2026-02-15 06:37:42 ADS value less than 23.1: 0
2026-02-15 06:37:44 ADS value: 22.36
2026-02-15 06:37:44 ADS value less than 23.1: 0
2026-02-15 06:37:47 ADS value: 22.36
2026-02-15 06:37:48 ADS value less than 23.1: 0
2026-02-15 06:37:50 ADS value: 22.36
2026-02-15 06:37:51 ADS value less than 23.1: 0
2026-02-15 06:37:53 ADS value: 22.36
2026-02-15 06:37:53 ADS value less than 23.1: 0
2026-02-15 06:37:56 ADS value: 22.35
2026-02-15 06:37:56 ADS value less than 23.1: 0
2026-02-15 06:37:58 ADS value: 22.36
2026-02-15 06:37:59 ADS value less than 23.1: 0
2026-02-15 06:38:01 ADS value: 22.35
2026-02-15 06:38:02 ADS value less than 23.1: 0
2026-02-15 06:38:05 ADS value: 22.36
2026-02-15 06:38:05 ADS value less than 23.1: 0
2026-02-15 06:38:07 ADS value: 22.36
2026-02-15 06:38:08 ADS value less than 23.1: 0
2026-02-15 06:38:11 ADS value: 22.35
2026-02-15 06:38:12 ADS value less than 23.1: 0
2026-02-15 06:38:14 ADS value: 22.35
2026-02-15 06:38:15 ADS value less than 23.1: 0
2026-02-15 06:38:17 ADS value: 22.35
2026-02-15 06:38:18 ADS value less than 23.1: 0
2026-02-15 06:38:20 ADS value: 22.36
2026-02-15 06:38:21 ADS value less than 23.1: 0
2026-02-15 06:38:23 ADS value: 22.35
2026-02-15 06:38:24 ADS value less than 23.1: 0
2026-02-15 06:38:26 ADS value: 22.35
2026-02-15 06:38:27 ADS value less than 23.1: 0
2026-02-15 06:38:29 ADS value: 22.35
2026-02-15 06:38:30 ADS value less than 23.1: 0
2026-02-15 06:38:32 ADS value: 22.36
2026-02-15 06:38:33 ADS value less than 23.1: 0
2026-02-15 06:38:35 ADS value: 22.35
2026-02-15 06:38:36 ADS value less than 23.1: 0
2026-02-15 06:38:38 ADS value: 22.35
2026-02-15 06:38:39 ADS value less than 23.1: 0
2026-02-15 06:38:41 ADS value: 22.35
2026-02-15 06:38:42 ADS value less than 23.1: 0
2026-02-15 06:38:44 ADS value: 22.35
2026-02-15 06:38:45 ADS value less than 23.1: 0
2026-02-15 06:38:47 ADS value: 22.35
2026-02-15 06:38:51 ADS value less than 23.1: 0
2026-02-15 06:38:56 ADS value less than 23.1: 0
2026-02-15 06:38:59 ADS value: 22.35
2026-02-15 06:39:00 ADS value less than 23.1: 0
2026-02-15 06:39:02 ADS value: 22.35
2026-02-15 06:39:03 ADS value less than 23.1: 0
2026-02-15 06:39:05 ADS value: 22.35
2026-02-15 06:39:06 ADS value less than 23.1: 0
2026-02-15 06:39:09 ADS value: 22.35
2026-02-15 06:39:10 ADS value less than 23.1: 0
2026-02-15 06:39:13 ADS value: 22.35
2026-02-15 06:39:14 ADS value less than 23.1: 0
2026-02-15 06:39:16 ADS value: 22.35
2026-02-15 06:39:17 ADS value less than 23.1: 0
2026-02-15 06:39:19 ADS value: 22.35
2026-02-15 06:39:20 ADS value less than 23.1: 0
2026-02-15 06:39:23 ADS value: 22.35
2026-02-15 06:39:24 ADS value less than 23.1: 0
2026-02-15 06:39:26 ADS value: 22.35
2026-02-15 06:39:27 ADS value less than 23.1: 0
2026-02-15 06:39:29 ADS value: 22.35
2026-02-15 06:39:30 ADS value less than 23.1: 0
2026-02-15 06:39:32 ADS value: 22.35
2026-02-15 06:39:33 ADS value less than 23.1: 0
2026-02-15 06:39:35 ADS value: 22.35
2026-02-15 06:39:36 ADS value less than 23.1: 0
2026-02-15 06:39:38 ADS value: 22.35
2026-02-15 06:39:39 ADS value less than 23.1: 0
2026-02-15 06:39:41 ADS value: 22.35
2026-02-15 06:39:42 ADS value less than 23.1: 0
2026-02-15 06:39:44 ADS value: 22.35
2026-02-15 06:39:45 ADS value less than 23.1: 0
2026-02-15 06:39:47 ADS value: 22.35
2026-02-15 06:39:48 ADS value less than 23.1: 0
2026-02-15 06:39:50 ADS value: 22.35
2026-02-15 06:39:51 ADS value less than 23.1: 0
2026-02-15 06:39:53 ADS value: 22.35
2026-02-15 06:39:54 ADS value less than 23.1: 0
2026-02-15 06:39:56 ADS value: 22.35
2026-02-15 06:39:57 ADS value less than 23.1: 0
2026-02-15 06:39:59 ADS value: 22.35
2026-02-15 06:40:00 ADS value less than 23.1: 0
2026-02-15 06:40:02 ADS value: 22.35
2026-02-15 06:40:03 ADS value less than 23.1: 0
2026-02-15 06:40:05 ADS value: 22.35
2026-02-15 06:40:06 ADS value less than 23.1: 0
2026-02-15 06:40:08 ADS value: 22.35
2026-02-15 06:40:09 ADS value less than 23.1: 0
2026-02-15 06:40:11 ADS value: 22.35
2026-02-15 06:40:12 ADS value less than 23.1: 0
2026-02-15 06:40:15 ADS value: 22.35
2026-02-15 06:40:16 ADS value less than 23.1: 0
2026-02-15 06:40:18 ADS value: 22.35
2026-02-15 06:40:19 ADS value less than 23.1: 0
2026-02-15 06:40:21 ADS value: 22.35
2026-02-15 06:40:22 ADS value less than 23.1: 0
2026-02-15 06:40:24 ADS value: 22.35
2026-02-15 06:40:25 ADS value less than 23.1: 0
2026-02-15 06:40:27 ADS value: 22.35
2026-02-15 06:40:28 ADS value less than 23.1: 0
2026-02-15 06:40:30 ADS value: 22.35
2026-02-15 06:40:31 ADS value less than 23.1: 0
2026-02-15 06:40:33 ADS value: 22.35
2026-02-15 06:40:34 ADS value less than 23.1: 0
2026-02-15 06:40:36 ADS value: 22.35
2026-02-15 06:40:37 ADS value less than 23.1: 0
2026-02-15 06:40:39 ADS value: 22.35
2026-02-15 06:40:40 ADS value less than 23.1: 0
2026-02-15 06:40:42 ADS value: 22.35
2026-02-15 06:40:43 ADS value less than 23.1: 0
2026-02-15 06:40:45 ADS value: 22.35
2026-02-15 06:40:46 ADS value less than 23.1: 0
2026-02-15 06:40:48 ADS value: 22.35
2026-02-15 06:40:48 ADS value less than 23.1: 0
2026-02-15 06:40:51 ADS value: 22.35
2026-02-15 06:40:51 ADS value less than 23.1: 0
2026-02-15 06:40:54 ADS value: 22.35
2026-02-15 06:40:55 ADS value less than 23.1: 0
2026-02-15 06:40:57 ADS value: 22.35
2026-02-15 06:40:57 ADS value less than 23.1: 0
2026-02-15 06:40:59 ADS value: 22.35
2026-02-15 06:41:00 ADS value less than 23.1: 0
2026-02-15 06:41:02 ADS value: 22.35
2026-02-15 06:41:03 ADS value less than 23.1: 0
2026-02-15 06:41:05 ADS value: 22.35
2026-02-15 06:41:06 ADS value less than 23.1: 0
2026-02-15 06:41:08 ADS value: 22.35
2026-02-15 06:41:09 ADS value less than 23.1: 0
2026-02-15 06:41:11 ADS value: 22.35
2026-02-15 06:41:12 ADS value less than 23.1: 0
2026-02-15 06:41:14 ADS value: 22.35
2026-02-15 06:41:15 ADS value less than 23.1: 0
2026-02-15 06:41:17 ADS value: 22.35
2026-02-15 06:41:17 ADS value less than 23.1: 0
2026-02-15 06:41:20 ADS value: 22.35
2026-02-15 06:41:20 ADS value less than 23.1: 0
2026-02-15 06:41:22 ADS value: 22.35
2026-02-15 06:41:23 ADS value less than 23.1: 0
2026-02-15 06:42:04 Ota log working.
2026-02-15 06:42:06 ADS value: 22.33
2026-02-15 06:42:07 ADS value less than 23.1: 0
2026-02-15 06:42:08 continuousRun()
2026-02-15 06:42:10 ADS value: 22.33
2026-02-15 06:42:17 ADS value: 22.32
2026-02-15 06:42:35 ADS value: 22.09
2026-02-15 06:42:38 ADS value: 22.12
2026-02-15 06:42:39 ADS value less than 23.1: 1
2026-02-15 06:42:41 ADS value: 22.10
2026-02-15 06:42:42 ADS value less than 23.1: 1
2026-02-15 06:42:44 ADS value: 22.09
2026-02-15 06:42:45 ADS value less than 23.1: 1
2026-02-15 06:42:47 ADS value: 22.09
2026-02-15 06:42:48 ADS value less than 23.1: 1
2026-02-15 06:42:50 ADS value: 22.09
2026-02-15 06:42:51 ADS value less than 23.1: 1
2026-02-15 06:42:53 ADS value: 22.11
2026-02-15 06:42:54 ADS value less than 23.1: 1
2026-02-15 06:42:56 ADS value: 22.17
2026-02-15 06:42:57 ADS value less than 23.1: 0
2026-02-15 06:42:59 ADS value: 22.18
2026-02-15 06:43:00 ADS value less than 23.1: 0
2026-02-15 06:43:02 ADS value: 22.16
2026-02-15 06:43:03 ADS value less than 23.1: 0
2026-02-15 06:43:05 ADS value: 22.17
2026-02-15 06:43:06 ADS value less than 23.1: 0
2026-02-15 06:43:08 ADS value: 22.16
2026-02-15 06:43:09 ADS value less than 23.1: 0
2026-02-15 06:43:11 ADS value: 22.17
2026-02-15 06:43:12 ADS value less than 23.1: 0
2026-02-15 06:43:14 ADS value: 22.18
2026-02-15 06:43:15 ADS value less than 23.1: 0
2026-02-15 06:43:17 ADS value: 22.16
2026-02-15 06:43:18 ADS value less than 23.1: 0
2026-02-15 06:43:20 ADS value: 22.16
2026-02-15 06:43:21 ADS value less than 23.1: 0
2026-02-15 06:43:23 ADS value: 22.17
2026-02-15 06:43:24 ADS value less than 23.1: 0
2026-02-15 06:43:26 ADS value: 22.15
2026-02-15 06:43:26 ADS value less than 23.1: 0
2026-02-15 06:43:29 ADS value: 22.17
2026-02-15 06:43:29 ADS value less than 23.1: 0
2026-02-15 06:43:32 ADS value: 22.17
2026-02-15 06:43:32 ADS value less than 23.1: 0
2026-02-15 06:43:35 ADS value: 22.16
2026-02-15 06:43:36 ADS value less than 23.1: 0
2026-02-15 06:43:38 ADS value: 22.17
2026-02-15 06:43:39 ADS value less than 23.1: 0
2026-02-15 06:43:41 ADS value: 22.17
2026-02-15 06:43:42 ADS value less than 23.1: 1
2026-02-15 06:43:44 ADS value: 22.14
2026-02-15 06:43:45 ADS value less than 23.1: 1
2026-02-15 06:43:47 ADS value: 22.13
2026-02-15 06:43:47 ADS value less than 23.1: 0
2026-02-15 06:43:50 ADS value: 22.18
2026-02-15 06:43:51 ADS value less than 23.1: 0
2026-02-15 06:43:56 ADS value: 22.14
2026-02-15 06:43:57 ADS value less than 23.1: 0
2026-02-15 06:44:00 ADS value: 22.25
2026-02-15 06:44:01 ADS value less than 23.1: 0
2026-02-15 06:44:03 ADS value: 22.26
2026-02-15 06:44:04 ADS value less than 23.1: 0
2026-02-15 06:44:07 ADS value: 22.26
2026-02-15 06:44:08 ADS value less than 23.1: 0
2026-02-15 06:44:10 ADS value: 22.26
2026-02-15 06:44:12 ADS value less than 23.1: 0
2026-02-15 06:44:14 ADS value: 22.26
2026-02-15 06:44:15 ADS value less than 23.1: 0
2026-02-15 06:44:17 ADS value: 22.26
2026-02-15 06:44:18 ADS value less than 23.1: 0
2026-02-15 06:44:20 ADS value: 22.26
2026-02-15 06:44:21 ADS value less than 23.1: 0
2026-02-15 06:44:23 ADS value: 22.26
2026-02-15 06:44:24 ADS value less than 23.1: 0
2026-02-15 06:44:26 ADS value: 22.26
2026-02-15 06:44:27 ADS value less than 23.1: 0
2026-02-15 06:44:29 ADS value: 22.26
2026-02-15 06:44:30 ADS value less than 23.1: 0
2026-02-15 06:44:32 ADS value: 22.26
2026-02-15 06:44:33 ADS value less than 23.1: 0
2026-02-15 06:44:35 ADS value: 22.26
2026-02-15 06:44:36 ADS value less than 23.1: 0
2026-02-15 06:44:38 ADS value: 22.26
2026-02-15 06:44:39 ADS value less than 23.1: 0
2026-02-15 06:44:41 ADS value: 22.26
2026-02-15 06:44:42 ADS value less than 23.1: 0
2026-02-15 06:44:44 ADS value: 22.26
2026-02-15 06:44:45 ADS value less than 23.1: 0
2026-02-15 06:44:47 ADS value: 22.26
2026-02-15 06:44:48 ADS value less than 23.1: 0
2026-02-15 06:44:50 ADS value: 22.26
2026-02-15 06:44:51 ADS value less than 23.1: 0
2026-02-15 06:44:54 ADS value: 22.26
2026-02-15 06:44:54 ADS value less than 23.1: 0
2026-02-15 06:44:56 ADS value: 22.26
2026-02-15 06:44:57 ADS value less than 23.1: 0
2026-02-15 06:44:59 ADS value: 22.26
2026-02-15 06:45:00 ADS value less than 23.1: 0
2026-02-15 06:45:02 ADS value: 22.26
2026-02-15 06:45:03 ADS value less than 23.1: 0
2026-02-15 06:45:05 ADS value: 22.26
2026-02-15 06:45:06 ADS value less than 23.1: 0
2026-02-15 06:45:08 ADS value: 22.27
2026-02-15 06:45:09 ADS value less than 23.1: 0
2026-02-15 06:45:12 ADS value: 22.27
2026-02-15 06:45:12 ADS value less than 23.1: 0
2026-02-15 06:45:14 ADS value: 22.27
2026-02-15 06:45:15 ADS value less than 23.1: 0
2026-02-15 06:45:17 ADS value: 22.26
2026-02-15 06:45:18 ADS value less than 23.1: 0
2026-02-15 06:45:20 ADS value: 22.26
2026-02-15 06:45:21 ADS value less than 23.1: 0
2026-02-15 06:45:23 ADS value: 22.26
2026-02-15 06:45:24 ADS value less than 23.1: 0
2026-02-15 06:45:26 ADS value: 22.26
2026-02-15 06:45:27 ADS value less than 23.1: 0
2026-02-15 06:45:29 ADS value: 22.27
2026-02-15 06:45:30 ADS value less than 23.1: 0
2026-02-15 06:45:32 ADS value: 22.26
2026-02-15 06:45:33 ADS value less than 23.1: 0
2026-02-15 06:45:35 ADS value: 22.26
2026-02-15 06:45:36 ADS value less than 23.1: 0
2026-02-15 06:45:41 ADS value: 22.26
2026-02-15 06:45:43 ADS value less than 23.1: 0
2026-02-15 06:45:45 ADS value: 22.26
2026-02-15 06:45:52 ADS value less than 23.1: 0
2026-02-15 06:45:53 ADS value: 22.26
2026-02-15 06:45:53 ADS value less than 23.1: 0
2026-02-15 06:45:55 ADS value: 22.26
2026-02-15 06:45:56 ADS value less than 23.1: 0
2026-02-15 06:45:59 ADS value: 22.26
2026-02-15 06:46:00 ADS value less than 23.1: 0
2026-02-15 06:46:03 ADS value: 22.26
2026-02-15 06:46:04 ADS value less than 23.1: 0
2026-02-15 06:46:06 ADS value: 22.26
2026-02-15 06:46:16 ADS value less than 23.1: 0
2026-02-15 06:46:16 ADS value: 22.26
2026-02-15 06:46:16 ADS value less than 23.1: 0
2026-02-15 06:46:16 ADS value: 22.26
2026-02-15 06:46:17 ADS value less than 23.1: 0
2026-02-15 06:46:20 ADS value: 22.26
2026-02-15 06:46:21 ADS value less than 23.1: 0
2026-02-15 06:46:26 ADS value: 22.26
2026-02-15 06:46:26 ADS value less than 23.1: 0
2026-02-15 06:46:31 ADS value: 22.26
2026-02-15 06:46:32 ADS value less than 23.1: 0
2026-02-15 06:46:35 ADS value: 22.26
2026-02-15 06:46:36 ADS value less than 23.1: 0
2026-02-15 06:46:38 ADS value: 22.26
2026-02-15 06:46:39 ADS value less than 23.1: 0
2026-02-15 06:46:42 ADS value: 22.26
2026-02-15 06:46:43 ADS value less than 23.1: 0
2026-02-15 06:47:13 ADS value: 22.26
2026-02-15 06:47:14 ADS value less than 23.1: 0
2026-02-15 06:47:16 ADS value: 22.26
2026-02-15 06:47:17 ADS value less than 23.1: 0
2026-02-15 06:47:19 ADS value: 22.26
2026-02-15 06:47:20 ADS value less than 23.1: 0
2026-02-15 06:47:22 ADS value: 22.25
2026-02-15 06:47:23 ADS value less than 23.1: 0
2026-02-15 06:47:26 ADS value: 22.25
2026-02-15 06:47:27 ADS value less than 23.1: 0
2026-02-15 06:48:42 Ota log working.
2026-02-15 06:50:04 Ota log working.
2026-02-15 06:50:06 ADS value: 22.31
2026-02-15 06:50:07 ADS value less than 23.1: 0
2026-02-15 06:50:08 continuousRun()
2026-02-15 06:50:09 ADS value: 22.28
2026-02-15 06:50:17 ADS value: 22.28
2026-02-15 06:50:29 ADS value: 22.27
2026-02-15 06:50:41 ADS value: 22.27
2026-02-15 06:50:54 ADS value: 22.26
2026-02-15 06:51:06 ADS value: 22.26
2026-02-15 06:51:18 ADS value: 22.26
2026-02-15 06:51:30 ADS value: 22.25
2026-02-15 06:51:43 ADS value: 22.26
2026-02-15 06:51:54 ADS value: 22.25
2026-02-15 06:52:08 ADS value: 22.28
2026-02-15 06:52:09 ADS value less than 23.1: 0
2026-02-15 06:52:12 ADS value: 22.28
2026-02-15 06:52:13 ADS value less than 23.1: 0
2026-02-15 06:52:15 ADS value: 22.28
2026-02-15 06:52:17 ADS value less than 23.1: 0
2026-02-15 06:52:19 ADS value: 22.29
2026-02-15 06:52:20 ADS value less than 23.1: 0
2026-02-15 06:52:22 ADS value: 22.28
2026-02-15 06:52:23 ADS value less than 23.1: 0
2026-02-15 06:52:25 ADS value: 22.29
2026-02-15 06:52:26 ADS value less than 23.1: 0
2026-02-15 06:52:28 ADS value: 22.29
2026-02-15 06:52:29 ADS value less than 23.1: 0
2026-02-15 06:52:31 ADS value: 22.29
2026-02-15 06:52:32 ADS value less than 23.1: 0
2026-02-15 06:52:34 ADS value: 22.29
2026-02-15 06:52:35 ADS value less than 23.1: 0
2026-02-15 06:52:37 ADS value: 22.29
2026-02-15 06:52:38 ADS value less than 23.1: 0
2026-02-15 06:52:40 ADS value: 22.29
2026-02-15 06:52:41 ADS value less than 23.1: 0
2026-02-15 06:52:43 ADS value: 22.29
2026-02-15 06:52:44 ADS value less than 23.1: 0
2026-02-15 06:52:46 ADS value: 22.29
2026-02-15 06:52:47 ADS value less than 23.1: 0
2026-02-15 06:52:50 ADS value: 22.29
2026-02-15 06:52:51 ADS value less than 23.1: 0
2026-02-15 06:52:53 ADS value: 22.29
2026-02-15 06:52:53 ADS value less than 23.1: 0
2026-02-15 06:52:56 ADS value: 22.29
2026-02-15 06:52:56 ADS value less than 23.1: 0
2026-02-15 06:52:59 ADS value: 22.29
2026-02-15 06:53:00 ADS value less than 23.1: 0
2026-02-15 06:53:02 ADS value: 22.29
2026-02-15 06:53:03 ADS value less than 23.1: 0
2026-02-15 06:53:05 ADS value: 22.29
2026-02-15 06:53:06 ADS value less than 23.1: 0
2026-02-15 06:53:08 ADS value: 22.29
2026-02-15 06:53:09 ADS value less than 23.1: 0
2026-02-15 06:53:11 ADS value: 22.29
2026-02-15 06:53:12 ADS value less than 23.1: 0
2026-02-15 06:53:14 ADS value: 22.29
2026-02-15 06:53:15 ADS value less than 23.1: 0
2026-02-15 06:53:17 ADS value: 22.29
2026-02-15 06:53:18 ADS value less than 23.1: 0
2026-02-15 06:53:20 ADS value: 22.29
2026-02-15 06:53:21 ADS value less than 23.1: 0
2026-02-15 06:53:24 ADS value: 22.26
2026-02-15 06:53:25 ADS value less than 23.1: 0
2026-02-15 06:53:27 ADS value: 22.29
2026-02-15 06:53:28 ADS value less than 23.1: 0
2026-02-15 06:53:30 ADS value: 22.29
2026-02-15 06:53:31 ADS value less than 23.1: 0
2026-02-15 06:53:33 ADS value: 22.29
2026-02-15 06:53:34 ADS value less than 23.1: 0
2026-02-15 06:53:36 ADS value: 22.29
2026-02-15 06:53:37 ADS value less than 23.1: 0
2026-02-15 06:53:39 ADS value: 22.29
2026-02-15 06:53:40 ADS value less than 23.1: 0
2026-02-15 06:53:42 ADS value: 22.30
2026-02-15 06:53:43 ADS value less than 23.1: 0
2026-02-15 06:53:45 ADS value: 22.30
2026-02-15 06:53:46 ADS value less than 23.1: 0
2026-02-15 06:53:48 ADS value: 22.30
2026-02-15 06:53:49 ADS value less than 23.1: 0
2026-02-15 06:53:51 ADS value: 22.29
2026-02-15 06:53:52 ADS value less than 23.1: 0
2026-02-15 06:53:54 ADS value: 22.29
2026-02-15 06:53:55 ADS value less than 23.1: 0
2026-02-15 06:53:57 ADS value: 22.29
2026-02-15 06:53:58 ADS value less than 23.1: 0
2026-02-15 06:54:00 ADS value: 22.29
2026-02-15 06:54:01 ADS value less than 23.1: 0
2026-02-15 06:54:03 ADS value: 22.29
2026-02-15 06:54:04 ADS value less than 23.1: 0
2026-02-15 06:54:06 ADS value: 22.30
2026-02-15 06:54:07 ADS value less than 23.1: 0
2026-02-15 06:54:10 ADS value: 22.30
2026-02-15 06:54:11 ADS value less than 23.1: 0
2026-02-15 06:54:13 ADS value: 22.29
2026-02-15 06:54:14 ADS value less than 23.1: 0
2026-02-15 06:54:16 ADS value: 22.29
2026-02-15 06:54:17 ADS value less than 23.1: 0
2026-02-15 06:54:19 ADS value: 22.30
2026-02-15 06:54:20 ADS value less than 23.1: 0
2026-02-15 06:54:22 ADS value: 22.30
2026-02-15 06:54:23 ADS value less than 23.1: 0
2026-02-15 06:54:25 ADS value: 22.29
2026-02-15 06:54:26 ADS value less than 23.1: 0
2026-02-15 06:54:28 ADS value: 22.30
2026-02-15 06:54:29 ADS value less than 23.1: 0
2026-02-15 06:54:31 ADS value: 22.30
2026-02-15 06:54:32 ADS value less than 23.1: 0
2026-02-15 06:54:34 ADS value: 22.30
2026-02-15 06:54:35 ADS value less than 23.1: 0
2026-02-15 06:54:38 ADS value: 22.30
2026-02-15 06:54:38 ADS value less than 23.1: 0
2026-02-15 06:54:41 ADS value: 22.29
2026-02-15 06:54:42 ADS value less than 23.1: 0
2026-02-15 06:55:44 Ota log working.
2026-02-15 06:55:46 ADS value: 22.29
2026-02-15 06:55:48 ADS value less than 23.1: 0
2026-02-15 06:55:49 continuousRun()
2026-02-15 06:55:50 ADS value: 22.27
2026-02-15 06:56:01 ADS value: 22.26
2026-02-15 06:56:10 LOW_VOLTAGE
2026-02-15 06:56:11 ADS value: 22.26
2026-02-15 06:56:25 ADS value: 22.25
2026-02-15 06:56:31 LOW_VOLTAGE
2026-02-15 06:56:32 ADS value: 22.25
2026-02-15 06:56:43 ADS value: 22.25
2026-02-15 06:56:55 ADS value: 22.24
2026-02-15 06:57:05 LOW_VOLTAGE
2026-02-15 06:57:07 ADS value: 22.24
2026-02-15 06:57:15 LOW_VOLTAGE
2026-02-15 06:57:16 ADS value: 22.24
2026-02-15 06:57:26 ADS value: 22.24
2026-02-15 06:57:40 continuousRun() end
2026-02-15 06:58:28 Ota log working.
2026-02-15 06:58:29 ADS value: 22.23
2026-02-15 06:58:30 ADS value less than 23.1: 0
2026-02-15 06:58:31 continuousRun()
2026-02-15 06:58:32 ADS value: 22.25
2026-02-15 06:58:44 ADS value: 22.24
2026-02-15 06:58:55 ADS value: 22.23
2026-02-15 06:59:07 ADS value: 22.23
2026-02-15 06:59:19 ADS value: 22.23
2026-02-15 06:59:31 ADS value: 22.22
2026-02-15 06:59:43 ADS value: 22.22
2026-02-15 06:59:55 ADS value: 22.22
2026-02-15 07:00:08 ADS value: 22.22
2026-02-15 07:00:19 ADS value: 22.21
2026-02-15 07:00:34 continuousRun() end
2026-02-15 07:00:37 ADS value: 22.24
2026-02-15 07:00:38 ADS value less than 23.1: 0
2026-02-15 07:00:38 continuousRun()
2026-02-15 07:00:39 ADS value: 22.22
2026-02-15 07:00:52 ADS value: 22.21
2026-02-15 07:01:04 ADS value: 22.21
2026-02-15 07:01:16 ADS value: 22.21
2026-02-15 07:01:28 ADS value: 22.21
2026-02-15 07:01:41 ADS value: 22.20
2026-02-15 07:01:53 ADS value: 22.20
2026-02-15 07:02:06 ADS value: 22.20
2026-02-15 07:02:18 ADS value: 22.20
2026-02-15 07:02:31 ADS value: 22.19
2026-02-15 07:02:46 continuousRun() end
2026-02-15 07:02:48 ADS value: 22.22
2026-02-15 07:02:49 ADS value less than 23.1: 0
2026-02-15 07:02:50 continuousRun()
2026-02-15 07:02:51 ADS value: 22.19
2026-02-15 07:03:04 ADS value: 22.19
2026-02-15 07:03:17 ADS value: 22.19
2026-02-15 07:03:30 ADS value: 22.19
2026-02-15 07:03:42 ADS value: 22.18
2026-02-15 07:03:55 ADS value: 22.18
2026-02-15 07:04:07 ADS value: 22.18
2026-02-15 07:04:18 ADS value: 22.18
2026-02-15 07:04:34 continuousRun() end
2026-02-15 07:04:36 ADS value: 22.20
2026-02-15 07:04:37 ADS value less than 23.1: 0
2026-02-15 07:04:37 continuousRun()
2026-02-15 07:04:38 ADS value: 22.18
2026-02-15 07:04:51 ADS value: 22.17
2026-02-15 07:05:03 ADS value: 22.17
2026-02-15 07:05:16 ADS value: 22.17
2026-02-15 07:05:29 ADS value: 22.16
2026-02-15 07:05:42 ADS value: 22.16
2026-02-15 07:05:55 ADS value: 22.16
2026-02-15 07:06:08 ADS value: 22.16
2026-02-15 07:06:21 ADS value: 22.15
2026-02-15 07:06:34 ADS value: 22.15
2026-02-15 07:06:50 continuousRun() end
2026-02-15 07:06:52 ADS value: 22.18
2026-02-15 07:06:53 ADS value less than 23.1: 0
2026-02-15 07:06:54 continuousRun()
2026-02-15 07:06:55 ADS value: 22.16
2026-02-15 07:07:07 ADS value: 22.15
2026-02-15 07:07:47 ADS value: 22.15
2026-02-15 07:07:57 ADS value: 22.15
2026-02-15 07:08:11 ADS value: 22.15
2026-02-15 07:08:24 ADS value: 22.14
2026-02-15 07:08:36 ADS value: 22.14
2026-02-15 07:08:49 ADS value: 22.14
2026-02-15 07:09:02 ADS value: 22.13
2026-02-15 07:09:57 continuousRun() end
2026-02-15 07:10:00 ADS value: 22.16
2026-02-15 07:10:01 ADS value less than 23.1: 0
2026-02-15 07:10:02 continuousRun()
2026-02-15 07:10:04 ADS value: 22.14
2026-02-15 07:10:17 ADS value: 22.13
2026-02-15 07:10:31 ADS value: 22.13
2026-02-15 07:10:45 ADS value: 22.13
2026-02-15 07:10:58 ADS value: 22.11
2026-02-15 07:11:15 ADS value: 22.12
2026-02-15 07:11:53 ADS value: 22.12
2026-02-15 07:12:05 ADS value: 22.12
2026-02-15 07:12:19 ADS value: 22.11
2026-02-15 07:12:33 ADS value: 22.11
2026-02-15 07:13:16 continuousRun() end
2026-02-15 07:13:19 ADS value: 22.14
2026-02-15 07:13:20 ADS value less than 23.1: 0
2026-02-15 07:13:21 continuousRun()
2026-02-15 07:13:23 ADS value: 22.12
2026-02-15 07:13:33 ADS value: 22.11
2026-02-15 07:14:13 ADS value: 22.11
2026-02-15 07:14:24 ADS value: 22.10
2026-02-15 07:18:44 Ota log working.
2026-02-15 07:18:46 ADS value: 22.11
2026-02-15 07:18:48 ADS value less than 23.1: 0
2026-02-15 07:18:49 continuousRun()
2026-02-15 07:18:50 ADS value: 22.11
2026-02-15 07:19:33 ADS value: 22.10
2026-02-15 07:19:44 ADS value: 22.09
2026-02-15 07:20:59 ADS value: 22.13
2026-02-15 07:21:01 ADS value less than 23.1: 0
2026-02-15 07:21:02 continuousRun()
2026-02-15 07:21:21 ADS value: 22.30
2026-02-15 07:21:35 ADS value: 22.34
2026-02-15 07:21:50 ADS value: 22.34
2026-02-15 07:22:40 ADS value: 22.36
2026-02-15 07:22:43 ADS value: 22.36
2026-02-15 07:23:44 ADS value: 22.39
2026-02-15 07:24:45 ADS value: 22.42
2026-02-15 07:25:31 continuousRun() end
2026-02-15 07:25:34 ADS value: 22.46
2026-02-15 07:25:35 ADS value less than 23.1: 0
2026-02-15 07:25:40 continuousRun()
2026-02-15 07:25:40 ADS value: 22.44
2026-02-15 07:26:21 continuousRun() end
2026-02-15 07:26:24 ADS value: 22.48
2026-02-15 07:26:25 ADS value less than 23.1: 0
2026-02-15 07:26:27 continuousRun()
2026-02-15 07:26:28 ADS value: 22.46
2026-02-15 07:27:10 continuousRun() end
2026-02-15 07:27:12 ADS value: 22.51
2026-02-15 07:27:14 ADS value less than 23.1: 0
2026-02-15 07:27:14 continuousRun()
2026-02-15 07:27:15 ADS value: 22.48
2026-02-15 07:27:26 ADS value: 22.48
2026-02-15 07:28:10 continuousRun() end
2026-02-15 07:29:39 Ota log working.
2026-02-15 07:29:41 ADS value: 22.55
2026-02-15 07:29:43 ADS value less than 23.1: 0
2026-02-15 07:29:44 continuousRun()
2026-02-15 07:29:45 ADS value: 22.53
2026-02-15 07:29:56 ADS value: 22.53
2026-02-15 07:30:38 ADS value: 22.53
2026-02-15 07:30:52 ADS value: 22.53
2026-02-15 07:31:11 ADS value: 22.50
2026-02-15 07:31:24 ADS value: 22.52
2026-02-15 07:31:38 ADS value: 22.52
2026-02-15 07:31:52 ADS value: 22.52
2026-02-15 07:32:05 ADS value: 22.53
2026-02-15 07:32:18 ADS value: 22.52
2026-02-15 07:32:35 continuousRun() end
2026-02-15 07:32:37 ADS value: 22.55
2026-02-15 07:32:38 ADS value less than 23.1: 0
2026-02-15 07:32:39 continuousRun()
2026-02-15 07:32:40 ADS value: 22.53
2026-02-15 07:33:49 ADS value: 22.53
2026-02-15 07:34:02 ADS value: 22.53
2026-02-15 07:34:15 ADS value: 22.53
2026-02-15 07:34:28 ADS value: 22.55
2026-02-15 07:35:10 ADS value: 22.55
2026-02-15 07:35:44 ADS value: 22.54
2026-02-15 07:36:02 ADS value: 22.55
2026-02-15 07:36:24 ADS value: 22.39
2026-02-15 07:36:40 continuousRun() end
2026-02-15 07:36:43 ADS value: 22.59
2026-02-15 07:36:44 ADS value less than 23.1: 0
2026-02-15 07:36:45 continuousRun()
2026-02-15 07:36:46 ADS value: 22.56
2026-02-15 07:37:10 ADS value: 22.56
2026-02-15 07:37:25 ADS value: 22.57
2026-02-15 07:38:29 ADS value: 22.56
2026-02-15 07:38:45 ADS value: 22.56
2026-02-15 07:39:02 ADS value: 22.57
2026-02-15 07:39:44 ADS value: 22.57
2026-02-15 07:39:58 ADS value: 22.57
2026-02-15 07:40:21 ADS value: 22.58
2026-02-15 07:40:38 continuousRun() end
2026-02-15 07:40:41 ADS value: 22.60
2026-02-15 07:40:42 ADS value less than 23.1: 0
2026-02-15 07:40:43 continuousRun()
2026-02-15 07:40:44 ADS value: 22.58
2026-02-15 07:41:09 ADS value: 22.58
2026-02-15 07:41:26 ADS value: 22.58
2026-02-15 07:41:40 ADS value: 22.58
2026-02-15 07:42:20 ADS value: 22.58
2026-02-15 07:42:48 ADS value: 22.58
2026-02-15 07:43:05 ADS value: 22.58
2026-02-15 07:43:27 ADS value: 22.58
2026-02-15 07:43:50 ADS value: 22.59
2026-02-15 07:44:05 ADS value: 22.58
2026-02-15 07:44:21 continuousRun() end
2026-02-15 07:44:23 ADS value: 22.62
2026-02-15 07:44:25 ADS value less than 23.1: 0
2026-02-15 07:44:25 continuousRun()
2026-02-15 07:44:27 ADS value: 22.59
2026-02-15 07:44:38 ADS value: 22.58
2026-02-15 07:44:50 ADS value: 22.59
2026-02-15 07:45:02 ADS value: 22.59
2026-02-15 07:45:14 ADS value: 22.59
2026-02-15 07:45:26 ADS value: 22.59
2026-02-15 07:45:38 ADS value: 22.59
2026-02-15 07:45:50 ADS value: 22.59
2026-02-15 07:46:02 ADS value: 22.59
2026-02-15 07:46:21 ADS value: 22.59
2026-02-15 07:46:36 continuousRun() end
2026-02-15 07:46:39 ADS value: 22.62
2026-02-15 07:46:40 ADS value less than 23.1: 0
2026-02-15 07:46:40 continuousRun()
2026-02-15 07:46:41 ADS value: 22.60
2026-02-15 07:46:55 ADS value: 22.60
2026-02-15 07:47:09 ADS value: 22.60
2026-02-15 07:47:23 ADS value: 22.60
2026-02-15 07:47:47 ADS value: 22.60
2026-02-15 07:47:59 ADS value: 22.60
2026-02-15 07:48:15 ADS value: 22.60
2026-02-15 07:48:29 ADS value: 22.60
2026-02-15 07:48:43 ADS value: 22.60
2026-02-15 07:49:02 ADS value: 22.60
2026-02-15 07:49:33 continuousRun() end
2026-02-15 07:49:36 ADS value: 22.64
2026-02-15 07:49:37 ADS value less than 23.1: 0
2026-02-15 07:49:38 continuousRun()
2026-02-15 07:49:39 ADS value: 22.62
2026-02-15 07:50:00 ADS value: 22.61
2026-02-15 07:50:16 ADS value: 22.62
2026-02-15 07:50:55 ADS value: 22.62
2026-02-15 07:50:58 ADS value: 22.62
2026-02-15 07:51:22 ADS value: 22.62
2026-02-15 07:51:55 ADS value: 22.62
2026-02-15 07:52:08 ADS value: 22.63
2026-02-15 07:52:22 ADS value: 22.65
2026-02-15 07:53:18 ADS value: 22.66
2026-02-15 07:53:19 ADS value less than 23.1: 0
2026-02-15 07:53:20 continuousRun()
2026-02-15 07:53:22 ADS value: 22.65
2026-02-15 07:53:55 ADS value: 22.65
2026-02-15 07:54:09 ADS value: 22.69
2026-02-15 07:55:25 ADS value: 22.67
2026-02-15 07:55:49 ADS value: 22.66
2026-02-15 07:56:07 ADS value: 22.66
2026-02-15 07:56:20 ADS value: 22.67
2026-02-15 07:56:38 ADS value: 22.65
2026-02-15 07:57:06 ADS value: 22.66
2026-02-15 08:00:06 ADS value: 22.68
2026-02-15 08:00:41 ADS value: 22.69
2026-02-15 08:00:59 ADS value: 22.68
2026-02-15 08:01:24 ADS value: 22.68
2026-02-15 08:02:06 ADS value: 22.68
2026-02-15 08:02:52 ADS value: 22.68
2026-02-15 08:04:08 ADS value: 22.68
2026-02-15 08:17:59 ADS value: 22.67
2026-02-15 08:17:59 ADS value: 22.70
2026-02-15 08:17:59 ADS value: 22.70
2026-02-15 08:17:59 ADS value: 22.75
2026-02-15 08:17:59 ADS value: 22.71
2026-02-15 08:17:59 ADS value: 22.72
2026-02-15 08:17:59 ADS value: 22.72
2026-02-15 08:18:06 ADS value: 22.95
2026-02-15 08:18:17 ADS value: 22.79
2026-02-15 08:18:29 ADS value: 22.98
2026-02-15 08:18:43 continuousRun() end
2026-02-15 08:18:46 ADS value: 22.96
2026-02-15 08:18:46 ADS value less than 23.1: 0
2026-02-15 08:18:47 continuousRun()
2026-02-15 08:18:48 ADS value: 22.96
2026-02-15 08:19:00 ADS value: 22.88
2026-02-15 08:19:11 ADS value: 22.82
2026-02-15 08:19:22 ADS value: 22.82
2026-02-15 08:19:34 ADS value: 22.85
2026-02-15 08:19:45 ADS value: 22.97
2026-02-15 08:19:56 ADS value: 22.90
2026-02-15 08:20:08 ADS value: 22.82
2026-02-15 08:20:19 ADS value: 22.84
2026-02-15 08:20:31 ADS value: 22.98
2026-02-15 08:20:45 continuousRun() end
2026-02-15 08:20:47 ADS value: 22.83
2026-02-15 08:20:48 ADS value less than 23.1: 0
2026-02-15 08:20:48 continuousRun()
2026-02-15 08:20:50 ADS value: 22.80
2026-02-15 08:21:01 ADS value: 22.82
2026-02-15 08:21:12 ADS value: 22.84
2026-02-15 08:21:23 ADS value: 22.85
2026-02-15 08:21:35 ADS value: 22.96
2026-02-15 08:21:48 ADS value: 22.92
2026-02-15 08:22:00 ADS value: 22.95
2026-02-15 08:22:12 ADS value: 22.92
2026-02-15 08:22:23 ADS value: 23.02
2026-02-15 08:22:34 ADS value: 23.09
2026-02-15 08:22:49 continuousRun() end
2026-02-15 08:22:51 ADS value: 22.84
2026-02-15 08:22:52 ADS value less than 23.1: 0
2026-02-15 08:22:53 continuousRun()
2026-02-15 08:22:54 ADS value: 22.85
2026-02-15 08:23:06 ADS value: 22.82
2026-02-15 08:23:17 ADS value: 22.84
2026-02-15 08:23:31 ADS value: 22.83
2026-02-15 08:23:43 ADS value: 22.84
2026-02-15 08:23:54 ADS value: 22.84
2026-02-15 08:24:05 ADS value: 22.85
2026-02-15 08:24:20 ADS value: 22.87
2026-02-15 08:24:31 ADS value: 22.86
2026-02-15 08:24:44 ADS value: 22.88
2026-02-15 08:25:00 continuousRun() end
2026-02-15 08:25:02 ADS value: 22.89
2026-02-15 08:25:03 ADS value less than 23.1: 0
2026-02-15 08:25:04 continuousRun()
2026-02-15 08:25:05 ADS value: 22.87
2026-02-15 08:25:16 ADS value: 22.88
2026-02-15 08:25:27 ADS value: 22.88
2026-02-15 08:25:39 ADS value: 22.88
2026-02-15 08:25:51 ADS value: 22.95
2026-02-15 08:26:05 ADS value: 22.91
2026-02-15 08:26:16 ADS value: 22.96
2026-02-15 08:26:28 ADS value: 22.88
2026-02-15 08:26:39 ADS value: 22.90
2026-02-15 08:26:50 ADS value: 22.92
2026-02-15 08:27:05 continuousRun() end
2026-02-15 08:27:07 ADS value: 22.88
2026-02-15 08:27:08 ADS value less than 23.1: 0
2026-02-15 08:27:09 continuousRun()
2026-02-15 08:27:10 ADS value: 22.86
2026-02-15 08:27:21 ADS value: 22.90
2026-02-15 08:27:33 ADS value: 22.97
2026-02-15 08:27:44 ADS value: 23.00
2026-02-15 08:27:56 ADS value: 22.99
2026-02-15 08:28:07 ADS value: 23.06
2026-02-15 08:28:19 ADS value: 23.10
2026-02-15 08:28:33 ADS value: 23.12
2026-02-15 08:28:44 ADS value: 22.90
2026-02-15 08:28:59 ADS value: 23.03
2026-02-15 08:29:13 continuousRun() end
2026-02-15 08:29:15 ADS value: 22.94
2026-02-15 08:29:16 ADS value less than 23.1: 0
2026-02-15 08:29:17 continuousRun()
2026-02-15 08:29:18 ADS value: 22.92
2026-02-15 08:29:32 ADS value: 23.10
2026-02-15 08:29:43 ADS value: 23.13
2026-02-15 08:29:55 ADS value: 23.17
2026-02-15 08:30:06 ADS value: 23.08
2026-02-15 08:30:18 ADS value: 23.10
2026-02-15 08:30:29 ADS value: 22.95
2026-02-15 08:30:44 ADS value: 22.94
2026-02-15 08:30:58 ADS value: 22.92
2026-02-15 08:31:10 ADS value: 22.97
2026-02-15 08:31:24 continuousRun() end
2026-02-15 08:31:26 ADS value: 22.98
2026-02-15 08:31:27 ADS value less than 23.1: 0
2026-02-15 08:31:28 continuousRun()
2026-02-15 08:31:29 ADS value: 22.95
2026-02-15 08:31:42 ADS value: 22.94
2026-02-15 08:31:54 ADS value: 22.92
2026-02-15 08:32:06 ADS value: 22.94
2026-02-15 08:32:17 ADS value: 22.95
2026-02-15 08:32:28 ADS value: 22.96
2026-02-15 08:32:40 ADS value: 23.00
2026-02-15 08:32:51 ADS value: 23.06
2026-02-15 08:33:03 ADS value: 22.89
2026-02-15 08:33:15 ADS value: 23.12
2026-02-15 08:33:29 continuousRun() end
2026-02-15 08:33:31 ADS value: 23.00
2026-02-15 08:33:32 ADS value less than 23.1: 0
2026-02-15 08:33:33 continuousRun()
2026-02-15 08:33:34 ADS value: 23.03
2026-02-15 08:33:46 ADS value: 22.94
2026-02-15 08:33:58 ADS value: 22.99
2026-02-15 08:34:10 ADS value: 22.95
2026-02-15 08:34:21 ADS value: 22.94
2026-02-15 08:34:33 ADS value: 22.95
2026-02-15 08:34:44 ADS value: 22.98
2026-02-15 08:34:56 ADS value: 22.98
2026-02-15 08:35:07 ADS value: 22.98
2026-02-15 08:35:19 ADS value: 22.93
2026-02-15 08:35:33 continuousRun() end
2026-02-15 08:35:35 ADS value: 23.17
2026-02-15 08:35:36 ADS value less than 23.1: 0
2026-02-15 08:35:37 continuousRun()
2026-02-15 08:35:38 ADS value: 23.13
2026-02-15 08:35:49 ADS value: 22.94
2026-02-15 08:36:00 ADS value: 22.98
2026-02-15 08:36:12 ADS value: 22.96
2026-02-15 08:36:23 ADS value: 23.06
2026-02-15 08:36:37 ADS value: 23.06
2026-02-15 08:36:49 ADS value: 22.95
2026-02-15 08:37:00 ADS value: 23.09
2026-02-15 08:37:11 ADS value: 22.99
2026-02-15 08:37:23 ADS value: 23.06
2026-02-15 08:37:37 continuousRun() end
2026-02-15 08:37:39 ADS value: 23.02
2026-02-15 08:37:40 ADS value less than 23.1: 0
2026-02-15 08:37:41 continuousRun()
2026-02-15 08:37:42 ADS value: 23.01
2026-02-15 08:37:53 ADS value: 23.04
2026-02-15 08:38:04 ADS value: 23.06
2026-02-15 08:38:16 ADS value: 22.98
2026-02-15 08:38:27 ADS value: 22.98
2026-02-15 08:38:39 ADS value: 23.03
2026-02-15 08:38:50 ADS value: 23.10
2026-02-15 08:39:05 ADS value: 23.15
2026-02-15 08:39:17 ADS value: 23.19
2026-02-15 08:39:29 ADS value: 23.22
2026-02-15 08:39:44 continuousRun() end
2026-02-15 08:39:46 ADS value: 23.24
2026-02-15 08:39:47 ADS value less than 23.1: 0
2026-02-15 08:39:47 continuousRun()
2026-02-15 08:39:48 ADS value: 23.22
2026-02-15 08:40:00 ADS value: 23.13
2026-02-15 08:40:12 ADS value: 23.02
2026-02-15 08:40:23 ADS value: 23.15
2026-02-15 08:40:35 ADS value: 23.09
2026-02-15 08:40:47 ADS value: 23.09
2026-02-15 08:40:58 ADS value: 23.10
2026-02-15 08:41:10 ADS value: 23.32
2026-02-15 08:41:22 ADS value: 23.10
2026-02-15 08:41:34 ADS value: 23.06
2026-02-15 08:41:50 continuousRun() end
2026-02-15 08:41:52 ADS value: 23.19
2026-02-15 08:41:53 ADS value less than 23.1: 0
2026-02-15 08:41:54 continuousRun()
2026-02-15 08:41:55 ADS value: 23.18
2026-02-15 08:42:07 ADS value: 23.46
2026-02-15 08:42:19 ADS value: 23.30
2026-02-15 08:42:32 ADS value: 23.26
2026-02-15 08:42:44 ADS value: 23.14
2026-02-15 08:42:56 ADS value: 23.07
2026-02-15 08:43:07 ADS value: 23.06
2026-02-15 08:43:19 ADS value: 23.03
2026-02-15 08:43:32 ADS value: 23.12
2026-02-15 08:43:45 ADS value: 23.13
2026-02-15 08:43:59 continuousRun() end
2026-02-15 08:44:01 ADS value: 23.22
2026-02-15 08:44:02 ADS value less than 23.1: 0
2026-02-15 08:44:03 continuousRun()
2026-02-15 08:44:04 ADS value: 23.19
2026-02-15 08:44:15 ADS value: 23.24
2026-02-15 08:44:27 ADS value: 23.24
2026-02-15 08:44:38 ADS value: 22.99
2026-02-15 08:44:51 ADS value: 22.98
2026-02-15 08:45:04 ADS value: 23.01
2026-02-15 08:45:15 ADS value: 23.05
2026-02-15 08:45:27 ADS value: 23.04
2026-02-15 08:45:38 ADS value: 23.03
2026-02-15 08:45:50 ADS value: 23.06
2026-02-15 08:46:04 continuousRun() end
2026-02-15 08:46:06 ADS value: 22.98
2026-02-15 08:46:07 ADS value less than 23.1: 0
2026-02-15 08:46:08 continuousRun()
2026-02-15 08:46:09 ADS value: 22.96
2026-02-15 08:46:20 ADS value: 23.06
2026-02-15 08:46:32 ADS value: 23.10
2026-02-15 08:46:47 ADS value: 23.11
2026-02-15 08:46:58 ADS value: 23.06
2026-02-15 08:47:10 ADS value: 23.13
2026-02-15 08:47:21 ADS value: 23.19
2026-02-15 08:47:33 ADS value: 23.09
2026-02-15 08:47:44 ADS value: 23.11
2026-02-15 08:47:56 ADS value: 23.23
2026-02-15 08:48:11 continuousRun() end
2026-02-15 08:48:13 ADS value: 23.12
2026-02-15 08:48:14 ADS value less than 23.1: 0
2026-02-15 08:48:14 continuousRun()
2026-02-15 08:48:15 ADS value: 23.08
2026-02-15 08:48:27 ADS value: 23.07
2026-02-15 08:48:39 ADS value: 23.02
2026-02-15 08:48:52 ADS value: 22.98
2026-02-15 08:49:03 ADS value: 23.02
2026-02-15 08:49:14 ADS value: 23.08
2026-02-15 08:49:27 ADS value: 23.08
2026-02-15 08:49:39 ADS value: 23.09
2026-02-15 08:49:51 ADS value: 23.06
2026-02-15 08:50:04 ADS value: 23.05
2026-02-15 08:50:18 continuousRun() end
2026-02-15 08:50:20 ADS value: 23.06
2026-02-15 08:50:21 ADS value less than 23.1: 0
2026-02-15 08:50:21 continuousRun()
2026-02-15 08:50:23 ADS value: 23.03
2026-02-15 08:50:34 ADS value: 23.06
2026-02-15 08:50:47 ADS value: 23.09
2026-02-15 08:50:59 ADS value: 23.08
2026-02-15 08:51:10 ADS value: 23.08
2026-02-15 08:51:21 ADS value: 23.09
2026-02-15 08:51:33 ADS value: 23.08
2026-02-15 08:51:45 ADS value: 23.06
2026-02-15 08:51:57 ADS value: 23.03
2026-02-15 08:52:09 ADS value: 23.03
2026-02-15 08:52:23 continuousRun() end
2026-02-15 08:52:25 ADS value: 23.03
2026-02-15 08:52:26 ADS value less than 23.1: 0
2026-02-15 08:52:26 continuousRun()
2026-02-15 08:52:27 ADS value: 23.00
2026-02-15 08:52:39 ADS value: 23.04
2026-02-15 08:52:51 ADS value: 23.04
2026-02-15 08:53:04 ADS value: 23.02
2026-02-15 08:53:16 ADS value: 23.00
2026-02-15 08:53:28 ADS value: 23.01
2026-02-15 08:53:40 ADS value: 22.99
2026-02-15 08:53:51 ADS value: 23.00
2026-02-15 08:54:02 ADS value: 22.99
2026-02-15 08:54:14 ADS value: 22.98
2026-02-15 08:54:28 continuousRun() end
2026-02-15 08:54:30 ADS value: 22.99
2026-02-15 08:54:31 ADS value less than 23.1: 0
2026-02-15 08:54:31 continuousRun()
2026-02-15 08:54:33 ADS value: 22.99
2026-02-15 08:54:45 ADS value: 22.98
2026-02-15 08:54:57 ADS value: 22.99
2026-02-15 08:55:08 ADS value: 22.98
2026-02-15 08:55:21 ADS value: 22.98
2026-02-15 08:55:34 ADS value: 22.99
2026-02-15 08:55:46 ADS value: 22.98
2026-02-15 08:55:59 ADS value: 22.99
2026-02-15 08:56:10 ADS value: 22.99
2026-02-15 08:56:22 ADS value: 22.98
2026-02-15 08:56:36 continuousRun() end
2026-02-15 08:56:38 ADS value: 23.01
2026-02-15 08:56:39 ADS value less than 23.1: 0
2026-02-15 08:56:39 continuousRun()
2026-02-15 08:56:40 ADS value: 22.99
2026-02-15 08:56:52 ADS value: 22.99
2026-02-15 08:57:03 ADS value: 22.99
2026-02-15 08:57:15 ADS value: 22.99
2026-02-15 08:57:26 ADS value: 22.99
2026-02-15 08:57:38 ADS value: 22.99
2026-02-15 08:57:49 ADS value: 22.99
2026-02-15 08:58:00 ADS value: 22.99
2026-02-15 08:58:11 ADS value: 22.99
2026-02-15 08:58:22 ADS value: 22.99
2026-02-15 08:58:37 continuousRun() end
2026-02-15 08:58:39 ADS value: 23.03
2026-02-15 08:58:40 ADS value less than 23.1: 0
2026-02-15 08:58:40 continuousRun()
2026-02-15 08:58:41 ADS value: 23.00
2026-02-15 08:58:53 ADS value: 22.99
2026-02-15 08:59:05 ADS value: 23.00
2026-02-15 08:59:16 ADS value: 23.00
2026-02-15 08:59:28 ADS value: 23.00
2026-02-15 08:59:39 ADS value: 23.00
2026-02-15 08:59:51 ADS value: 23.00
2026-02-15 09:00:02 ADS value: 23.00
2026-02-15 09:00:14 ADS value: 23.00
2026-02-15 09:00:25 ADS value: 23.01
2026-02-15 09:00:39 continuousRun() end
2026-02-15 09:00:42 ADS value: 23.04
2026-02-15 09:00:43 ADS value less than 23.1: 0
2026-02-15 09:00:43 continuousRun()
2026-02-15 09:00:44 ADS value: 23.01
2026-02-15 09:00:56 ADS value: 23.01
2026-02-15 09:01:07 ADS value: 23.01
2026-02-15 09:01:19 ADS value: 23.01
2026-02-15 09:01:31 ADS value: 23.02
2026-02-15 09:01:42 ADS value: 23.02
2026-02-15 09:01:54 ADS value: 23.02
2026-02-15 09:02:06 ADS value: 23.02
2026-02-15 09:02:18 ADS value: 23.02
2026-02-15 09:02:30 ADS value: 23.02
2026-02-15 09:02:44 continuousRun() end
2026-02-15 09:02:46 ADS value: 23.05
2026-02-15 09:02:47 ADS value less than 23.1: 0
2026-02-15 09:02:47 continuousRun()
2026-02-15 09:02:49 ADS value: 23.02
2026-02-15 09:03:00 ADS value: 23.03
2026-02-15 09:03:12 ADS value: 23.03
2026-02-15 09:03:23 ADS value: 23.02
2026-02-15 09:03:34 ADS value: 23.03
2026-02-15 09:03:46 ADS value: 23.03
2026-02-15 09:03:58 ADS value: 23.03
2026-02-15 09:04:11 ADS value: 23.03
2026-02-15 09:04:22 ADS value: 23.03
2026-02-15 09:04:34 ADS value: 23.03
2026-02-15 09:04:48 continuousRun() end
2026-02-15 09:04:50 ADS value: 23.07
2026-02-15 09:04:51 ADS value less than 23.1: 0
2026-02-15 09:04:52 continuousRun()
2026-02-15 09:04:53 ADS value: 23.04
2026-02-15 09:05:06 ADS value: 23.04
2026-02-15 09:05:17 ADS value: 23.04
2026-02-15 09:05:29 ADS value: 23.04
2026-02-15 09:05:42 ADS value: 23.04
2026-02-15 09:05:54 ADS value: 23.04
2026-02-15 09:06:06 ADS value: 23.04
2026-02-15 09:06:17 ADS value: 23.04
2026-02-15 09:06:29 ADS value: 23.04
2026-02-15 09:06:40 ADS value: 23.05
2026-02-15 09:06:54 continuousRun() end
2026-02-15 09:06:57 ADS value: 23.04
2026-02-15 09:06:57 ADS value less than 23.1: 0
2026-02-15 09:06:58 continuousRun()
2026-02-15 09:06:59 ADS value: 23.05
2026-02-15 09:07:11 ADS value: 23.05
2026-02-15 09:07:24 ADS value: 23.05
2026-02-15 09:07:36 ADS value: 23.05
2026-02-15 09:07:47 ADS value: 23.05
2026-02-15 09:07:58 ADS value: 23.05
2026-02-15 09:08:10 ADS value: 23.06
2026-02-15 09:08:22 ADS value: 23.06
2026-02-15 09:08:33 ADS value: 23.06
2026-02-15 09:08:44 ADS value: 23.06
2026-02-15 09:08:58 continuousRun() end
2026-02-15 09:09:00 ADS value: 23.09
2026-02-15 09:09:01 ADS value less than 23.1: 0
2026-02-15 09:09:02 continuousRun()
2026-02-15 09:09:03 ADS value: 23.06
2026-02-15 09:09:14 ADS value: 23.06
2026-02-15 09:09:26 ADS value: 23.06
2026-02-15 09:09:37 ADS value: 23.07
2026-02-15 09:09:49 ADS value: 23.07
2026-02-15 09:10:00 ADS value: 23.07
2026-02-15 09:10:13 ADS value: 23.07
2026-02-15 09:10:24 ADS value: 23.07
2026-02-15 09:10:36 ADS value: 23.07
2026-02-15 09:10:48 ADS value: 23.07
2026-02-15 09:11:02 continuousRun() end
2026-02-15 09:11:04 ADS value: 23.10
2026-02-15 09:11:05 ADS value less than 23.1: 0
2026-02-15 09:11:06 continuousRun()
2026-02-15 09:11:07 ADS value: 23.08
2026-02-15 09:11:18 ADS value: 23.08
2026-02-15 09:11:29 ADS value: 23.08
2026-02-15 09:11:41 ADS value: 23.08
2026-02-15 09:11:53 ADS value: 23.08
2026-02-15 09:12:06 ADS value: 23.08
2026-02-15 09:12:17 ADS value: 23.08
2026-02-15 09:12:29 ADS value: 23.08
2026-02-15 09:12:40 ADS value: 23.08
2026-02-15 09:12:52 ADS value: 23.08
2026-02-15 09:13:06 continuousRun() end
2026-02-15 09:13:08 ADS value: 23.12
2026-02-15 09:13:09 ADS value less than 23.1: 0
2026-02-15 09:13:09 continuousRun()
2026-02-15 09:13:11 ADS value: 23.09
2026-02-15 09:13:22 ADS value: 23.09
2026-02-15 09:13:34 ADS value: 23.09
2026-02-15 09:13:45 ADS value: 23.09
2026-02-15 09:13:57 ADS value: 23.09
2026-02-15 09:14:09 ADS value: 23.09
2026-02-15 09:14:20 ADS value: 23.09
2026-02-15 09:14:32 ADS value: 23.10
2026-02-15 09:14:43 ADS value: 23.10
2026-02-15 09:14:55 ADS value: 23.10
2026-02-15 09:15:09 continuousRun() end
2026-02-15 09:15:11 ADS value: 23.13
2026-02-15 09:15:15 ADS value less than 23.1: 0
2026-02-15 09:15:15 continuousRun()
2026-02-15 09:15:15 ADS value: 23.10
2026-02-15 09:15:27 ADS value: 23.11
2026-02-15 09:15:39 ADS value: 23.11
2026-02-15 09:15:51 ADS value: 23.11
2026-02-15 09:16:04 ADS value: 23.11
2026-02-15 09:16:16 ADS value: 23.12
2026-02-15 09:16:30 ADS value: 23.12
2026-02-15 09:16:41 ADS value: 23.12
2026-02-15 09:16:54 ADS value: 23.12
2026-02-15 09:17:05 ADS value: 23.12
2026-02-15 09:17:20 continuousRun() end
2026-02-15 09:17:22 ADS value: 23.16
2026-02-15 09:17:23 ADS value less than 23.1: 0
2026-02-15 09:17:23 continuousRun()
2026-02-15 09:17:24 ADS value: 23.13
2026-02-15 09:17:36 ADS value: 23.13
2026-02-15 09:17:48 ADS value: 23.13
2026-02-15 09:17:59 ADS value: 23.13
2026-02-15 09:18:11 ADS value: 23.13
2026-02-15 09:18:23 ADS value: 23.13
2026-02-15 09:18:34 ADS value: 23.13
2026-02-15 09:18:46 ADS value: 23.13
2026-02-15 09:18:58 ADS value: 23.14
2026-02-15 09:19:09 ADS value: 23.14
2026-02-15 09:19:23 continuousRun() end
2026-02-15 09:19:26 ADS value: 23.16
2026-02-15 09:19:26 ADS value less than 23.1: 0
2026-02-15 09:19:27 continuousRun()
2026-02-15 09:19:28 ADS value: 23.14
2026-02-15 09:19:39 ADS value: 23.14
2026-02-15 09:19:51 ADS value: 23.14
2026-02-15 09:20:02 ADS value: 23.15
2026-02-15 09:20:13 ADS value: 23.15
2026-02-15 09:20:25 ADS value: 23.15
2026-02-15 09:20:36 ADS value: 23.15
2026-02-15 09:20:47 ADS value: 23.15
2026-02-15 09:20:59 ADS value: 23.15
2026-02-15 09:21:11 ADS value: 23.15
2026-02-15 09:21:25 continuousRun() end
2026-02-15 09:21:27 ADS value: 23.18
2026-02-15 09:21:28 ADS value less than 23.1: 0
2026-02-15 09:21:29 continuousRun()
2026-02-15 09:21:30 ADS value: 23.16
2026-02-15 09:21:43 ADS value: 23.15
2026-02-15 09:21:54 ADS value: 23.16
2026-02-15 09:22:06 ADS value: 23.16
2026-02-15 09:22:20 ADS value: 23.07
2026-02-15 09:22:30 ADS value: 23.16
2026-02-15 09:22:42 ADS value: 23.16
2026-02-15 09:22:54 ADS value: 23.16
2026-02-15 09:23:06 ADS value: 23.16
2026-02-15 09:23:18 ADS value: 23.17
2026-02-15 09:23:34 continuousRun() end
2026-02-15 09:23:36 ADS value: 23.20
2026-02-15 09:23:37 ADS value less than 23.1: 0
2026-02-15 09:23:38 continuousRun()
2026-02-15 09:23:39 ADS value: 23.18
2026-02-15 09:23:50 ADS value: 23.17
2026-02-15 09:24:03 ADS value: 23.17
2026-02-15 09:24:14 ADS value: 23.18
2026-02-15 09:24:26 ADS value: 23.18
2026-02-15 09:24:37 ADS value: 23.18
2026-02-15 09:24:49 ADS value: 23.17
2026-02-15 09:25:02 ADS value: 23.18
2026-02-15 09:25:14 ADS value: 23.18
2026-02-15 09:25:26 ADS value: 23.18
2026-02-15 09:25:40 continuousRun() end
2026-02-15 09:25:42 ADS value: 23.21
2026-02-15 09:25:45 ADS value less than 23.1: 0
2026-02-15 09:25:45 continuousRun()
2026-02-15 09:25:46 ADS value: 23.18
2026-02-15 09:25:58 ADS value: 23.19
2026-02-15 09:26:10 ADS value: 23.18
2026-02-15 09:26:22 ADS value: 23.19
2026-02-15 09:26:35 ADS value: 23.19
2026-02-15 09:26:47 ADS value: 23.19
2026-02-15 09:26:59 ADS value: 23.19
2026-02-15 09:27:11 ADS value: 23.19
2026-02-15 09:27:23 ADS value: 23.20
2026-02-15 09:27:35 ADS value: 23.20
2026-02-15 09:27:49 continuousRun() end
2026-02-15 09:27:52 ADS value: 23.23
2026-02-15 09:27:52 ADS value less than 23.1: 0
2026-02-15 09:27:53 continuousRun()
2026-02-15 09:27:54 ADS value: 23.21
2026-02-15 09:28:07 ADS value: 23.21
2026-02-15 09:28:18 ADS value: 23.21
2026-02-15 09:28:30 ADS value: 23.21
2026-02-15 09:28:41 ADS value: 23.21
2026-02-15 09:28:52 ADS value: 23.20
2026-02-15 09:29:05 ADS value: 23.21
2026-02-15 09:29:16 ADS value: 23.20
2026-02-15 09:29:28 ADS value: 23.21
2026-02-15 09:29:40 ADS value: 23.21
2026-02-15 09:29:54 continuousRun() end
2026-02-15 09:29:56 ADS value: 23.24
2026-02-15 09:29:57 ADS value less than 23.1: 0
2026-02-15 09:29:58 continuousRun()
2026-02-15 09:30:03 ADS value: 23.22
2026-02-15 09:30:15 ADS value: 23.22
2026-02-15 09:30:30 ADS value: 23.22
2026-02-15 09:30:48 ADS value: 23.22
2026-02-15 09:30:59 ADS value: 23.22
2026-02-15 09:31:11 ADS value: 23.22
2026-02-15 09:31:23 ADS value: 23.22
2026-02-15 09:31:35 ADS value: 23.22
2026-02-15 09:31:47 ADS value: 23.23
2026-02-15 09:32:01 ADS value: 23.23
2026-02-15 09:32:15 continuousRun() end
2026-02-15 09:32:17 ADS value: 23.26
2026-02-15 09:32:18 ADS value less than 23.1: 0
2026-02-15 09:32:18 continuousRun()
2026-02-15 09:32:19 ADS value: 23.23
2026-02-15 09:32:30 ADS value: 23.23
2026-02-15 09:32:42 ADS value: 23.23
2026-02-15 09:32:53 ADS value: 23.23
2026-02-15 09:33:04 ADS value: 23.23
2026-02-15 09:33:15 ADS value: 23.23
2026-02-15 09:33:26 ADS value: 23.23
2026-02-15 09:33:37 ADS value: 23.24
2026-02-15 09:33:48 ADS value: 23.24
2026-02-15 09:34:00 ADS value: 23.24
2026-02-15 09:34:14 continuousRun() end
2026-02-15 09:34:16 ADS value: 23.28
2026-02-15 09:34:17 ADS value less than 23.1: 0
2026-02-15 09:34:18 continuousRun()
2026-02-15 09:34:19 ADS value: 23.25
2026-02-15 09:34:31 ADS value: 23.25
2026-02-15 09:34:42 ADS value: 23.25
2026-02-15 09:34:53 ADS value: 23.25
2026-02-15 09:35:04 ADS value: 23.25
2026-02-15 09:35:17 ADS value: 23.25
2026-02-15 09:35:28 ADS value: 23.25
2026-02-15 09:35:40 ADS value: 23.25
2026-02-15 09:35:51 ADS value: 23.26
2026-02-15 09:36:02 ADS value: 23.26
2026-02-15 09:36:16 continuousRun() end
2026-02-15 09:36:18 ADS value: 23.29
2026-02-15 09:36:19 ADS value less than 23.1: 0
2026-02-15 09:36:20 continuousRun()
2026-02-15 09:36:21 ADS value: 23.27
2026-02-15 09:36:32 ADS value: 23.26
2026-02-15 09:36:44 ADS value: 23.26
2026-02-15 09:36:55 ADS value: 23.26
2026-02-15 09:37:07 ADS value: 23.26
2026-02-15 09:37:18 ADS value: 23.26
2026-02-15 09:37:30 ADS value: 23.27
2026-02-15 09:37:41 ADS value: 23.27
2026-02-15 09:37:53 ADS value: 23.27
2026-02-15 09:38:04 ADS value: 23.27
2026-02-15 09:38:18 continuousRun() end
2026-02-15 09:38:20 ADS value: 23.30
2026-02-15 09:38:21 ADS value less than 23.1: 0
2026-02-15 09:38:22 continuousRun()
2026-02-15 09:38:23 ADS value: 23.27
2026-02-15 09:38:34 ADS value: 23.27
2026-02-15 09:38:45 ADS value: 23.27
2026-02-15 09:38:57 ADS value: 23.28
2026-02-15 09:39:09 ADS value: 23.28
2026-02-15 09:39:22 ADS value: 23.28
2026-02-15 09:39:34 ADS value: 23.28
2026-02-15 09:39:46 ADS value: 23.28
2026-02-15 09:39:57 ADS value: 23.28
2026-02-15 09:40:10 ADS value: 23.28
2026-02-15 09:40:24 continuousRun() end
2026-02-15 09:40:27 ADS value: 23.31
2026-02-15 09:40:27 ADS value less than 23.1: 0
2026-02-15 09:40:29 continuousRun()
2026-02-15 09:40:30 ADS value: 23.29
2026-02-15 09:40:43 ADS value: 23.29
2026-02-15 09:40:55 ADS value: 23.29
2026-02-15 09:41:07 ADS value: 23.29
2026-02-15 09:41:20 ADS value: 23.29
2026-02-15 09:41:31 ADS value: 23.29
2026-02-15 09:41:43 ADS value: 23.29
2026-02-15 09:41:55 ADS value: 23.30
2026-02-15 09:42:06 ADS value: 23.30
2026-02-15 09:42:17 ADS value: 23.30
2026-02-15 09:42:31 continuousRun() end
2026-02-15 09:42:33 ADS value: 23.33
2026-02-15 09:42:34 ADS value less than 23.1: 0
2026-02-15 09:42:35 continuousRun()
2026-02-15 09:42:36 ADS value: 23.31
2026-02-15 09:42:47 ADS value: 23.30
2026-02-15 09:42:58 ADS value: 23.30
2026-02-15 09:43:09 ADS value: 23.30
2026-02-15 09:43:20 ADS value: 23.30
2026-02-15 09:43:31 ADS value: 23.31
2026-02-15 09:43:43 ADS value: 23.31
2026-02-15 09:43:54 ADS value: 23.31
2026-02-15 09:44:05 ADS value: 23.31
2026-02-15 09:44:16 ADS value: 23.31
2026-02-15 09:44:30 continuousRun() end
2026-02-15 09:44:32 ADS value: 23.34
2026-02-15 09:44:33 ADS value less than 23.1: 0
2026-02-15 09:44:34 continuousRun()
2026-02-15 09:44:35 ADS value: 23.32
2026-02-15 09:44:46 ADS value: 23.32
2026-02-15 09:44:57 ADS value: 23.32
2026-02-15 09:45:09 ADS value: 23.32
2026-02-15 09:45:20 ADS value: 23.32
2026-02-15 09:45:31 ADS value: 23.31
2026-02-15 09:45:42 ADS value: 23.32
2026-02-15 09:45:53 ADS value: 23.32
2026-02-15 09:46:06 ADS value: 23.33
2026-02-15 09:46:17 ADS value: 23.33
2026-02-15 09:46:31 continuousRun() end
2026-02-15 09:46:34 ADS value: 23.36
2026-02-15 09:46:34 ADS value less than 23.1: 0
2026-02-15 09:46:35 continuousRun()
2026-02-15 09:46:36 ADS value: 23.33
2026-02-15 09:46:47 ADS value: 23.33
2026-02-15 09:46:58 ADS value: 23.33
2026-02-15 09:47:09 ADS value: 23.33
2026-02-15 09:47:20 ADS value: 23.33
2026-02-15 09:47:31 ADS value: 23.34
2026-02-15 09:47:42 ADS value: 23.34
2026-02-15 09:47:53 ADS value: 23.34
2026-02-15 09:48:05 ADS value: 23.34
2026-02-15 09:48:16 ADS value: 23.34
2026-02-15 09:48:30 continuousRun() end
2026-02-15 09:48:33 ADS value: 23.37
2026-02-15 09:48:33 ADS value less than 23.1: 0
2026-02-15 09:48:34 continuousRun()
2026-02-15 09:48:35 ADS value: 23.35
2026-02-15 09:48:47 ADS value: 23.35
2026-02-15 09:48:58 ADS value: 23.35
2026-02-15 09:49:10 ADS value: 23.35
2026-02-15 09:49:21 ADS value: 23.35
2026-02-15 09:49:32 ADS value: 23.35
2026-02-15 09:49:44 ADS value: 23.35
2026-02-15 09:49:55 ADS value: 23.35
2026-02-15 09:50:06 ADS value: 23.35
2026-02-15 09:50:18 ADS value: 23.36
2026-02-15 09:50:32 continuousRun() end
2026-02-15 09:50:34 ADS value: 23.38
2026-02-15 09:50:35 ADS value less than 23.1: 0
2026-02-15 09:50:36 continuousRun()
2026-02-15 09:50:37 ADS value: 23.36
2026-02-15 09:50:48 ADS value: 23.36
2026-02-15 09:50:59 ADS value: 23.36
2026-02-15 09:51:10 ADS value: 23.36
2026-02-15 09:51:21 ADS value: 23.36
2026-02-15 09:51:32 ADS value: 23.36
2026-02-15 09:51:43 ADS value: 23.37
2026-02-15 09:51:54 ADS value: 23.37
2026-02-15 09:52:05 ADS value: 23.37
2026-02-15 09:52:16 ADS value: 23.37
2026-02-15 09:52:30 continuousRun() end
2026-02-15 09:52:33 ADS value: 23.40
2026-02-15 09:52:33 ADS value less than 23.1: 0
2026-02-15 09:52:34 continuousRun()
2026-02-15 09:52:35 ADS value: 23.38
2026-02-15 09:52:46 ADS value: 23.38
2026-02-15 09:52:57 ADS value: 23.38
2026-02-15 09:53:08 ADS value: 23.38
2026-02-15 09:53:19 ADS value: 23.38
2026-02-15 09:53:31 ADS value: 23.38
2026-02-15 09:53:44 ADS value: 23.38
2026-02-15 09:53:56 ADS value: 23.38
2026-02-15 09:54:07 ADS value: 23.38
2026-02-15 09:54:19 ADS value: 23.38
2026-02-15 09:54:33 continuousRun() end
2026-02-15 09:54:35 ADS value: 23.41
2026-02-15 09:54:36 ADS value less than 23.1: 0
2026-02-15 09:54:36 continuousRun()
2026-02-15 09:54:37 ADS value: 23.39
2026-02-15 09:54:48 ADS value: 23.39
2026-02-15 09:55:00 ADS value: 23.39
2026-02-15 09:55:11 ADS value: 23.39
2026-02-15 09:55:22 ADS value: 23.39
2026-02-15 09:55:33 ADS value: 23.39
2026-02-15 09:55:44 ADS value: 23.39
2026-02-15 09:55:55 ADS value: 23.40
2026-02-15 09:56:06 ADS value: 23.40
2026-02-15 09:56:18 ADS value: 23.40
2026-02-15 09:56:31 continuousRun() end
2026-02-15 09:56:34 ADS value: 23.43
2026-02-15 09:56:34 ADS value less than 23.1: 0
2026-02-15 09:56:35 continuousRun()
2026-02-15 09:56:36 ADS value: 23.40
2026-02-15 09:56:47 ADS value: 23.40
2026-02-15 09:56:58 ADS value: 23.40
2026-02-15 09:57:09 ADS value: 23.41
2026-02-15 09:57:20 ADS value: 23.41
2026-02-15 09:57:31 ADS value: 23.41
2026-02-15 09:57:43 ADS value: 23.41
2026-02-15 09:57:54 ADS value: 23.41
2026-02-15 09:58:05 ADS value: 23.41
2026-02-15 09:58:15 ADS value: 23.41
2026-02-15 09:58:29 continuousRun() end
2026-02-15 09:58:31 ADS value: 23.44
2026-02-15 09:58:32 ADS value less than 23.1: 0
2026-02-15 09:58:33 continuousRun()
2026-02-15 09:58:34 ADS value: 23.42
2026-02-15 09:58:45 ADS value: 23.42
2026-02-15 09:58:58 ADS value: 23.42
2026-02-15 09:59:09 ADS value: 23.42
2026-02-15 09:59:21 ADS value: 23.42
2026-02-15 09:59:32 ADS value: 23.42
2026-02-15 09:59:43 ADS value: 23.43
2026-02-15 09:59:54 ADS value: 23.42
2026-02-15 10:00:05 ADS value: 23.43
2026-02-15 10:00:16 ADS value: 23.43
2026-02-15 10:00:30 continuousRun() end
2026-02-15 10:00:32 ADS value: 23.46
2026-02-15 10:00:33 ADS value less than 23.1: 0
2026-02-15 10:00:34 continuousRun()
2026-02-15 10:00:35 ADS value: 23.44
2026-02-15 10:00:46 ADS value: 23.43
2026-02-15 10:00:57 ADS value: 23.43
2026-02-15 10:01:08 ADS value: 23.44
2026-02-15 10:01:19 ADS value: 23.44
2026-02-15 10:01:30 ADS value: 23.43
2026-02-15 10:01:42 ADS value: 23.44
2026-02-15 10:01:53 ADS value: 23.45
2026-02-15 10:02:04 ADS value: 23.45
2026-02-15 10:02:15 ADS value: 23.45
2026-02-15 10:02:29 continuousRun() end
2026-02-15 10:02:31 ADS value: 23.48
2026-02-15 10:02:32 ADS value less than 23.1: 0
2026-02-15 10:02:33 continuousRun()
2026-02-15 10:02:34 ADS value: 23.45
2026-02-15 10:02:45 ADS value: 23.45
2026-02-15 10:02:56 ADS value: 23.45
2026-02-15 10:03:07 ADS value: 23.46
2026-02-15 10:03:19 ADS value: 23.45
2026-02-15 10:03:30 ADS value: 23.46
2026-02-15 10:03:41 ADS value: 23.46
2026-02-15 10:03:52 ADS value: 23.46
2026-02-15 10:04:03 ADS value: 23.46
2026-02-15 10:04:14 ADS value: 23.46
2026-02-15 10:04:28 continuousRun() end
2026-02-15 10:04:30 ADS value: 23.49
2026-02-15 10:04:31 ADS value less than 23.1: 0
2026-02-15 10:04:32 continuousRun()
2026-02-15 10:04:33 ADS value: 23.47
2026-02-15 10:04:44 ADS value: 23.47
2026-02-15 10:04:55 ADS value: 23.47
2026-02-15 10:05:07 ADS value: 23.47
2026-02-15 10:05:18 ADS value: 23.47
2026-02-15 10:05:29 ADS value: 23.47
2026-02-15 10:05:40 ADS value: 23.47
2026-02-15 10:05:51 ADS value: 23.47
2026-02-15 10:06:02 ADS value: 23.46
2026-02-15 10:06:13 ADS value: 23.47
2026-02-15 10:06:27 continuousRun() end
2026-02-15 10:06:29 ADS value: 23.50
2026-02-15 10:06:30 ADS value less than 23.1: 0
2026-02-15 10:06:31 continuousRun()
2026-02-15 10:06:32 ADS value: 23.48
2026-02-15 10:06:43 ADS value: 23.48
2026-02-15 10:06:54 ADS value: 23.48
2026-02-15 10:07:06 ADS value: 23.48
2026-02-15 10:07:17 ADS value: 23.48
2026-02-15 10:07:28 ADS value: 23.48
2026-02-15 10:07:39 ADS value: 23.48
2026-02-15 10:07:50 ADS value: 23.48
2026-02-15 10:08:01 ADS value: 23.49
2026-02-15 10:08:12 ADS value: 23.49
2026-02-15 10:08:26 continuousRun() end
2026-02-15 10:08:28 ADS value: 23.52
2026-02-15 10:08:29 ADS value less than 23.1: 0
2026-02-15 10:08:30 continuousRun()
2026-02-15 10:08:31 ADS value: 23.50
2026-02-15 10:08:42 ADS value: 23.49
2026-02-15 10:08:54 ADS value: 23.50
2026-02-15 10:09:05 ADS value: 23.50
2026-02-15 10:09:16 ADS value: 23.49
2026-02-15 10:09:28 ADS value: 23.49
2026-02-15 10:09:39 ADS value: 23.49
2026-02-15 10:09:50 ADS value: 23.50
2026-02-15 10:10:01 ADS value: 23.50
2026-02-15 10:10:12 ADS value: 23.50
2026-02-15 10:10:26 continuousRun() end
2026-02-15 10:10:28 ADS value: 23.53
2026-02-15 10:10:29 ADS value less than 23.1: 0
2026-02-15 10:10:30 continuousRun()
2026-02-15 10:10:31 ADS value: 23.51
2026-02-15 10:10:42 ADS value: 23.50
2026-02-15 10:10:53 ADS value: 23.50
2026-02-15 10:11:04 ADS value: 23.51
2026-02-15 10:11:15 ADS value: 23.51
2026-02-15 10:11:26 ADS value: 23.51
2026-02-15 10:11:37 ADS value: 23.51
2026-02-15 10:11:48 ADS value: 23.51
2026-02-15 10:11:59 ADS value: 23.51
2026-02-15 10:12:10 ADS value: 23.51
2026-02-15 10:12:24 continuousRun() end
2026-02-15 10:12:26 ADS value: 23.54
2026-02-15 10:12:27 ADS value less than 23.1: 0
2026-02-15 10:12:27 continuousRun()
2026-02-15 10:12:28 ADS value: 23.52
2026-02-15 10:12:40 ADS value: 23.52
2026-02-15 10:12:51 ADS value: 23.52
2026-02-15 10:13:01 ADS value: 23.52
2026-02-15 10:13:13 ADS value: 23.52
2026-02-15 10:13:24 ADS value: 23.52
2026-02-15 10:13:35 ADS value: 23.53
2026-02-15 10:13:46 ADS value: 23.53
2026-02-15 10:13:57 ADS value: 23.53
2026-02-15 10:14:08 ADS value: 23.52
2026-02-15 10:14:22 continuousRun() end
2026-02-15 10:14:24 ADS value: 23.56
2026-02-15 10:14:25 ADS value less than 23.1: 0
2026-02-15 10:14:25 continuousRun()
2026-02-15 10:14:26 ADS value: 23.53
2026-02-15 10:14:38 ADS value: 23.53
2026-02-15 10:14:49 ADS value: 23.53
2026-02-15 10:15:00 ADS value: 23.53
2026-02-15 10:15:11 ADS value: 23.54
2026-02-15 10:15:22 ADS value: 23.54
2026-02-15 10:15:33 ADS value: 23.54
2026-02-15 10:15:44 ADS value: 23.54
2026-02-15 10:15:55 ADS value: 23.54
2026-02-15 10:16:06 ADS value: 23.54
2026-02-15 10:16:20 continuousRun() end
2026-02-15 10:16:22 ADS value: 23.58
2026-02-15 10:16:23 ADS value less than 23.1: 0
2026-02-15 10:16:24 continuousRun()
2026-02-15 10:16:25 ADS value: 23.55
2026-02-15 10:16:36 ADS value: 23.55
2026-02-15 10:16:57 ADS value: 23.52
2026-02-15 10:18:03 ADS value: 23.53
2026-02-15 10:18:03 ADS value: 23.55
2026-02-15 10:18:04 ADS value: 23.56
2026-02-15 10:18:19 ADS value: 23.52
2026-02-15 10:18:28 ADS value: 23.53
2026-02-15 10:18:42 continuousRun() end
2026-02-15 10:18:45 ADS value: 23.59
2026-02-15 10:18:46 ADS value less than 23.1: 0
2026-02-15 10:18:47 continuousRun()
2026-02-15 10:18:49 ADS value: 23.57
2026-02-15 10:19:01 ADS value: 23.57
2026-02-15 10:19:13 ADS value: 23.57
2026-02-15 10:19:24 ADS value: 23.57
2026-02-15 10:19:35 ADS value: 23.57
2026-02-15 10:19:46 ADS value: 23.57
2026-02-15 10:19:57 ADS value: 23.57
2026-02-15 10:20:11 ADS value: 23.57
2026-02-15 10:20:21 ADS value: 23.57
2026-02-15 10:20:32 ADS value: 23.57
2026-02-15 10:20:50 continuousRun() end
2026-02-15 10:20:52 ADS value: 23.61
2026-02-15 10:20:53 ADS value less than 23.1: 0
2026-02-15 10:20:54 continuousRun()
2026-02-15 10:20:56 ADS value: 23.59
2026-02-15 10:21:10 ADS value: 23.59
2026-02-15 10:21:25 ADS value: 23.59
2026-02-15 10:21:36 ADS value: 23.58
2026-02-15 10:21:48 ADS value: 23.59
2026-02-15 10:21:59 ADS value: 23.58
2026-02-15 10:22:11 ADS value: 23.59
2026-02-15 10:22:22 ADS value: 23.59
2026-02-15 10:22:37 ADS value: 23.58
2026-02-15 10:22:54 ADS value: 23.60
2026-02-15 10:23:09 continuousRun() end
2026-02-15 10:23:12 ADS value: 23.63
2026-02-15 10:23:16 ADS value less than 23.1: 0
2026-02-15 10:23:16 continuousRun()
2026-02-15 10:23:17 ADS value: 23.57
2026-02-15 10:23:28 ADS value: 23.60
2026-02-15 10:23:40 ADS value: 23.61
2026-02-15 10:24:10 ADS value: 23.61
2026-02-15 10:24:25 ADS value: 23.62
[2026-03-12 07:49:31] sion: 
[2026-03-12 07:49:33] sion: 
[2026-03-12 07:49:34] ADS value: 0.56
[2026-03-12 07:49:35] Robot online
[2026-03-12 07:49:38] sion: 
[2026-03-12 07:49:40] sion: 
[2026-03-12 07:49:43] sion: 
[2026-03-12 07:49:46] sion: 
[2026-03-12 07:49:48] sion: 
[2026-03-12 07:49:51] sion: 
[2026-03-12 07:49:54] sion: 
[2026-03-12 07:49:56] sion: 
[2026-03-12 07:49:59] sion: 
[2026-03-12 07:50:02] sion: 
[2026-03-12 07:50:05] sion: 
[2026-03-12 07:50:07] sion: 
[2026-03-12 07:50:08] ADS value: 0.56
[2026-03-12 07:50:09] Robot online
[2026-03-12 07:50:12] sion: 
[2026-03-12 07:50:14] sion: 
[2026-03-12 07:50:17] sion: 
[2026-03-12 07:50:19] sion: 
[2026-03-12 07:50:22] sion: 
[2026-03-12 07:50:25] sion: 
[2026-03-12 07:50:28] sion: 
[2026-03-12 07:50:30] sion: 
[2026-03-12 07:50:33] sion: 
[2026-03-12 07:50:35] sion: 
[2026-03-12 07:50:39] sion: 
[2026-03-12 07:50:41] sion: 
[2026-03-12 07:50:42] ADS value: 0.56
[2026-03-12 07:50:43] Robot online
[2026-03-12 07:50:46] sion: 
[2026-03-12 07:51:11] ADS value: 0.57
[2026-03-12 07:51:12] Robot online
[2026-03-12 07:51:13]  
[2026-03-12 07:51:24] ADS value: 0.57
[2026-03-12 07:51:24] Robot online
[2026-03-12 07:51:25]  
[2026-03-12 07:51:39] ADS value: 0.58
[2026-03-12 07:51:39] Robot online
[2026-03-12 07:51:40]  
[2026-03-12 07:51:51] ADS value: 0.59
[2026-03-12 07:51:51] Robot online
[2026-03-12 07:51:52]  
[2026-03-12 07:52:03] ADS value: 0.60
[2026-03-12 07:52:04] Robot online
[2026-03-12 07:52:04]  
[2026-03-12 07:52:23] ADS value: 0.61
[2026-03-12 07:52:23] Robot online
[2026-03-12 07:52:24]  
[2026-03-12 07:52:37] ADS value: 0.61
[2026-03-12 07:52:37] Robot online
[2026-03-12 07:52:38]  
[2026-03-12 07:52:49] ADS value: 0.61
[2026-03-12 07:52:50] Robot online
[2026-03-12 07:52:50]  
[2026-03-12 07:53:01] ADS value: 0.62
[2026-03-12 07:53:02] Robot online
[2026-03-12 07:53:05]  
[2026-03-12 07:53:16] ADS value: 0.62
[2026-03-12 07:53:17] Robot online
[2026-03-12 07:53:17]  
[2026-03-12 07:53:29] ADS value: 0.62
[2026-03-12 07:53:29] Robot online
[2026-03-12 07:53:30]  
[2026-03-12 07:53:41] ADS value: 0.62
[2026-03-12 07:53:41] Robot online
[2026-03-12 07:53:42]  
[2026-03-12 07:53:53] ADS value: 0.62
[2026-03-12 07:53:54] Robot online
[2026-03-12 07:53:55]  
[2026-03-12 07:54:26] ADS value: 0.62
[2026-03-12 07:54:27] Robot online
[2026-03-12 07:54:27] Ver: 4
[2026-03-12 07:54:38] ADS value: 0.62
[2026-03-12 07:54:39] Robot online
[2026-03-12 07:54:40] Ver: 4
[2026-03-12 07:54:51] ADS value: 0.62
[2026-03-12 07:54:51] Robot online
[2026-03-12 07:54:52] Ver: 4
[2026-03-12 07:55:03] ADS value: 0.62
[2026-03-12 07:55:04] Robot online
[2026-03-12 07:55:04] Ver: 4
[2026-03-12 07:55:15] ADS value: 0.62
[2026-03-12 07:55:16] Robot online
[2026-03-12 07:55:16] Ver: 4
[2026-03-12 07:55:27] ADS value: 0.62
[2026-03-12 07:55:28] Robot online
[2026-03-12 07:55:29] Ver: 4
[2026-03-12 07:55:40] ADS value: 0.62
[2026-03-12 07:55:40] Robot online
[2026-03-12 07:55:41] Ver: 4
[2026-03-12 07:55:52] ADS value: 0.62
[2026-03-12 07:55:53] Robot online
[2026-03-12 07:55:53] Ver: 4
[2026-03-12 07:56:04] ADS value: 0.62
[2026-03-12 07:56:05] Robot online
[2026-03-12 07:56:05] Ver: 4
[2026-03-12 07:56:16] ADS value: 0.62
[2026-03-12 07:56:17] Robot online
[2026-03-12 07:56:17] Ver: 4
[2026-03-12 07:56:28] ADS value: 0.62
[2026-03-12 07:56:29] Robot online
[2026-03-12 07:56:29] Ver: 4
[2026-03-12 07:56:40] ADS value: 0.62
[2026-03-12 07:56:41] Robot online
[2026-03-12 07:56:41] Ver: 4
[2026-03-12 07:56:52] ADS value: 0.62
[2026-03-12 07:56:53] Robot online
[2026-03-12 07:56:54] Ver: 4
[2026-03-12 07:57:04] ADS value: 0.62
[2026-03-12 07:57:05] Robot online
[2026-03-12 07:57:06] Ver: 4
[2026-03-12 07:57:17] ADS value: 0.62
[2026-03-12 07:57:18] Robot online
[2026-03-12 07:57:19] Ver: 4
[2026-03-12 07:57:30] ADS value: 0.62
[2026-03-12 07:57:30] Robot online
[2026-03-12 07:57:31] Ver: 4
[2026-03-12 07:57:42] ADS value: 0.62
[2026-03-12 07:57:42] Robot online
[2026-03-12 07:57:43] Ver: 4
[2026-03-12 07:57:55] ADS value: 0.62
[2026-03-12 07:57:55] Robot online
[2026-03-12 07:57:56] Ver: 4
[2026-03-12 07:58:09] ADS value: 0.62
[2026-03-12 07:58:09] Robot online
[2026-03-12 07:58:10] Ver: 4
[2026-03-12 07:58:21] ADS value: 0.62
[2026-03-12 07:58:22] Robot online
[2026-03-12 07:58:22] Ver: 4
[2026-03-12 07:58:33] ADS value: 0.62
[2026-03-12 07:58:34] Robot online
[2026-03-12 07:58:35] Ver: 4
[2026-03-12 07:58:46] ADS value: 0.62
[2026-03-12 07:58:46] Robot online
[2026-03-12 07:58:47] Ver: 4
[2026-03-12 07:58:58] ADS value: 0.62
[2026-03-12 07:58:59] Robot online
[2026-03-12 07:58:59] Ver: 4
[2026-03-12 07:59:10] ADS value: 0.62
[2026-03-12 07:59:11] Robot online
[2026-03-12 07:59:12] Ver: 4
[2026-03-12 07:59:23] ADS value: 0.62
[2026-03-12 07:59:23] Robot online
[2026-03-12 07:59:24] Ver: 4
[2026-03-12 07:59:35] ADS value: 0.62
[2026-03-12 07:59:36] Robot online
[2026-03-12 07:59:36] Ver: 4
[2026-03-12 07:59:48] ADS value: 0.62
[2026-03-12 07:59:48] Robot online
[2026-03-12 07:59:49] Ver: 4
[2026-03-12 07:59:59] ADS value: 0.62
[2026-03-12 08:00:00] Robot online
[2026-03-12 08:00:00] Ver: 4
[2026-03-12 08:00:12] ADS value: 0.62
[2026-03-12 08:00:12] Robot online
[2026-03-12 08:00:13] Ver: 4
[2026-03-12 08:00:24] ADS value: 0.62
[2026-03-12 08:00:25] Robot online
[2026-03-12 08:00:25] Ver: 4
[2026-03-12 08:00:36] ADS value: 0.62
[2026-03-12 08:00:37] Robot online
[2026-03-12 08:00:37] Ver: 4
[2026-03-12 08:00:48] ADS value: 0.62
[2026-03-12 08:00:49] Robot online
[2026-03-12 08:00:50] Ver: 4
[2026-03-12 08:01:01] ADS value: 0.62
[2026-03-12 08:01:01] Robot online
[2026-03-12 08:01:02] Ver: 4
[2026-03-12 08:01:13] ADS value: 0.62
[2026-03-12 08:01:14] Robot online
[2026-03-12 08:01:14] Ver: 4
[2026-03-12 08:01:25] ADS value: 0.62
[2026-03-12 08:01:26] Robot online
[2026-03-12 08:01:27] Ver: 4
[2026-03-12 08:01:38] ADS value: 0.62
[2026-03-12 08:01:39] Robot online
[2026-03-12 08:01:39] Ver: 4
[2026-03-12 08:01:50] ADS value: 0.62
[2026-03-12 08:01:51] Robot online
[2026-03-12 08:01:52] Ver: 4
[2026-03-12 08:02:03] ADS value: 0.62
[2026-03-12 08:02:03] Robot online
[2026-03-12 08:02:04] Ver: 4
[2026-03-12 08:02:16] ADS value: 0.62
[2026-03-12 08:02:17] Robot online
[2026-03-12 08:02:18] Ver: 4
[2026-03-12 08:02:31] ADS value: 0.62
[2026-03-12 08:02:31] Robot online
[2026-03-12 08:02:32] Ver: 4
[2026-03-12 08:02:43] ADS value: 0.62
[2026-03-12 08:02:44] Robot online
[2026-03-12 08:02:45] Ver: 4
[2026-03-12 08:02:56] ADS value: 0.62
[2026-03-12 08:02:57] Robot online
[2026-03-12 08:02:57] Ver: 4
[2026-03-12 08:03:08] ADS value: 0.62
[2026-03-12 08:03:09] Robot online
[2026-03-12 08:03:09] Ver: 4
[2026-03-12 08:03:20] ADS value: 0.62
[2026-03-12 08:03:21] Robot online
[2026-03-12 08:03:22] Ver: 4
[2026-03-12 08:03:33] ADS value: 0.62
[2026-03-12 08:03:33] Robot online
[2026-03-12 08:03:34] Ver: 4
[2026-03-12 08:03:45] ADS value: 0.62
[2026-03-12 08:03:46] Robot online
[2026-03-12 08:03:47] Ver: 4
[2026-03-12 08:03:58] ADS value: 0.62
[2026-03-12 08:03:58] Robot online
[2026-03-12 08:03:59] Ver: 4
[2026-03-12 08:04:10] ADS value: 0.62
[2026-03-12 08:04:11] Robot online
[2026-03-12 08:04:11] Ver: 4
[2026-03-12 08:04:22] ADS value: 0.62
[2026-03-12 08:04:23] Robot online
[2026-03-12 08:04:24] Ver: 4
[2026-03-12 08:04:35] ADS value: 0.62
[2026-03-12 08:04:35] Robot online
[2026-03-12 08:04:36] Ver: 4
[2026-03-12 08:04:47] ADS value: 0.62
[2026-03-12 08:04:47] Robot online
[2026-03-12 08:04:48] Ver: 4
[2026-03-12 08:04:59] ADS value: 0.62
[2026-03-12 08:05:00] Robot online
[2026-03-12 08:05:01] Ver: 4
[2026-03-12 08:05:12] ADS value: 0.62
[2026-03-12 08:05:13] Robot online
[2026-03-12 08:05:13] Ver: 4
[2026-03-12 08:05:24] ADS value: 0.62
[2026-03-12 08:05:25] Robot online
[2026-03-12 08:05:26] Ver: 4
[2026-03-12 08:05:37] ADS value: 0.62
[2026-03-12 08:05:37] Robot online
[2026-03-12 08:05:38] Ver: 4
[2026-03-12 08:05:49] ADS value: 0.62
[2026-03-12 08:05:50] Robot online
[2026-03-12 08:05:50] Ver: 4
[2026-03-12 08:06:01] ADS value: 0.62
[2026-03-12 08:06:02] Robot online
[2026-03-12 08:06:02] Ver: 4
[2026-03-12 08:06:15] ADS value: 0.62
[2026-03-12 08:06:16] Robot online
[2026-03-12 08:06:17] Ver: 4
[2026-03-12 08:06:29] ADS value: 0.62
[2026-03-12 08:06:30] Robot online
[2026-03-12 08:06:30] Ver: 4
[2026-03-12 08:06:43] ADS value: 0.62
[2026-03-12 08:06:43] Robot online
[2026-03-12 08:06:44] Ver: 4
[2026-03-12 08:07:31] ADS value: 0.62
[2026-03-12 08:07:31] Robot online
[2026-03-12 08:07:32] Ver: 5
[2026-03-12 08:07:36] START command received
[2026-03-12 08:08:43] ADS value: 0.56
[2026-03-12 08:08:43] Robot online
[2026-03-12 08:08:44] Ver: 5
[2026-03-12 08:08:48] START command received
[2026-03-12 08:11:06] ADS value: 0.56
[2026-03-12 08:11:06] Robot online
[2026-03-12 08:11:08] Ver: 5
[2026-03-12 08:11:11] START command received
[2026-03-12 08:24:04] Ver: 5
[2026-03-12 08:24:16] ADS value: 0.61
[2026-03-12 08:24:17] Robot online
[2026-03-12 08:24:17] Ver: 5
[2026-03-12 08:24:35] Robot online
[2026-03-12 08:24:36] Ver: 5
[2026-03-12 08:24:48] ADS value: 0.62
[2026-03-12 08:24:49] Robot online
[2026-03-12 08:24:49] Ver: 5
[2026-03-12 08:24:53] START command received: left
[2026-03-12 08:25:15] ADS value: 0.59
[2026-03-12 08:25:16] Robot online
[2026-03-12 08:25:16] Ver: 5
[2026-03-12 08:25:20] START command received: right
[2026-03-12 08:25:35] START command received: left
[2026-03-12 08:25:57] ADS value: 0.59
[2026-03-12 08:26:00] Robot online
[2026-03-12 08:26:01] Ver: 5
[2026-03-12 08:26:14] ADS value: 0.60
[2026-03-12 08:26:15] Robot online
[2026-03-12 08:26:15] Ver: 5
[2026-03-12 08:26:29] ADS value: 0.61
[2026-03-12 08:26:29] Robot online
[2026-03-12 08:26:30] Ver: 5
[2026-03-12 08:26:43] ADS value: 0.61
[2026-03-12 08:26:44] Robot online
[2026-03-12 08:26:44] Ver: 5
[2026-03-12 08:26:58] ADS value: 0.62
[2026-03-12 08:26:58] Robot online
[2026-03-12 08:26:59] Ver: 5
[2026-03-12 08:27:13] ADS value: 0.62
[2026-03-12 08:27:13] Robot online
[2026-03-12 08:27:14] Ver: 5
[2026-03-12 08:27:27] ADS value: 0.62
[2026-03-12 08:27:28] Robot online
[2026-03-12 08:27:29] Ver: 5
[2026-03-12 08:27:42] ADS value: 0.62
[2026-03-12 08:27:42] Robot online
[2026-03-12 08:27:43] Ver: 5
[2026-03-12 08:27:56] ADS value: 0.62
[2026-03-12 08:27:57] Robot online
[2026-03-12 08:27:57] Ver: 5
[2026-03-12 08:28:16] START command received: left
[2026-03-12 08:28:34] ADS value: 0.60
[2026-03-12 08:28:38] Robot online
[2026-03-12 08:28:38] Ver: 5
[2026-03-12 08:28:50] ADS value: 0.61
[2026-03-12 08:28:50] Robot online
[2026-03-12 08:28:51] Ver: 5
[2026-03-12 08:29:05] ADS value: 0.61
[2026-03-12 08:29:05] Robot online
[2026-03-12 08:29:06] Ver: 5
[2026-03-12 08:29:19] ADS value: 0.62
[2026-03-12 08:29:20] Robot online
[2026-03-12 08:29:21] Ver: 5
[2026-03-12 08:29:33] ADS value: 0.62
[2026-03-12 08:29:34] Robot online
[2026-03-12 08:29:35] Ver: 5
[2026-03-12 08:29:48] ADS value: 0.62
[2026-03-12 08:29:49] Robot online
[2026-03-12 08:29:49] Ver: 5
[2026-03-12 08:30:03] ADS value: 0.62
[2026-03-12 08:30:03] Robot online
[2026-03-12 08:30:04] Ver: 5
[2026-03-12 08:30:15] ADS value: 0.62
[2026-03-12 08:30:15] Robot online
[2026-03-12 08:30:16] Ver: 5
[2026-03-12 08:30:30] ADS value: 0.62
[2026-03-12 08:30:30] Robot online
[2026-03-12 08:30:31] Ver: 5
[2026-03-12 08:30:44] ADS value: 0.62
[2026-03-12 08:30:45] Robot online
[2026-03-12 08:30:46] Ver: 5
[2026-03-12 08:30:59] ADS value: 0.62
[2026-03-12 08:30:59] Robot online
[2026-03-12 08:31:00] Ver: 5
[2026-03-12 08:31:13] ADS value: 0.62
[2026-03-12 08:31:14] Robot online
[2026-03-12 08:31:14] Ver: 5
[2026-03-12 08:31:25] ADS value: 0.62
[2026-03-12 08:31:26] Robot online
[2026-03-12 08:31:26] Ver: 5
[2026-03-12 08:31:37] ADS value: 0.62
[2026-03-12 08:31:38] Robot online
[2026-03-12 08:31:38] Ver: 5
[2026-03-12 08:31:52] ADS value: 0.62
[2026-03-12 08:31:52] Robot online
[2026-03-12 08:31:53] Ver: 5
[2026-03-12 08:32:05] ADS value: 0.62
[2026-03-12 08:32:06] Robot online
[2026-03-12 08:32:07] Ver: 5
[2026-03-12 08:32:18] ADS value: 0.62
[2026-03-12 08:32:19] Robot online
[2026-03-12 08:32:20] Ver: 5
[2026-03-12 08:32:31] ADS value: 0.62
[2026-03-12 08:32:31] Robot online
[2026-03-12 08:32:32] Ver: 5
[2026-03-12 08:32:44] ADS value: 0.62
[2026-03-12 08:32:44] Robot online
[2026-03-12 08:32:45] Ver: 5
[2026-03-12 08:32:57] ADS value: 0.62
[2026-03-12 08:32:57] Robot online
[2026-03-12 08:32:58] Ver: 5
[2026-03-12 08:33:10] ADS value: 0.62
[2026-03-12 08:33:10] Robot online
[2026-03-12 08:33:11] Ver: 5
[2026-03-12 08:33:28] ADS value: 0.62
[2026-03-12 08:33:28] Robot online
[2026-03-12 08:33:28] Ver: 5
[2026-03-12 08:33:41] ADS value: 0.62
[2026-03-12 08:33:42] Robot online
[2026-03-12 08:33:42] Ver: 5
[2026-03-12 08:33:55] ADS value: 0.62
[2026-03-12 08:33:56] Robot online
[2026-03-12 08:33:57] Ver: 5
[2026-03-12 08:34:11] ADS value: 0.62
[2026-03-12 08:34:12] Robot online
[2026-03-12 08:34:12] Ver: 5
[2026-03-12 08:34:24] ADS value: 0.62
[2026-03-12 08:34:24] Robot online
[2026-03-12 08:34:25] Ver: 5
[2026-03-12 08:34:36] ADS value: 0.62
[2026-03-12 08:34:36] Robot online
[2026-03-12 08:34:37] Ver: 5
[2026-03-12 08:34:54] ADS value: 0.62
[2026-03-12 08:34:54] Robot online
[2026-03-12 08:34:54] Ver: 5
[2026-03-12 08:35:06] ADS value: 0.62
[2026-03-12 08:35:07] Robot online
[2026-03-12 08:35:07] Ver: 5
[2026-03-12 08:35:19] ADS value: 0.62
[2026-03-12 08:35:19] Robot online
[2026-03-12 08:35:20] Ver: 5
[2026-03-12 08:35:34] ADS value: 0.62
[2026-03-12 08:35:34] Robot online
[2026-03-12 08:35:35] Ver: 5
[2026-03-12 08:35:48] ADS value: 0.62
[2026-03-12 08:35:48] Robot online
[2026-03-12 08:35:49] Ver: 5
[2026-03-12 08:36:02] ADS value: 0.62
[2026-03-12 08:36:03] Robot online
[2026-03-12 08:36:04] Ver: 5
[2026-03-12 08:36:17] ADS value: 0.62
[2026-03-12 08:36:17] Robot online
[2026-03-12 08:36:18] Ver: 5
[2026-03-12 08:36:31] ADS value: 0.62
[2026-03-12 08:36:31] Robot online
[2026-03-12 08:36:32] Ver: 5
[2026-03-12 08:36:45] ADS value: 0.62
[2026-03-12 08:36:46] Robot online
[2026-03-12 08:36:47] Ver: 5
[2026-03-12 08:37:00] ADS value: 0.62
[2026-03-12 08:37:01] Robot online
[2026-03-12 08:37:01] Ver: 5
[2026-03-12 08:37:14] ADS value: 0.62
[2026-03-12 08:37:15] Robot online
[2026-03-12 08:37:16] Ver: 5
[2026-03-12 08:37:29] ADS value: 0.62
[2026-03-12 08:37:30] Robot online
[2026-03-12 08:37:30] Ver: 5
[2026-03-12 08:37:44] ADS value: 0.62
[2026-03-12 08:37:44] Robot online
[2026-03-12 08:37:45] Ver: 5
[2026-03-12 08:37:59] ADS value: 0.62
[2026-03-12 08:37:59] Robot online
[2026-03-12 08:38:00] Ver: 5
[2026-03-12 08:38:13] ADS value: 0.62
[2026-03-12 08:38:13] Robot online
[2026-03-12 08:38:14] Ver: 5
[2026-03-12 08:38:27] ADS value: 0.62
[2026-03-12 08:38:27] Robot online
[2026-03-12 08:38:28] Ver: 5
[2026-03-12 08:38:39] ADS value: 0.62
[2026-03-12 08:38:40] Robot online
[2026-03-12 08:38:40] Ver: 5
[2026-03-12 08:38:52] ADS value: 0.62
[2026-03-12 08:38:52] Robot online
[2026-03-12 08:38:53] Ver: 5
[2026-03-12 08:39:06] ADS value: 0.62
[2026-03-12 08:39:07] Robot online
[2026-03-12 08:39:11] Ver: 5
[2026-03-12 08:39:23] ADS value: 0.62
[2026-03-12 08:39:24] Robot online
[2026-03-12 08:39:25] Ver: 5
[2026-03-12 08:39:38] ADS value: 0.62
[2026-03-12 08:39:38] Robot online
[2026-03-12 08:39:39] Ver: 5
[2026-03-12 08:39:52] ADS value: 0.62
[2026-03-12 08:39:53] Robot online
[2026-03-12 08:39:53] Ver: 5
[2026-03-12 08:40:07] ADS value: 0.62
[2026-03-12 08:40:08] Robot online
[2026-03-12 08:40:08] Ver: 5
[2026-03-12 08:40:19] ADS value: 0.62
[2026-03-12 08:40:20] Robot online
[2026-03-12 08:40:20] Ver: 5
[2026-03-12 08:40:34] ADS value: 0.62
[2026-03-12 08:40:34] Robot online
[2026-03-12 08:40:35] Ver: 5
[2026-03-12 08:40:48] ADS value: 0.62
[2026-03-12 08:40:48] Robot online
[2026-03-12 08:40:49] Ver: 5
[2026-03-12 08:41:20] Ver: 5
[2026-03-12 08:41:33] ADS value: 0.62
[2026-03-12 08:41:34] Robot online
[2026-03-12 08:41:34] Ver: 5
[2026-03-12 08:41:47] ADS value: 0.62
[2026-03-12 08:41:48] Robot online
[2026-03-12 08:41:48] Ver: 5
[2026-03-12 08:42:59] ADS value: 0.62
[2026-03-12 08:42:59] Robot online
[2026-03-12 08:43:00] Ver: 5
[2026-03-12 08:43:12] ADS value: 0.62
[2026-03-12 08:43:13] Robot online
[2026-03-12 08:43:13] Ver: 5
[2026-03-12 08:43:25] ADS value: 0.62
[2026-03-12 08:43:26] Robot online
[2026-03-12 08:43:26] Ver: 5
[2026-03-12 08:43:40] ADS value: 0.62
[2026-03-12 08:43:40] Robot online
[2026-03-12 08:43:41] Ver: 5
[2026-03-12 08:43:54] ADS value: 0.62
[2026-03-12 08:43:54] Robot online
[2026-03-12 08:43:55] Ver: 5
[2026-03-12 08:46:47] START command received: left
[2026-03-12 08:47:41] ADS value: 0.56
[2026-03-12 08:47:41] Robot online
[2026-03-12 08:47:42] Ver: 5
[2026-03-12 08:47:53] ADS value: 0.56
[2026-03-12 08:47:53] Robot online
[2026-03-12 08:47:54] Ver: 5
[2026-03-12 08:48:07] ADS value: 0.56
[2026-03-12 08:48:07] Robot online
[2026-03-12 08:48:08] Ver: 5
[2026-03-12 08:48:21] ADS value: 0.56
[2026-03-12 08:48:21] Robot online
[2026-03-12 08:48:22] Ver: 5
[2026-03-12 08:48:35] ADS value: 0.57
[2026-03-12 08:48:35] Robot online
[2026-03-12 08:48:36] Ver: 5
[2026-03-12 08:48:49] ADS value: 0.58
[2026-03-12 08:48:50] Robot online
[2026-03-12 08:48:50] Ver: 5
[2026-03-12 08:49:03] ADS value: 0.60
[2026-03-12 08:49:03] Robot online
[2026-03-12 08:49:04] Ver: 5
[2026-03-12 08:49:17] ADS value: 0.61
[2026-03-12 08:49:17] Robot online
[2026-03-12 08:49:18] Ver: 5
[2026-03-12 08:49:31] ADS value: 0.61
[2026-03-12 08:49:31] Robot online
[2026-03-12 08:49:32] Ver: 5
[2026-03-12 08:49:45] ADS value: 0.62
[2026-03-12 08:49:46] Robot online
[2026-03-12 08:49:47] Ver: 5
[2026-03-12 08:49:58] ADS value: 0.62
[2026-03-12 08:49:58] Robot online
[2026-03-12 08:49:59] Ver: 5
[2026-03-12 08:50:10] ADS value: 0.62
[2026-03-12 08:50:11] Robot online
[2026-03-12 08:50:11] Ver: 5
[2026-03-12 08:50:24] ADS value: 0.62
[2026-03-12 08:50:25] Robot online
[2026-03-12 08:50:25] Ver: 5
[2026-03-12 08:50:36] ADS value: 0.62
[2026-03-12 08:50:37] Robot online
[2026-03-12 08:50:37] Ver: 5
[2026-03-12 08:50:54] ADS value: 0.62
[2026-03-12 08:50:55] Robot online
[2026-03-12 08:50:55] Ver: 5
[2026-03-12 08:51:08] ADS value: 0.62
[2026-03-12 08:51:09] Robot online
[2026-03-12 08:51:10] Ver: 5
[2026-03-12 08:51:21] ADS value: 0.62
[2026-03-12 08:51:22] Robot online
[2026-03-12 08:51:22] Ver: 5
[2026-03-12 08:51:33] ADS value: 0.62
[2026-03-12 08:51:34] Robot online
[2026-03-12 08:51:35] Ver: 5
[2026-03-12 08:51:45] ADS value: 0.62
[2026-03-12 08:51:46] Robot online
[2026-03-12 08:51:47] Ver: 5
[2026-03-12 08:51:58] ADS value: 0.62
[2026-03-12 08:51:58] Robot online
[2026-03-12 08:51:59] Ver: 5
[2026-03-12 08:52:08] START command received: left
[2026-03-12 08:52:32] ADS value: 0.59
[2026-03-12 08:52:32] Robot online
[2026-03-12 08:52:33] Ver: 5
[2026-03-12 08:52:44] ADS value: 0.60
[2026-03-12 08:52:44] Robot online
[2026-03-12 08:52:45] Ver: 5
[2026-03-12 08:52:58] ADS value: 0.61
[2026-03-12 08:52:59] Robot online
[2026-03-12 08:52:59] Ver: 5
[2026-03-12 08:53:10] ADS value: 0.61
[2026-03-12 08:53:11] Robot online
[2026-03-12 08:53:12] Ver: 5
[2026-03-12 08:53:25] ADS value: 0.62
[2026-03-12 08:53:25] Robot online
[2026-03-12 08:53:26] Ver: 5
[2026-03-12 08:53:40] ADS value: 0.62
[2026-03-12 08:53:40] Robot online
[2026-03-12 08:53:41] Ver: 5
[2026-03-12 08:53:55] ADS value: 0.62
[2026-03-12 08:53:55] Robot online
[2026-03-12 08:53:56] Ver: 5
[2026-03-12 08:54:07] ADS value: 0.62
[2026-03-12 08:54:08] Robot online
[2026-03-12 08:54:09] Ver: 5
[2026-03-12 08:54:21] ADS value: 0.62
[2026-03-12 08:54:22] Robot online
[2026-03-12 08:54:22] Ver: 5
[2026-03-12 08:54:35] ADS value: 0.62
[2026-03-12 08:54:35] Robot online
[2026-03-12 08:54:36] Ver: 5
[2026-03-12 08:54:49] ADS value: 0.62
[2026-03-12 08:54:49] Robot online
[2026-03-12 08:54:50] Ver: 5
[2026-03-12 08:55:03] ADS value: 0.62
[2026-03-12 08:55:03] Robot online
[2026-03-12 08:55:04] Ver: 5
[2026-03-12 08:55:16] ADS value: 0.62
[2026-03-12 08:55:17] Robot online
[2026-03-12 08:55:17] Ver: 5
[2026-03-12 08:55:33] ADS value: 0.62
[2026-03-12 08:55:33] Robot online
[2026-03-12 08:55:34] Ver: 5
[2026-03-12 08:55:46] ADS value: 0.62
[2026-03-12 08:55:47] Robot online
[2026-03-12 08:55:48] Ver: 5
[2026-03-12 08:55:59] ADS value: 0.62
[2026-03-12 08:56:00] Robot online
[2026-03-12 08:56:00] Ver: 5
[2026-03-12 08:56:14] ADS value: 0.62
[2026-03-12 08:56:15] Robot online
[2026-03-12 08:56:15] Ver: 5
[2026-03-12 08:56:33] ADS value: 0.62
[2026-03-12 08:56:34] Robot online
[2026-03-12 08:56:34] Ver: 5
[2026-03-12 08:56:46] ADS value: 0.62
[2026-03-12 08:56:47] Robot online
[2026-03-12 08:56:47] Ver: 5
[2026-03-12 08:56:59] ADS value: 0.62
[2026-03-12 08:57:00] Robot online
[2026-03-12 08:57:01] Ver: 5
[2026-03-12 08:57:13] ADS value: 0.62
[2026-03-12 08:57:14] Robot online
[2026-03-12 08:57:14] Ver: 5
[2026-03-12 08:57:25] ADS value: 0.62
[2026-03-12 08:57:26] Robot online
[2026-03-12 08:57:27] Ver: 5
[2026-03-12 08:57:46] ADS value: 0.62
[2026-03-12 08:57:46] Robot online
[2026-03-12 08:57:47] Ver: 5
[2026-03-12 08:58:00] ADS value: 0.62
[2026-03-12 08:58:01] Robot online
[2026-03-12 08:58:02] Ver: 5
[2026-03-12 08:58:16] ADS value: 0.62
[2026-03-12 08:58:17] Robot online
[2026-03-12 08:58:17] Ver: 5
[2026-03-12 08:58:29] ADS value: 0.62
[2026-03-12 08:58:29] Robot online
[2026-03-12 08:58:30] Ver: 5
[2026-03-12 08:58:42] ADS value: 0.62
[2026-03-12 08:58:42] Robot online
[2026-03-12 08:58:43] Ver: 5
[2026-03-12 08:58:55] ADS value: 0.62
[2026-03-12 08:58:55] Robot online
[2026-03-12 08:58:56] Ver: 5
[2026-03-12 08:59:07] ADS value: 0.62
[2026-03-12 08:59:08] Robot online
[2026-03-12 08:59:09] Ver: 5
[2026-03-12 08:59:20] ADS value: 0.62
[2026-03-12 08:59:21] Robot online
[2026-03-12 08:59:22] Ver: 5
[2026-03-12 08:59:33] ADS value: 0.62
[2026-03-12 08:59:34] Robot online
[2026-03-12 08:59:34] Ver: 5
[2026-03-12 08:59:46] ADS value: 0.62
[2026-03-12 08:59:47] Robot online
[2026-03-12 08:59:47] Ver: 5
[2026-03-12 08:59:59] ADS value: 0.62
[2026-03-12 09:00:00] Robot online
[2026-03-12 09:00:00] Ver: 5
[2026-03-12 09:00:12] ADS value: 0.62
[2026-03-12 09:00:13] Robot online
[2026-03-12 09:00:13] Ver: 5
[2026-03-12 09:00:25] ADS value: 0.62
[2026-03-12 09:00:26] Robot online
[2026-03-12 09:00:27] Ver: 5
[2026-03-12 09:00:38] ADS value: 0.62
[2026-03-12 09:00:39] Robot online
[2026-03-12 09:00:40] Ver: 5
[2026-03-12 09:00:51] ADS value: 0.62
[2026-03-12 09:00:51] Robot online
[2026-03-12 09:00:52] Ver: 5
[2026-03-12 09:01:04] ADS value: 0.62
[2026-03-12 09:01:04] Robot online
[2026-03-12 09:01:05] Ver: 5
[2026-03-12 09:01:17] ADS value: 0.62
[2026-03-12 09:01:17] Robot online
[2026-03-12 09:01:18] Ver: 5
[2026-03-12 09:01:30] ADS value: 0.62
[2026-03-12 09:01:30] Robot online
[2026-03-12 09:01:31] Ver: 5
[2026-03-12 09:01:43] ADS value: 0.62
[2026-03-12 09:01:44] Robot online
[2026-03-12 09:01:44] Ver: 5
[2026-03-12 09:01:56] ADS value: 0.62
[2026-03-12 09:01:57] Robot online
[2026-03-12 09:01:58] Ver: 5
[2026-03-12 09:02:11] ADS value: 0.62
[2026-03-12 09:02:12] Robot online
[2026-03-12 09:02:12] Ver: 5
[2026-03-12 09:05:46] sion: 
[2026-03-12 09:11:00] sion: 
[2026-03-12 09:11:03] sion: 
[2026-03-12 09:11:06] sion: 
[2026-03-12 09:11:09] sion: 
[2026-03-12 09:11:12] sion: 
[2026-03-12 09:11:15] sion: 
[2026-03-12 09:12:12] sion: 
[2026-03-12 09:12:15] sion: 
[2026-03-12 09:12:18] sion: 
[2026-03-12 09:12:21] sion: 
[2026-03-12 09:12:24] sion: 
[2026-03-12 09:12:26] sion: 
[2026-03-12 09:12:29] sion: 
[2026-03-12 09:12:32] sion: 
[2026-03-12 09:12:35] sion: 
[2026-03-12 09:12:38] sion: 
[2026-03-12 09:12:39] ADS value: 0.62
[2026-03-12 09:12:40] Robot online
[2026-03-12 09:12:43] sion: 
[2026-03-12 09:12:46] sion: 
[2026-03-12 09:12:49] sion: 
[2026-03-12 09:12:52] sion: 
[2026-03-12 09:12:55] sion: 
[2026-03-12 09:12:58] sion: 
[2026-03-12 09:13:01] sion: 
[2026-03-12 09:13:04] sion: 
[2026-03-12 09:13:06] sion: 
[2026-03-12 09:13:09] sion: 
[2026-03-12 09:13:12] sion: 
[2026-03-12 09:13:13] ADS value: 0.62
[2026-03-12 09:13:13] Robot online
[2026-03-12 09:13:16] sion: 
[2026-03-12 09:13:19] sion: 
[2026-03-12 09:13:22] sion: 
[2026-03-12 09:13:25] sion: 
[2026-03-12 09:13:27] sion: 
[2026-03-12 09:13:30] sion: 
[2026-03-12 09:13:33] sion: 
[2026-03-12 09:13:36] sion: 
[2026-03-12 09:13:39] sion: 
[2026-03-12 09:13:42] sion: 
[2026-03-12 09:13:45] sion: 
[2026-03-12 09:13:46] ADS value: 0.62
[2026-03-12 09:13:46] Robot online
[2026-03-12 09:13:49] sion: 
[2026-03-12 09:13:55] sion: 
[2026-03-12 09:13:58] sion: 
[2026-03-12 09:14:01] sion: 
[2026-03-12 09:14:04] sion: 
[2026-03-12 09:14:06] sion: 
[2026-03-12 09:14:09] sion: 
[2026-03-12 09:14:12] sion: 
[2026-03-12 09:14:15] sion: 
[2026-03-12 09:14:18] sion: 
[2026-03-12 09:14:19] ADS value: 0.62
[2026-03-12 09:14:19] Robot online
[2026-03-12 09:14:22] sion: 
[2026-03-12 09:14:25] sion: 
[2026-03-12 09:14:28] sion: 
[2026-03-12 09:14:31] sion: 
[2026-03-12 09:14:34] sion: 
[2026-03-12 09:14:37] sion: 
[2026-03-12 09:14:40] sion: 
[2026-03-12 09:14:43] sion: 
[2026-03-12 09:14:46] sion: 
[2026-03-12 09:14:49] sion: 
[2026-03-12 09:14:52] sion: 
[2026-03-12 09:14:53] ADS value: 0.62
[2026-03-12 09:14:53] Robot online
[2026-03-12 09:14:56] sion: 
[2026-03-12 09:14:59] sion: 
[2026-03-12 09:15:02] sion: 
[2026-03-12 09:15:05] sion: 
[2026-03-12 09:15:08] sion: 
[2026-03-12 09:15:11] sion: 
[2026-03-12 09:15:13] sion: 
[2026-03-12 09:15:16] sion: 
[2026-03-12 09:15:19] sion: 
[2026-03-12 09:15:22] sion: 
[2026-03-12 09:15:25] sion: 
[2026-03-12 09:15:26] ADS value: 0.62
[2026-03-12 09:15:26] Robot online
[2026-03-12 09:15:29] sion: 
[2026-03-12 09:15:32] sion: 
[2026-03-12 09:15:35] sion: 
[2026-03-12 09:15:37] sion: 
[2026-03-12 09:15:40] sion: 
[2026-03-12 09:15:43] sion: 
[2026-03-12 09:15:46] sion: 
[2026-03-12 09:15:49] sion: 
[2026-03-12 09:15:52] sion: 
[2026-03-12 09:15:55] sion: 
[2026-03-12 09:15:58] sion: 
[2026-03-12 09:15:59] ADS value: 0.62
[2026-03-12 09:16:00] Robot online
[2026-03-12 09:16:03] sion: 
[2026-03-12 09:16:05] sion: 
[2026-03-12 09:16:08] sion: 
[2026-03-12 09:16:11] sion: 
[2026-03-12 09:16:14] sion: 
[2026-03-12 09:16:17] sion: 
[2026-03-12 09:16:20] sion: 
[2026-03-12 09:16:23] sion: 
[2026-03-12 09:16:25] sion: 
[2026-03-12 09:16:28] sion: 
[2026-03-12 09:16:31] sion: 
[2026-03-12 09:16:32] ADS value: 0.62
[2026-03-12 09:16:32] Robot online
[2026-03-12 09:16:35] sion: 
[2026-03-12 09:16:38] sion: 
[2026-03-12 09:16:41] sion: 
[2026-03-12 09:16:44] sion: 
[2026-03-12 09:16:47] sion: 
[2026-03-12 09:16:50] sion: 
[2026-03-12 09:16:53] sion: 
[2026-03-12 09:16:55] sion: 
[2026-03-12 09:16:58] sion: 
[2026-03-12 09:17:01] sion: 
[2026-03-12 09:17:04] sion: 
[2026-03-12 09:17:05] ADS value: 0.62
[2026-03-12 09:17:05] Robot online
[2026-03-12 09:17:08] sion: 
[2026-03-12 09:17:11] sion: 
[2026-03-12 09:17:14] sion: 
[2026-03-12 09:17:17] sion: 
[2026-03-12 09:17:20] sion: 
[2026-03-12 09:17:23] sion: 
[2026-03-12 09:17:25] sion: 
[2026-03-12 09:17:29] sion: 
[2026-03-12 09:17:31] sion: 
[2026-03-12 09:17:34] sion: 
[2026-03-12 09:17:37] sion: 
[2026-03-12 09:17:38] ADS value: 0.62
[2026-03-12 09:17:39] Robot online
[2026-03-12 09:17:41] sion: 
[2026-03-12 09:17:44] sion: 
[2026-03-12 09:17:47] sion: 
[2026-03-12 09:17:50] sion: 
[2026-03-12 09:17:53] sion: 
[2026-03-12 09:17:56] sion: 
[2026-03-12 09:17:59] sion: 
[2026-03-12 09:18:02] sion: 
[2026-03-12 09:18:04] sion: 
[2026-03-12 09:18:07] sion: 
[2026-03-12 09:18:10] sion: 
[2026-03-12 09:18:12] ADS value: 0.62
[2026-03-12 09:18:12] Robot online
[2026-03-12 09:18:15] sion: 
[2026-03-12 09:18:18] sion: 
[2026-03-12 09:18:21] sion: 
[2026-03-12 09:18:24] sion: 
[2026-03-12 09:18:27] sion: 
[2026-03-12 09:18:30] sion: 
[2026-03-12 09:18:32] sion: 
[2026-03-12 09:18:35] sion: 
[2026-03-12 09:18:38] sion: 
[2026-03-12 09:18:41] sion: 
[2026-03-12 09:18:44] sion: 
[2026-03-12 09:18:45] ADS value: 0.62
[2026-03-12 09:18:45] Robot online
[2026-03-12 09:18:48] sion: 
[2026-03-12 09:18:51] sion: 
[2026-03-12 09:18:53] sion: 
[2026-03-12 09:18:56] sion: 
[2026-03-12 09:18:59] sion: 
[2026-03-12 09:19:02] sion: 
[2026-03-12 09:19:05] sion: 
[2026-03-12 09:19:08] sion: 
[2026-03-12 09:19:11] sion: 
[2026-03-12 09:19:14] sion: 
[2026-03-12 09:19:17] sion: 
[2026-03-12 09:19:17] ADS value: 0.62
[2026-03-12 09:19:18] Robot online
[2026-03-12 09:19:21] sion: 
[2026-03-12 09:19:24] sion: 
[2026-03-12 09:19:27] sion: 
[2026-03-12 09:19:30] sion: 
[2026-03-12 09:19:33] sion: 
[2026-03-12 09:19:35] sion: 
[2026-03-12 09:19:38] sion: 
[2026-03-12 09:19:41] sion: 
[2026-03-12 09:19:44] sion: 
[2026-03-12 09:19:47] sion: 
[2026-03-12 09:19:50] sion: 
[2026-03-12 09:19:50] ADS value: 0.62
[2026-03-12 09:19:51] Robot online
[2026-03-12 09:19:54] sion: 
[2026-03-12 09:19:57] sion: 
[2026-03-12 09:19:59] sion: 
[2026-03-12 09:20:03] sion: 
[2026-03-12 09:20:06] sion: 
[2026-03-12 09:20:09] sion: 
[2026-03-12 09:20:11] sion: 
[2026-03-12 09:20:14] sion: 
[2026-03-12 09:20:17] sion: 
[2026-03-12 09:20:20] sion: 
[2026-03-12 09:20:23] sion: 
[2026-03-12 09:20:24] ADS value: 0.62
[2026-03-12 09:20:24] Robot online
[2026-03-12 09:20:27] sion: 
[2026-03-12 09:20:30] sion: 
[2026-03-12 09:20:33] sion: 
[2026-03-12 09:20:36] sion: 
[2026-03-12 09:20:39] sion: 
[2026-03-12 09:20:41] sion: 
[2026-03-12 09:20:44] sion: 
[2026-03-12 09:20:47] sion: 
[2026-03-12 09:20:50] sion: 
[2026-03-12 09:20:53] sion: 
[2026-03-12 09:20:55] sion: 
[2026-03-12 09:20:56] ADS value: 0.62
[2026-03-12 09:20:57] Robot online
[2026-03-12 09:21:00] sion: 
[2026-03-12 09:21:03] sion: 
[2026-03-12 09:21:06] sion: 
[2026-03-12 09:21:09] sion: 
[2026-03-12 09:21:12] sion: 
[2026-03-12 09:21:14] sion: 
[2026-03-12 09:21:17] sion: 
[2026-03-12 09:21:20] sion: 
[2026-03-12 09:21:23] sion: 
[2026-03-12 09:21:25] sion: 
[2026-03-12 09:21:28] sion: 
[2026-03-12 09:21:29] ADS value: 0.62
[2026-03-12 09:21:29] Robot online
[2026-03-12 09:21:32] sion: 
[2026-03-12 09:21:35] sion: 
[2026-03-12 09:21:38] sion: 
[2026-03-12 09:21:41] sion: 
[2026-03-12 09:21:44] sion: 
[2026-03-12 09:21:47] sion: 
[2026-03-12 09:21:50] sion: 
[2026-03-12 09:21:52] sion: 
[2026-03-12 09:21:55] sion: 
[2026-03-12 09:21:58] sion: 
[2026-03-12 09:22:01] sion: 
[2026-03-12 09:22:01] ADS value: 0.62
[2026-03-12 09:22:02] Robot online
[2026-03-12 09:22:05] sion: 
[2026-03-12 09:22:08] sion: 
[2026-03-12 09:22:11] sion: 
[2026-03-12 09:22:14] sion: 
[2026-03-12 09:22:17] sion: 
[2026-03-12 09:22:19] sion: 
[2026-03-12 09:22:22] sion: 
[2026-03-12 09:22:25] sion: 
[2026-03-12 09:22:28] sion: 
[2026-03-12 09:22:30] sion: 
[2026-03-12 09:22:34] sion: 
[2026-03-12 09:22:34] ADS value: 0.62
[2026-03-12 09:22:35] Robot online
[2026-03-12 09:22:38] sion: 
[2026-03-12 09:22:41] sion: 
[2026-03-12 09:22:46] sion: 
[2026-03-12 09:22:47] sion: 
[2026-03-12 09:22:50] sion: 
[2026-03-12 09:22:53] sion: 
[2026-03-12 09:22:59] sion: 
[2026-03-12 09:23:02] sion: 
[2026-03-12 09:23:05] sion: 
[2026-03-12 09:23:07] sion: 
[2026-03-12 09:23:11] ADS value: 0.62
[2026-03-12 09:23:12] Robot online
[2026-03-12 09:23:15] sion: 
[2026-03-12 09:23:18] sion: 
[2026-03-12 09:23:22] sion: 
[2026-03-12 09:23:24] sion: 
[2026-03-12 09:23:27] sion: 
[2026-03-12 09:23:30] sion: 
[2026-03-12 09:23:33] sion: 
[2026-03-12 09:23:35] sion: 
[2026-03-12 09:23:38] sion: 
[2026-03-12 09:23:41] sion: 
[2026-03-12 09:23:44] sion: 
[2026-03-12 09:23:45] ADS value: 0.62
[2026-03-12 09:23:46] Robot online
[2026-03-12 09:23:49] sion: 
[2026-03-12 09:23:51] sion: 
[2026-03-12 09:23:54] sion: 
[2026-03-12 09:23:57] sion: 
[2026-03-12 09:24:00] sion: 
[2026-03-12 09:24:03] sion: 
[2026-03-12 09:24:06] sion: 
[2026-03-12 09:24:09] sion: 
[2026-03-12 09:24:12] sion: 
[2026-03-12 09:24:15] sion: 
[2026-03-12 09:24:17] sion: 
[2026-03-12 09:24:18] ADS value: 0.62
[2026-03-12 09:24:19] Robot online
[2026-03-12 09:24:22] sion: 
[2026-03-12 09:24:24] sion: 
[2026-03-12 09:24:27] sion: 
[2026-03-12 09:24:30] sion: 
[2026-03-12 09:24:32] sion: 
[2026-03-12 09:24:35] sion: 
[2026-03-12 09:24:38] sion: 
[2026-03-12 09:24:41] sion: 
[2026-03-12 09:24:44] sion: 
[2026-03-12 09:24:46] sion: 
[2026-03-12 09:24:49] sion: 
[2026-03-12 09:24:53] ADS value: 0.62
[2026-03-12 09:24:53] Robot online
[2026-03-12 09:24:59] sion: 
[2026-03-12 09:24:59] sion: 
[2026-03-12 09:25:02] sion: 
[2026-03-12 09:25:05] sion: 
[2026-03-12 09:25:07] sion: 
[2026-03-12 09:25:10] sion: 
[2026-03-12 09:25:14] sion: 
[2026-03-12 09:25:17] sion: 
[2026-03-12 09:25:19] sion: 
[2026-03-12 09:25:24] sion: 
[2026-03-12 09:25:24] ADS value: 0.62
[2026-03-12 09:25:25] Robot online
[2026-03-12 09:25:28] sion: 
[2026-03-12 09:25:31] sion: 
[2026-03-12 09:25:34] sion: 
[2026-03-12 09:25:37] sion: 
[2026-03-12 09:25:45] sion: 
[2026-03-12 09:25:52] sion: 
[2026-03-12 09:25:56] sion: 
[2026-03-12 09:25:57] ADS value: 0.62
[2026-03-12 09:25:57] Robot online
[2026-03-12 09:26:00] sion: 
[2026-03-12 09:26:04] sion: 
[2026-03-12 09:26:10] sion: 
[2026-03-12 09:26:13] sion: 
[2026-03-12 09:26:18] sion: 
[2026-03-12 09:26:22] sion: 
[2026-03-12 09:26:24] sion: 
[2026-03-12 09:26:27] sion: 
[2026-03-12 09:26:30] sion: 
[2026-03-12 09:26:31] ADS value: 0.62
[2026-03-12 09:26:31] Robot online
[2026-03-12 09:26:34] sion: 
[2026-03-12 09:26:37] sion: 
[2026-03-12 09:26:40] sion: 
[2026-03-12 09:26:43] sion: 
[2026-03-12 09:26:46] sion: 
[2026-03-12 09:26:48] sion: 
[2026-03-12 09:26:51] sion: 
[2026-03-12 09:27:02] sion: 
[2026-03-12 09:27:02] sion: 
[2026-03-12 09:27:02] sion: 
[2026-03-12 09:27:03] ADS value: 0.62
[2026-03-12 09:27:03] Robot online
[2026-03-12 09:27:06] sion: 
[2026-03-12 09:27:09] sion: 
[2026-03-12 09:27:12] sion: 
[2026-03-12 09:27:15] sion: 
[2026-03-12 09:27:17] sion: 
[2026-03-12 09:27:21] sion: 
[2026-03-12 09:27:23] sion: 
[2026-03-12 09:27:26] sion: 
[2026-03-12 09:27:29] sion: 
[2026-03-12 09:27:32] sion: 
[2026-03-12 09:27:35] sion: 
[2026-03-12 09:27:36] ADS value: 0.62
[2026-03-12 09:27:36] Robot online
[2026-03-12 09:27:39] sion: 
[2026-03-12 09:27:42] sion: 
[2026-03-12 09:27:45] sion: 
[2026-03-12 09:27:48] sion: 
[2026-03-12 09:27:51] sion: 
[2026-03-12 09:27:53] sion: 
[2026-03-12 09:27:56] sion: 
[2026-03-12 09:27:59] sion: 
[2026-03-12 09:28:02] sion: 
[2026-03-12 09:28:05] sion: 
[2026-03-12 09:28:08] sion: 
[2026-03-12 09:28:09] ADS value: 0.62
[2026-03-12 09:28:09] Robot online
[2026-03-12 09:28:12] sion: 
[2026-03-12 09:28:15] sion: 
[2026-03-12 09:28:18] sion: 
[2026-03-12 09:28:21] sion: 
[2026-03-12 09:28:24] sion: 
[2026-03-12 09:28:26] sion: 
[2026-03-12 09:28:29] sion: 
[2026-03-12 09:28:32] sion: 
[2026-03-12 09:28:35] sion: 
[2026-03-12 09:28:38] sion: 
[2026-03-12 09:28:41] sion: 
[2026-03-12 09:28:41] ADS value: 0.62
[2026-03-12 09:28:42] Robot online
[2026-03-12 09:28:45] sion: 
[2026-03-12 09:28:48] sion: 
[2026-03-12 09:28:51] sion: 
[2026-03-12 09:28:53] sion: 
[2026-03-12 09:28:56] sion: 
[2026-03-12 09:28:59] sion: 
[2026-03-12 09:29:02] sion: 
[2026-03-12 09:29:05] sion: 
[2026-03-12 09:29:08] sion: 
[2026-03-12 09:29:11] sion: 
[2026-03-12 09:29:14] sion: 
[2026-03-12 09:29:15] ADS value: 0.62
[2026-03-12 09:29:16] Robot online
[2026-03-12 09:29:19] sion: 
[2026-03-12 09:29:21] sion: 
[2026-03-12 09:29:24] sion: 
[2026-03-12 09:29:27] sion: 
[2026-03-12 09:29:30] sion: 
[2026-03-12 09:29:33] sion: 
[2026-03-12 09:29:35] sion: 
[2026-03-12 09:29:38] sion: 
[2026-03-12 09:29:41] sion: 
[2026-03-12 09:29:44] sion: 
[2026-03-12 09:29:47] sion: 
[2026-03-12 09:29:48] ADS value: 0.62
[2026-03-12 09:29:48] Robot online
[2026-03-12 09:29:51] sion: 
[2026-03-12 09:29:54] sion: 
[2026-03-12 09:29:56] sion: 
[2026-03-12 09:29:59] sion: 
[2026-03-12 09:30:02] sion: 
[2026-03-12 09:30:05] sion: 
[2026-03-12 09:30:07] sion: 
[2026-03-12 09:30:10] sion: 
[2026-03-12 09:30:13] sion: 
[2026-03-12 09:30:16] sion: 
[2026-03-12 09:30:18] sion: 
[2026-03-12 09:30:19] ADS value: 0.62
[2026-03-12 09:30:20] Robot online
[2026-03-12 09:30:23] sion: 
[2026-03-12 09:30:25] sion: 
[2026-03-12 09:30:28] sion: 
[2026-03-12 09:30:31] sion: 
[2026-03-12 09:30:33] sion: 
[2026-03-12 09:30:36] sion: 
[2026-03-12 09:30:39] sion: 
[2026-03-12 09:30:41] sion: 
[2026-03-12 09:30:45] sion: 
[2026-03-12 09:30:48] sion: 
[2026-03-12 09:30:50] sion: 
[2026-03-12 09:30:51] ADS value: 0.62
[2026-03-12 09:30:52] Robot online
[2026-03-12 09:30:55] sion: 
[2026-03-12 09:30:58] sion: 
[2026-03-12 09:31:00] sion: 
[2026-03-12 09:31:03] sion: 
[2026-03-12 09:31:06] sion: 
[2026-03-12 09:31:09] sion: 
[2026-03-12 09:31:12] sion: 
[2026-03-12 09:31:15] sion: 
[2026-03-12 09:31:18] sion: 
[2026-03-12 09:31:21] sion: 
[2026-03-12 09:31:23] sion: 
[2026-03-12 09:31:24] ADS value: 0.62
[2026-03-12 09:31:25] Robot online
[2026-03-12 09:31:28] sion: 
[2026-03-12 09:31:31] sion: 
[2026-03-12 09:31:33] sion: 
[2026-03-12 09:31:36] sion: 
[2026-03-12 09:31:39] sion: 
[2026-03-12 09:31:42] sion: 
[2026-03-12 09:31:45] sion: 
[2026-03-12 09:31:48] sion: 
[2026-03-12 09:31:50] sion: 
[2026-03-12 09:31:53] sion: 
[2026-03-12 09:31:56] sion: 
[2026-03-12 09:31:57] ADS value: 0.62
[2026-03-12 09:31:58] Robot online
[2026-03-12 09:32:01] sion: 
[2026-03-12 09:32:04] sion: 
[2026-03-12 09:32:07] sion: 
[2026-03-12 09:32:09] sion: 
[2026-03-12 09:32:12] sion: 
[2026-03-12 09:32:15] sion: 
[2026-03-12 09:32:17] sion: 
[2026-03-12 09:32:21] sion: 
[2026-03-12 09:32:24] sion: 
[2026-03-12 09:32:27] sion: 
[2026-03-12 09:32:30] sion: 
[2026-03-12 09:32:30] ADS value: 0.62
[2026-03-12 09:32:31] Robot online
[2026-03-12 09:32:34] sion: 
[2026-03-12 09:32:37] sion: 
[2026-03-12 09:32:40] sion: 
[2026-03-12 09:32:42] sion: 
[2026-03-12 09:32:45] sion: 
[2026-03-12 09:32:48] sion: 
[2026-03-12 09:32:51] sion: 
[2026-03-12 09:32:54] sion: 
[2026-03-12 09:32:57] sion: 
[2026-03-12 09:33:03] sion: 
[2026-03-12 09:33:04] ADS value: 0.62
[2026-03-12 09:33:04] Robot online
[2026-03-12 09:33:07] sion: 
[2026-03-12 09:33:10] sion: 
[2026-03-12 09:33:13] sion: 
[2026-03-12 09:33:16] sion: 
[2026-03-12 09:33:19] sion: 
[2026-03-12 09:33:22] sion: 
[2026-03-12 09:33:25] sion: 
[2026-03-12 09:33:27] sion: 
[2026-03-12 09:33:30] sion: 
[2026-03-12 09:33:33] sion: 
[2026-03-12 09:33:35] sion: 
[2026-03-12 09:33:36] ADS value: 0.62
[2026-03-12 09:33:37] Robot online
[2026-03-12 09:33:40] sion: 
[2026-03-12 09:33:42] sion: 
[2026-03-12 09:33:45] sion: 
[2026-03-12 09:33:48] sion: 
[2026-03-12 09:33:51] sion: 
[2026-03-12 09:33:54] sion: 
[2026-03-12 09:33:57] sion: 
[2026-03-12 09:34:00] sion: 
[2026-03-12 09:34:03] sion: 
[2026-03-12 09:34:06] sion: 
[2026-03-12 09:34:09] sion: 
[2026-03-12 09:34:10] ADS value: 0.62
[2026-03-12 09:34:10] Robot online
[2026-03-12 09:34:13] sion: 
[2026-03-12 09:34:16] sion: 
[2026-03-12 09:34:19] sion: 
[2026-03-12 09:34:22] sion: 
[2026-03-12 09:34:25] sion: 
[2026-03-12 09:34:27] sion: 
[2026-03-12 09:34:30] sion: 
[2026-03-12 09:34:33] sion: 
[2026-03-12 09:34:36] sion: 
[2026-03-12 09:34:39] sion: 
[2026-03-12 09:34:42] sion: 
[2026-03-12 09:34:43] ADS value: 0.62
[2026-03-12 09:34:43] Robot online
[2026-03-12 09:34:46] sion: 
[2026-03-12 09:34:49] sion: 
[2026-03-12 09:34:52] sion: 
[2026-03-12 09:34:55] sion: 
[2026-03-12 09:34:58] sion: 
[2026-03-12 09:37:43] sion: 
[2026-03-12 09:37:46] sion: 
[2026-03-12 09:37:48] sion: 
[2026-03-12 09:37:51] sion: 
[2026-03-12 09:37:54] sion: 
[2026-03-12 09:37:57] sion: 
[2026-03-12 09:38:00] sion: 
[2026-03-12 09:38:03] sion: 
[2026-03-12 09:38:06] sion: 
[2026-03-12 09:38:09] sion: 
[2026-03-12 09:38:10] ADS value: 0.44
[2026-03-12 09:38:11] Robot online
[2026-03-12 09:38:13] sion: 
[2026-03-12 09:38:16] sion: 
[2026-03-12 09:38:19] sion: 
[2026-03-12 09:39:14] START command received: right
[2026-03-12 09:54:47] ADS value: 0.62
[2026-03-12 09:54:47] Robot online
[2026-03-12 09:54:48] Ver: 5
[2026-03-12 09:55:01] ADS value: 0.62
[2026-03-12 09:55:02] Robot online
[2026-03-12 09:55:02] Ver: 5
[2026-03-12 10:35:54] ADS value: 0.63
[2026-03-12 10:35:54] Robot online
[2026-03-12 10:35:55] Ver: 5
[2026-03-12 10:36:06] ADS value: 0.63
[2026-03-12 10:36:07] Robot online
[2026-03-12 10:36:07] Ver: 5
[2026-03-12 10:36:21] ADS value: 0.63
[2026-03-12 10:36:22] Robot online
[2026-03-12 10:36:22] Ver: 5
[2026-03-12 10:36:36] ADS value: 0.63
[2026-03-12 10:36:36] Robot online
[2026-03-12 10:36:37] Ver: 5
[2026-03-12 10:36:48] ADS value: 0.63
[2026-03-12 10:36:49] Robot online
[2026-03-12 10:36:49] Ver: 5
[2026-03-12 10:36:58] START command received: left
[2026-03-12 10:43:58] ADS value: 0.56
[2026-03-12 10:43:59] Robot online
[2026-03-12 10:43:59] Ver: 5
[2026-03-12 10:44:11] ADS value: 0.57
[2026-03-12 10:44:11] Robot online
[2026-03-12 10:44:12] Ver: 5
[2026-03-12 10:44:15] START command received: right
[2026-03-12 10:49:05] ADS value: 0.57
[2026-03-12 10:49:06] Robot online
[2026-03-12 10:49:07] Ver: 5
[2026-03-12 10:49:18] ADS value: 0.57
[2026-03-12 10:49:18] Robot online
[2026-03-12 10:49:19] Ver: 5
[2026-03-12 10:49:30] ADS value: 0.59
[2026-03-12 10:49:31] Robot online
[2026-03-12 10:49:31] Ver: 5
[2026-03-12 10:49:45] ADS value: 0.61
[2026-03-12 10:49:46] Robot online
[2026-03-12 10:49:47] Ver: 5
[2026-03-12 10:50:00] ADS value: 0.62
[2026-03-12 10:50:01] Robot online
[2026-03-12 10:50:02] Ver: 5
[2026-03-12 10:50:13] ADS value: 0.62
[2026-03-12 10:50:14] Robot online
[2026-03-12 10:50:15] Ver: 5
[2026-03-12 10:50:26] ADS value: 0.62
[2026-03-12 10:50:27] Robot online
[2026-03-12 10:50:27] Ver: 5
[2026-03-12 12:17:30] ADS value: 0.62
[2026-03-12 12:17:31] Robot online
[2026-03-12 12:17:31] Ver: 5
[2026-03-12 12:17:44] ADS value: 0.62
[2026-03-12 12:17:45] Robot online
[2026-03-12 12:17:45] Ver: 5
[2026-03-12 12:17:59] ADS value: 0.62
[2026-03-12 12:18:00] Robot online
[2026-03-12 12:18:00] Ver: 5
[2026-03-12 12:18:09] START command received: right
[2026-03-12 12:19:51] ADS value: 0.59
[2026-03-12 12:19:51] Robot online
[2026-03-12 12:19:52] Ver: 5
[2026-03-12 12:20:05] ADS value: 0.61
[2026-03-12 12:20:06] Robot online
[2026-03-12 12:20:07] Ver: 5
[2026-03-12 12:20:20] ADS value: 0.61
[2026-03-12 12:20:21] Robot online
[2026-03-12 12:20:22] Ver: 5
[2026-03-12 12:20:34] ADS value: 0.62
[2026-03-12 12:20:35] Robot online
[2026-03-12 12:20:35] Ver: 5
[2026-03-12 12:20:48] ADS value: 0.62
[2026-03-12 12:20:49] Robot online
[2026-03-12 12:20:50] Ver: 5
[2026-03-12 12:21:01] ADS value: 0.62
[2026-03-12 12:21:02] Robot online
[2026-03-12 12:21:03] Ver: 5
[2026-03-12 12:21:21] ADS value: 0.62
[2026-03-12 12:21:21] Robot online
[2026-03-12 12:21:21] Ver: 5
[2026-03-12 12:21:35] ADS value: 0.62
[2026-03-12 12:21:35] Robot online
[2026-03-12 12:21:36] Ver: 5
[2026-03-12 12:21:47] ADS value: 0.62
[2026-03-12 12:21:47] Robot online
[2026-03-12 12:21:48] Ver: 5
[2026-03-12 12:22:01] ADS value: 0.62
[2026-03-12 12:22:02] Robot online
[2026-03-12 12:22:03] Ver: 5
[2026-03-12 12:22:16] ADS value: 0.62
[2026-03-12 12:22:17] Robot online
[2026-03-12 12:22:18] Ver: 5
[2026-03-12 12:22:32] ADS value: 0.62
[2026-03-12 12:22:32] Robot online
[2026-03-12 12:22:33] Ver: 5
[2026-03-12 12:22:46] ADS value: 0.62
[2026-03-12 12:22:47] Robot online
[2026-03-12 12:22:47] Ver: 5
[2026-03-12 12:22:52] START command received: right
[2026-03-12 12:35:24] ADS value: 0.56
[2026-03-12 12:35:25] Robot online
[2026-03-12 12:35:26] Ver: 5
[2026-03-12 12:35:37] ADS value: 0.56
[2026-03-12 12:35:38] Robot online
[2026-03-12 12:35:38] Ver: 5
[2026-03-12 12:35:51] ADS value: 0.57
[2026-03-12 12:35:51] Robot online
[2026-03-12 12:35:56] Ver: 5
[2026-03-12 12:36:06] ADS value: 0.57
[2026-03-12 12:36:07] Robot online
[2026-03-12 12:36:07] Ver: 5
[2026-03-12 12:36:21] ADS value: 0.57
[2026-03-12 12:36:22] Robot online
[2026-03-12 12:36:23] Ver: 5
[2026-03-12 12:36:34] ADS value: 0.59
[2026-03-12 12:36:35] Robot online
[2026-03-12 12:36:35] Ver: 5
[2026-03-12 12:36:48] ADS value: 0.60
[2026-03-12 12:36:57] Ver: 5
[2026-03-12 12:37:11] ADS value: 0.61
[2026-03-12 12:37:11] Robot online
[2026-03-12 12:37:12] Ver: 5
[2026-03-12 12:37:25] ADS value: 0.62
[2026-03-12 12:37:25] Robot online
[2026-03-12 12:37:26] Ver: 5
[2026-07-29 14:13:47] state:idle battery:12.4 ver:v412
