[2026-03-22 17:09:20] ADS value: 0.00
[2026-03-22 17:09:20] Ver: 1
[2026-03-22 17:17:52] Ver: 1
[2026-03-22 17:20:13] ADS value: 0.00
[2026-03-22 17:20:15] Ver: 1
[2026-03-22 17:21:16] ADS value: 0.00
[2026-03-22 17:21:16] Ver: 1
[2026-03-22 17:23:27] [SIM4G] CMD: AT+CGATT?
[2026-03-22 17:23:28] [SIM4G] RSP: AT+CGATT? | +CGATT: 1 | OK |
[2026-03-22 17:23:35] [SIM4G] CMD: AT+CGPADDR=1
[2026-03-22 17:23:36] [SIM4G] RSP: AT+CGPADDR=1 | +CGPADDR: 1,'10.44.15.51' | OK |
[2026-03-22 17:23:43] [SIM4G] CMD: AT+CSQ
[2026-03-22 17:23:44] [SIM4G] RSP: AT+CSQ | +CSQ: 15,99 | OK |
[2026-03-22 17:23:50] [SIM4G] CMD: AT+CEREG?
[2026-03-22 17:23:51] ADS value: 0.00
[2026-03-22 17:23:51] Ver: 1
[2026-03-22 17:23:58] [SIM4G] CMD: AT+CGREG?
[2026-03-22 17:24:03] [SIM4G] RSP: AT+CGREG? | +CGREG: 0,5 | OK |
[2026-03-22 17:24:06] [SIM4G] CMD: AT+CGATT?
[2026-03-22 17:24:07] [SIM4G] RSP: AT+CGATT? | +CGATT: 1 | OK |
[2026-03-22 17:24:15] [SIM4G] CMD: AT+CGPADDR=1
[2026-03-22 17:24:16] [SIM4G] RSP: AT+CGPADDR=1 | +CGPADDR: 1,'10.44.15.51' | OK |
[2026-03-22 17:24:22] [SIM4G] CMD: AT+CSQ
[2026-03-22 17:24:24] [SIM4G] RSP: AT+CSQ | +CSQ: 15,99 | OK |
[2026-03-22 17:24:31] [SIM4G] CMD: AT+CEREG?
[2026-03-22 17:24:35] [SIM4G] RSP: AT+CEREG? | +CEREG: 0,5 | OK |
[2026-03-22 17:24:39] [SIM4G] CMD: AT+CGREG?
[2026-03-22 17:24:40] [SIM4G] RSP: AT+CGREG? | +CGREG: 0,5 | OK |
[2026-03-22 17:24:46] [SIM4G] CMD: AT+CGATT?
[2026-03-22 17:25:25] ADS value: 0.00
[2026-03-22 17:25:25] [SIM4G] CMD: AT+CSQ
[2026-03-22 17:25:25] [SIM4G] RSP: AT+CSQ | +CSQ: 15,99 | OK |
[2026-03-22 17:25:25] [SIM4G] CMD: AT+CEREG?
[2026-03-22 17:25:25] [SIM4G] CMD: AT+CGREG?
[2026-03-22 17:25:25] [SIM4G] RSP: AT+CGREG? | +CGREG: 0,5 | OK |
[2026-03-22 17:25:32] [SIM4G] CMD: AT+CGATT?
[2026-03-22 17:25:33] [SIM4G] RSP: AT+CGATT? | +CGATT: 1 | OK |
[2026-03-22 17:25:39] [SIM4G] CMD: AT+CGPADDR=1
[2026-03-22 17:25:40] [SIM4G] RSP: AT+CGPADDR=1 | +CGPADDR: 1,'10.44.15.51' | OK |
[2026-03-22 17:25:48] [SIM4G] CMD: AT+CSQ
[2026-03-22 17:25:49] [SIM4G] RSP: AT+CSQ | +CSQ: 15,99 | OK |
[2026-03-22 17:25:55] [SIM4G] CMD: AT+CEREG?
[2026-03-22 17:25:55] ADS value: 0.00
[2026-03-22 17:25:56] Ver: 1
[2026-03-22 17:26:03] [SIM4G] CMD: AT+CGREG?
[2026-03-22 17:26:04] [SIM4G] RSP: AT+CGREG? | +CGREG: 0,5 | OK |
[2026-03-22 17:26:12] [SIM4G] CMD: AT+CGATT?
[2026-03-22 17:26:13] [SIM4G] RSP: AT+CGATT? | +CGATT: 1 | OK |
[2026-03-22 17:26:21] [SIM4G] CMD: AT+CGPADDR=1
[2026-03-22 17:26:22] [SIM4G] RSP: AT+CGPADDR=1 | +CGPADDR: 1,'10.44.15.51' | OK |
[2026-03-22 17:26:29] [SIM4G] CMD: AT+CSQ
[2026-03-22 17:26:30] [SIM4G] RSP: AT+CSQ | +CSQ: 15,99 | OK |
[2026-03-22 17:26:36] [SIM4G] CMD: AT+CEREG?
[2026-03-22 17:26:37] [SIM4G] RSP: AT+CEREG? | +CEREG: 0,5 | OK |
[2026-03-22 17:26:44] [SIM4G] CMD: AT+CGREG?
[2026-03-22 17:26:45] [SIM4G] RSP: AT+CGREG? | +CGREG: 0,5 | OK |
[2026-03-22 17:26:51] [SIM4G] CMD: AT+CGATT?
[2026-03-22 17:26:52] [SIM4G] RSP: AT+CGATT? | +CGATT: 1 | OK |
[2026-03-22 17:26:56] ADS value: 0.00
[2026-03-22 17:26:57] Ver: 1
[2026-03-22 17:27:06] [SIM4G] CMD: AT+CSQ
[2026-03-22 17:27:07] [SIM4G] RSP: AT+CSQ | +CSQ: 15,99 | OK |
[2026-03-22 17:27:14] [SIM4G] CMD: AT+CEREG?
[2026-03-22 17:27:15] [SIM4G] RSP: AT+CEREG? | +CEREG: 0,5 | OK |
[2026-03-22 17:27:21] [SIM4G] CMD: AT+CGREG?
[2026-03-22 17:27:22] [SIM4G] RSP: AT+CGREG? | +CGREG: 0,5 | OK |
[2026-03-22 17:27:29] [SIM4G] CMD: AT+CGATT?
[2026-03-22 17:27:30] [SIM4G] RSP: AT+CGATT? | +CGATT: 1 | OK |
[2026-03-22 17:27:40] [SIM4G] CMD: AT+CGPADDR=1
[2026-03-22 17:27:40] [SIM4G] RSP: AT+CGPADDR=1 | +CGPADDR: 1,'10.44.15.51' | OK |
[2026-03-22 17:27:45] [SIM4G] CMD: AT+CSQ
[2026-03-22 17:27:46] [SIM4G] RSP: AT+CSQ | +CSQ: 15,99 | OK |
[2026-03-22 17:27:52] [SIM4G] CMD: AT+CEREG?
[2026-03-22 17:27:53] [SIM4G] RSP: AT+CEREG? | +CEREG: 0,5 | OK |
[2026-03-22 17:27:58] ADS value: 0.00
[2026-03-22 17:27:58] Ver: 1
[2026-03-22 17:28:07] [SIM4G] CMD: AT+CGATT?
[2026-03-22 17:28:08] [SIM4G] RSP: AT+CGATT? | +CGATT: 1 | OK |
[2026-03-22 17:28:16] [SIM4G] CMD: AT+CGPADDR=1
[2026-03-22 17:28:17] [SIM4G] RSP: AT+CGPADDR=1 | +CGPADDR: 1,'10.44.15.51' | OK |
[2026-03-22 17:28:23] [SIM4G] CMD: AT+CSQ
[2026-03-22 17:28:28] [SIM4G] RSP: AT+CSQ | +CSQ: 15,99 | OK |
[2026-03-22 17:28:32] [SIM4G] CMD: AT+CEREG?
[2026-03-22 17:28:37] [SIM4G] RSP: AT+CEREG? | +CEREG: 0,5 | OK |
[2026-03-22 17:28:44] [SIM4G] CMD: AT+CGREG?
[2026-03-22 17:28:44] [SIM4G] RSP: AT+CGREG? | +CGREG: 0,5 | OK |
[2026-03-22 17:28:49] [SIM4G] CMD: AT+CGATT?
[2026-03-22 17:28:50] [SIM4G] RSP: AT+CGATT? | +CGATT: 1 | OK |
[2026-03-22 17:28:57] [SIM4G] CMD: AT+CGPADDR=1
[2026-03-22 17:28:58] [SIM4G] RSP: AT+CGPADDR=1 | +CGPADDR: 1,'10.44.15.51' | OK |
[2026-03-22 17:28:59] ADS value: 0.00
[2026-03-22 17:28:59] Ver: 1
[2026-03-22 17:29:16] [SIM4G] RSP: AT+CSQ | +CSQ: 15,99 | OK |
[2026-03-22 17:29:18] [SIM4G] CMD: AT+CEREG?
[2026-03-22 17:29:19] [SIM4G] RSP: AT+CEREG? | +CEREG: 0,5 | OK |
[2026-03-22 17:29:25] [SIM4G] CMD: AT+CGREG?
[2026-03-22 17:29:27] [SIM4G] RSP: AT+CGREG? | +CGREG: 0,5 | OK |
[2026-03-22 17:29:33] [SIM4G] CMD: AT+CGATT?
[2026-03-22 17:29:34] [SIM4G] RSP: AT+CGATT? | +CGATT: 1 | OK |
[2026-03-22 17:29:42] [SIM4G] CMD: AT+CGPADDR=1
[2026-03-22 17:29:46] [SIM4G] RSP: AT+CGPADDR=1 | +CGPADDR: 1,'10.44.15.51' | OK |
[2026-03-22 17:29:49] [SIM4G] CMD: AT+CSQ
[2026-03-22 17:29:50] [SIM4G] RSP: AT+CSQ | +CSQ: 15,99 | OK |
[2026-03-22 17:29:57] [SIM4G] CMD: AT+CEREG?
[2026-03-22 17:29:58] [SIM4G] RSP: AT+CEREG? | +CEREG: 0,5 | OK |
[2026-03-22 17:30:00] ADS value: 0.00
[2026-03-22 17:30:00] Ver: 1
[2026-03-22 17:30:12] [SIM4G] CMD: AT+CGATT?
[2026-03-22 17:30:13] [SIM4G] RSP: AT+CGATT? | +CGATT: 1 | OK |
[2026-03-22 17:30:19] [SIM4G] CMD: AT+CGPADDR=1
[2026-03-22 17:30:20] [SIM4G] RSP: AT+CGPADDR=1 | +CGPADDR: 1,'10.44.15.51' | OK |
[2026-03-22 17:30:27] [SIM4G] CMD: AT+CSQ
[2026-03-22 17:30:28] [SIM4G] RSP: AT+CSQ | +CSQ: 15,99 | OK |
[2026-03-22 17:30:35] [SIM4G] CMD: AT+CEREG?
[2026-03-22 17:30:36] [SIM4G] RSP: AT+CEREG? | +CEREG: 0,5 | OK |
[2026-03-22 17:30:42] [SIM4G] CMD: AT+CGREG?
[2026-03-22 17:30:43] [SIM4G] RSP: AT+CGREG? | +CGREG: 0,5 | OK |
[2026-03-22 17:30:50] [SIM4G] CMD: AT+CGATT?
[2026-03-22 17:30:51] [SIM4G] RSP: AT+CGATT? | +CGATT: 1 | OK |
[2026-03-22 17:30:58] [SIM4G] CMD: AT+CGPADDR=1
[2026-03-22 17:30:59] [SIM4G] RSP: AT+CGPADDR=1 | +CGPADDR: 1,'10.44.15.51' | OK |
[2026-03-22 17:31:01] ADS value: 0.00
[2026-03-22 17:31:01] Ver: 1
[2026-03-22 17:31:05] [SIM4G] CMD: AT+CSQ
[2026-03-22 17:31:06] [SIM4G] RSP: AT+CSQ | +CSQ: 15,99 | OK |
[2026-03-22 17:31:12] [SIM4G] CMD: AT+CEREG?
[2026-03-22 17:31:14] [SIM4G] RSP: AT+CEREG? | +CEREG: 0,5 | OK |
[2026-03-22 17:31:20] [SIM4G] CMD: AT+CGREG?
[2026-03-22 17:31:21] [SIM4G] RSP: AT+CGREG? | +CGREG: 0,5 | OK |
[2026-03-22 17:31:28] [SIM4G] CMD: AT+CGATT?
[2026-03-22 17:31:29] [SIM4G] RSP: AT+CGATT? | +CGATT: 1 | OK |
[2026-03-22 17:31:36] [SIM4G] CMD: AT+CGPADDR=1
[2026-03-22 17:31:37] [SIM4G] RSP: AT+CGPADDR=1 | +CGPADDR: 1,'10.44.15.51' | OK |
[2026-03-22 17:31:43] [SIM4G] CMD: AT+CSQ
[2026-03-22 17:31:44] [SIM4G] RSP: AT+CSQ | +CSQ: 15,99 | OK |
[2026-03-22 17:31:51] [SIM4G] CMD: AT+CEREG?
[2026-03-22 17:31:52] [SIM4G] RSP: AT+CEREG? | +CEREG: 0,5 | OK |
[2026-03-22 17:31:58] [SIM4G] CMD: AT+CGREG?
[2026-03-22 17:31:59] [SIM4G] RSP: AT+CGREG? | +CGREG: 0,5 | OK |
[2026-03-22 17:32:02] ADS value: 0.00
[2026-03-22 17:32:02] Ver: 1
[2026-03-22 17:32:06] [SIM4G] CMD: AT+CGATT?
[2026-03-22 17:32:07] [SIM4G] RSP: AT+CGATT? | +CGATT: 1 | OK |
[2026-03-22 17:32:15] [SIM4G] CMD: AT+CGPADDR=1
[2026-03-22 17:32:16] [SIM4G] RSP: AT+CGPADDR=1 | +CGPADDR: 1,'10.44.15.51' | OK |
[2026-03-22 17:32:25] [SIM4G] CMD: AT+CSQ
[2026-03-22 17:32:27] [SIM4G] RSP: AT+CSQ | +CSQ: 15,99 | OK |
[2026-03-22 17:32:36] [SIM4G] CMD: AT+CEREG?
[2026-03-22 17:32:42] [SIM4G] RSP: AT+CEREG? | +CEREG: 0,5 | OK |
[2026-03-22 17:32:44] [SIM4G] CMD: AT+CGREG?
[2026-03-22 17:32:45] [SIM4G] RSP: AT+CGREG? | +CGREG: 0,5 | OK |
[2026-03-22 17:32:52] [SIM4G] CMD: AT+CGATT?
[2026-03-22 17:32:53] [SIM4G] RSP: AT+CGATT? | +CGATT: 1 | OK |
[2026-03-22 17:33:00] [SIM4G] CMD: AT+CGPADDR=1
[2026-03-22 17:33:01] [SIM4G] RSP: AT+CGPADDR=1 | +CGPADDR: 1,'10.44.15.51' | OK |
[2026-03-22 17:33:05] ADS value: 0.00
[2026-03-22 17:33:05] Ver: 1
[2026-03-22 17:33:14] [SIM4G] CMD: AT+CEREG?
[2026-03-22 17:33:15] [SIM4G] RSP: AT+CEREG? | +CEREG: 0,5 | OK |
[2026-03-22 17:33:22] [SIM4G] CMD: AT+CGREG?
[2026-03-22 17:33:23] [SIM4G] RSP: AT+CGREG? | +CGREG: 0,5 | OK |
[2026-03-22 17:33:33] [SIM4G] CMD: AT+CGATT?
[2026-03-22 17:33:33] [SIM4G] RSP: AT+CGATT? | +CGATT: 1 | OK |
[2026-03-22 17:33:38] [SIM4G] CMD: AT+CGPADDR=1
[2026-03-22 17:33:39] [SIM4G] RSP: AT+CGPADDR=1 | +CGPADDR: 1,'10.44.15.51' | OK |
[2026-03-22 17:33:45] [SIM4G] CMD: AT+CSQ
[2026-03-22 17:33:46] [SIM4G] RSP: AT+CSQ | +CSQ: 15,99 | OK |
[2026-03-22 17:33:53] [SIM4G] CMD: AT+CEREG?
[2026-03-22 17:33:55] [SIM4G] RSP: AT+CEREG? | +CEREG: 0,5 | OK |
[2026-03-22 17:34:01] [SIM4G] CMD: AT+CGREG?
[2026-03-22 17:34:02] [SIM4G] RSP: AT+CGREG? | +CGREG: 0,5 | OK |
[2026-03-22 17:34:06] ADS value: 0.00
[2026-03-22 17:34:06] Ver: 1
[2026-03-22 17:34:15] [SIM4G] CMD: AT+CGPADDR=1
[2026-03-22 17:34:16] [SIM4G] RSP: AT+CGPADDR=1 | +CGPADDR: 1,'10.44.15.51' | OK |
[2026-03-22 17:34:23] [SIM4G] CMD: AT+CSQ
[2026-03-22 17:34:24] [SIM4G] RSP: AT+CSQ | +CSQ: 15,99 | OK |
[2026-03-22 17:34:31] [SIM4G] CMD: AT+CEREG?
[2026-03-22 17:34:32] [SIM4G] RSP: AT+CEREG? | +CEREG: 0,5 | OK |
[2026-03-22 17:34:39] [SIM4G] CMD: AT+CGREG?
[2026-03-22 17:34:40] [SIM4G] RSP: AT+CGREG? | +CGREG: 0,5 | OK |
[2026-03-22 17:34:47] [SIM4G] CMD: AT+CGATT?
[2026-03-22 17:34:49] [SIM4G] RSP: AT+CGATT? | +CGATT: 1 | OK |
[2026-03-22 17:34:55] [SIM4G] CMD: AT+CGPADDR=1
[2026-03-22 17:34:56] [SIM4G] RSP: AT+CGPADDR=1 | +CGPADDR: 1,'10.44.15.51' | OK |
[2026-03-22 17:35:04] [SIM4G] CMD: AT+CSQ
[2026-03-22 17:35:05] [SIM4G] RSP: AT+CSQ | +CSQ: 15,99 | OK |
[2026-03-22 17:35:07] ADS value: 0.00
[2026-03-22 17:35:07] Ver: 1
[2026-03-22 17:35:11] [SIM4G] CMD: AT+CEREG?
[2026-03-22 17:35:12] [SIM4G] RSP: AT+CEREG? | +CEREG: 0,5 | OK |
[2026-03-22 17:35:19] [SIM4G] CMD: AT+CGREG?
[2026-03-22 17:35:24] [SIM4G] RSP: AT+CGREG? | +CGREG: 0,5 | OK |
[2026-03-22 17:35:31] [SIM4G] CMD: AT+CGATT?
[2026-03-22 17:35:38] [SIM4G] RSP: AT+CGATT? | +CGATT: 1 | OK |
[2026-03-22 17:35:40] [SIM4G] CMD: AT+CGPADDR=1
[2026-03-22 17:35:41] [SIM4G] RSP: AT+CGPADDR=1 | +CGPADDR: 1,'10.44.15.51' | OK |
[2026-03-22 17:35:47] [SIM4G] CMD: AT+CSQ
[2026-03-22 17:35:49] [SIM4G] RSP: AT+CSQ | +CSQ: 15,99 | OK |
[2026-03-22 17:35:55] [SIM4G] CMD: AT+CEREG?
[2026-03-22 17:35:56] [SIM4G] RSP: AT+CEREG? | +CEREG: 0,5 | OK |
[2026-03-22 17:36:02] [SIM4G] CMD: AT+CGREG?
[2026-03-22 17:36:04] [SIM4G] RSP: AT+CGREG? | +CGREG: 0,5 | OK |
[2026-03-22 17:36:09] ADS value: 0.00
[2026-03-22 17:36:10] Ver: 1
[2026-03-22 17:36:26] [SIM4G] CMD: AT+CSQ
[2026-03-22 17:36:27] [SIM4G] RSP: AT+CSQ | +CSQ: 15,99 | OK |
[2026-03-22 17:36:33] [SIM4G] CMD: AT+CEREG?
[2026-03-22 17:36:34] [SIM4G] RSP: AT+CEREG? | +CEREG: 0,5 | OK |
[2026-03-22 17:36:41] [SIM4G] CMD: AT+CGREG?
[2026-03-22 17:36:42] [SIM4G] RSP: AT+CGREG? | +CGREG: 0,5 | OK |
[2026-03-22 17:36:48] [SIM4G] CMD: AT+CGATT?
[2026-03-22 17:36:49] [SIM4G] RSP: AT+CGATT? | +CGATT: 1 | OK |
[2026-03-22 17:36:56] [SIM4G] CMD: AT+CGPADDR=1
[2026-03-22 17:36:57] [SIM4G] RSP: AT+CGPADDR=1 | +CGPADDR: 1,'10.44.15.51' | OK |
[2026-03-22 17:37:37] [SIM4G] RSP: AT+CSQ | +CSQ: 15,99 | OK |
[2026-03-22 17:37:37] ADS value: 0.00
[2026-03-22 17:37:42] [SIM4G] CMD: AT+CGATT?
[2026-03-22 17:37:42] [SIM4G] RSP: AT+CGATT? | +CGATT: 1 | OK |
[2026-03-22 17:37:42] [SIM4G] CMD: AT+CGPADDR=1
[2026-03-22 17:37:42] [SIM4G] RSP: AT+CGPADDR=1 | +CGPADDR: 1,'10.44.15.51' | OK |
[2026-03-22 17:37:48] [SIM4G] CMD: AT+CSQ
[2026-03-22 17:37:49] [SIM4G] RSP: AT+CSQ | +CSQ: 15,99 | OK |
[2026-03-22 17:37:55] [SIM4G] CMD: AT+CEREG?
[2026-03-22 17:37:56] [SIM4G] RSP: AT+CEREG? | +CEREG: 0,5 | OK |
[2026-03-22 17:38:04] [SIM4G] CMD: AT+CGREG?
[2026-03-22 17:38:15] [SIM4G] RSP: AT+CGREG? | +CGREG: 0,5 | OK |
[2026-03-22 17:38:41] [SIM4G] CMD: AT+CGATT?
[2026-03-22 17:38:41] [SIM4G] RSP: AT+CGATT? | +CGATT: 1 | OK |
[2026-03-22 17:38:41] ADS value: 0.00
[2026-03-22 17:38:47] [SIM4G] CMD: AT+CSQ
[2026-03-22 17:38:47] [SIM4G] CMD: AT+CEREG?
[2026-03-22 17:38:47] [SIM4G] RSP: AT+CEREG? | +CEREG: 0,5 | OK |
[2026-03-22 17:38:51] [SIM4G] CMD: AT+CGREG?
[2026-03-22 17:38:52] [SIM4G] RSP: AT+CGREG? | +CGREG: 0,5 | OK |
[2026-03-22 17:38:59] [SIM4G] CMD: AT+CGATT?
[2026-03-22 17:39:00] [SIM4G] RSP: AT+CGATT? | +CGATT: 1 | OK |
[2026-03-22 17:39:07] [SIM4G] CMD: AT+CGPADDR=1
[2026-03-22 17:39:08] [SIM4G] RSP: AT+CGPADDR=1 | +CGPADDR: 1,'10.44.15.51' | OK |
[2026-03-22 17:39:14] [SIM4G] CMD: AT+CSQ
[2026-03-22 17:39:15] [SIM4G] RSP: AT+CSQ | +CSQ: 14,99 | OK |
[2026-03-22 17:39:18] ADS value: 0.00
[2026-03-22 17:39:18] Ver: 1
[2026-03-22 17:39:22] [SIM4G] CMD: AT+CEREG?
[2026-03-22 17:39:23] [SIM4G] RSP: AT+CEREG? | +CEREG: 0,5 | OK |
[2026-03-22 17:39:30] [SIM4G] CMD: AT+CGREG?
[2026-03-22 17:39:31] [SIM4G] RSP: AT+CGREG? | +CGREG: 0,5 | OK |
[2026-03-22 17:39:37] [SIM4G] CMD: AT+CGATT?
[2026-03-22 17:39:39] [SIM4G] RSP: AT+CGATT? | +CGATT: 1 | OK |
[2026-03-22 17:39:45] [SIM4G] CMD: AT+CGPADDR=1
[2026-03-22 17:39:46] [SIM4G] RSP: AT+CGPADDR=1 | +CGPADDR: 1,'10.44.15.51' | OK |
[2026-03-22 17:39:52] [SIM4G] CMD: AT+CSQ
[2026-03-22 17:39:53] [SIM4G] RSP: AT+CSQ | +CSQ: 16,99 | OK |
[2026-03-22 17:40:00] [SIM4G] CMD: AT+CEREG?
[2026-03-22 17:40:01] [SIM4G] RSP: AT+CEREG? | +CEREG: 0,5 | OK |
[2026-03-22 17:40:07] [SIM4G] CMD: AT+CGREG?
[2026-03-22 17:40:08] [SIM4G] RSP: AT+CGREG? | +CGREG: 0,5 | OK |
[2026-03-22 17:40:15] [SIM4G] CMD: AT+CGATT?
[2026-03-22 17:40:16] [SIM4G] RSP: AT+CGATT? | +CGATT: 1 | OK |
[2026-03-22 17:40:19] ADS value: 0.00
[2026-03-22 17:40:20] Ver: 1
[2026-03-22 17:41:38] [SIM4G] Starting non-blocking modem init
[2026-03-22 17:41:48] [SIM4G] CMD: AT
[2026-03-22 17:41:48] [SIM4G] RSP: AT | OK |
[2026-03-22 17:41:48] [SIM4G] CMD: AT+CMEE=2
[2026-03-22 17:41:50] [SIM4G] RSP: AT+CMEE=2 | OK |
[2026-03-22 17:41:53] [SIM4G] CMD: AT+CFUN=1
[2026-03-22 17:41:54] [SIM4G] RSP: AT+CFUN=1 | OK |
[2026-03-22 17:41:55] [SIM4G] CMD: AT+CPIN?
[2026-03-22 17:41:56] [SIM4G] RSP: AT+CPIN? | +CPIN: READY | OK |
[2026-03-22 17:46:19] [SIM4G] SIM4G ready: registered + attached + IP="10.46.202.240"
[2026-03-22 17:46:20] [SIM4G] URC: +QHTTPREAD: 0
[2026-03-22 17:46:20] [SIM4G] RSP: AT+CEREG? | +CEREG: 0,5 | OK |
[2026-03-22 17:46:21] [SIM4G] STATE csq=-1 dbm=-999 cgreg=-1 cereg=5 cgatt=-1 ip="10.46.202.240"
[2026-03-22 17:46:22] [SIM4G] URC: +QHTTPREAD: 0
[2026-03-22 17:46:24] [SIM4G] URC: +QHTTPREAD: 0
[2026-03-22 17:46:28] [SIM4G] RSP: AT+CGREG? | +CGREG: 0,5 | OK |
[2026-03-22 17:46:29] [SIM4G] STATE csq=-1 dbm=-999 cgreg=5 cereg=5 cgatt=-1 ip="10.46.202.240"
[2026-03-22 17:46:29] [SIM4G] URC: +QHTTPREAD: 0
[2026-03-22 17:46:30] [SIM4G] URC: +QHTTPREAD: 0
[2026-03-22 17:46:31] [SIM4G] URC: +QHTTPREAD: 0
[2026-03-22 17:46:31] [SIM4G] URC: +QHTTPREAD: 0
[2026-03-22 17:46:32] [SIM4G] URC: +QHTTPREAD: 0
[2026-03-22 17:46:32] [SIM4G] URC: +QHTTPREAD: 0
[2026-03-22 17:46:33] [SIM4G] URC: +QHTTPREAD: 0
[2026-03-22 17:46:34] [SIM4G] URC: +QHTTPREAD: 0
[2026-03-22 17:46:34] [SIM4G] RSP: AT+CGATT? | +CGATT: 1 | OK |
[2026-03-22 17:46:41] [SIM4G] RSP: AT+CGPADDR=1 | +CGPADDR: 1,'10.46.202.240' | OK |
[2026-03-22 17:46:42] [SIM4G] STATE csq=-1 dbm=-999 cgreg=5 cereg=5 cgatt=1 ip="10.46.202.240"
[2026-03-22 17:46:42] [SIM4G] URC: +QHTTPREAD: 0
[2026-03-22 17:46:43] [SIM4G] URC: +QHTTPREAD: 0
[2026-03-22 17:46:44] [SIM4G] URC: +QHTTPREAD: 0
[2026-03-22 17:46:44] [SIM4G] URC: +QHTTPREAD: 0
[2026-03-22 17:46:45] [SIM4G] URC: +QHTTPREAD: 0
[2026-03-22 17:46:45] [SIM4G] URC: +QHTTPREAD: 0
[2026-03-22 17:46:46] [SIM4G] URC: +QHTTPREAD: 0
[2026-03-22 17:46:47] [SIM4G] URC: +QHTTPREAD: 0
[2026-03-22 17:46:47] [SIM4G] URC: +QHTTPREAD: 0
[2026-03-22 17:46:48] [SIM4G] URC: +QHTTPREAD: 0
[2026-03-22 17:46:48] [SIM4G] RSP: AT+CSQ | +CSQ: 23,99 | OK |
[2026-03-22 17:46:49] [SIM4G] STATE csq=23 dbm=-67 cgreg=5 cereg=5 cgatt=1 ip="10.46.202.240"
[2026-03-22 17:46:49] [SIM4G] URC: +QHTTPREAD: 0
[2026-03-22 17:46:50] [SIM4G] URC: +QHTTPREAD: 0
[2026-03-22 17:46:51] [SIM4G] URC: +QHTTPREAD: 0
[2026-03-22 17:46:51] [SIM4G] URC: +QHTTPREAD: 0
[2026-03-22 17:46:52] [SIM4G] URC: +QHTTPREAD: 0
[2026-03-22 17:46:53] [SIM4G] URC: +QHTTPREAD: 0
[2026-03-22 17:46:53] [SIM4G] URC: +QHTTPREAD: 0
[2026-03-22 17:46:54] [SIM4G] URC: +QHTTPREAD: 0
[2026-03-22 17:46:54] [SIM4G] URC: +QHTTPREAD: 0
[2026-03-22 17:46:55] [SIM4G] URC: +QHTTPREAD: 0
[2026-03-22 17:46:55] [SIM4G] RSP: AT+CEREG? | +CEREG: 0,5 | OK |
[2026-03-22 17:46:56] [SIM4G] STATE csq=23 dbm=-67 cgreg=5 cereg=5 cgatt=1 ip="10.46.202.240"
[2026-03-22 17:46:57] [SIM4G] URC: +QHTTPREAD: 0
[2026-03-22 17:46:57] [SIM4G] URC: +QHTTPREAD: 0
[2026-03-22 17:46:58] [SIM4G] URC: +QHTTPREAD: 0
[2026-03-22 17:46:58] [SIM4G] URC: +QHTTPREAD: 0
[2026-03-22 17:46:59] [SIM4G] URC: +QHTTPREAD: 0
[2026-03-22 17:47:00] [SIM4G] URC: +QHTTPREAD: 0
[2026-03-22 17:47:00] [SIM4G] URC: +QHTTPREAD: 0
[2026-03-22 17:47:01] [SIM4G] URC: +QHTTPREAD: 0
[2026-03-22 17:47:02] [SIM4G] URC: +QHTTPREAD: 0
[2026-03-22 17:47:02] [SIM4G] URC: +QHTTPREAD: 0
[2026-03-22 17:47:03] [SIM4G] RSP: AT+CGREG? | +CGREG: 0,5 | OK |
[2026-03-22 17:47:03] [SIM4G] STATE csq=23 dbm=-67 cgreg=5 cereg=5 cgatt=1 ip="10.46.202.240"
[2026-03-22 17:47:04] [SIM4G] URC: +QHTTPREAD: 0
[2026-03-22 17:47:04] ADS value: 0.00
[2026-03-22 17:47:05] Ver: 1
[2026-03-22 17:47:05] [SIM4G] URC: +QHTTPREAD: 0
[2026-03-22 17:47:06] [SIM4G] URC: +QHTTPREAD: 0
[2026-03-22 17:47:07] [SIM4G] URC: +QHTTPREAD: 0
[2026-03-22 17:47:07] [SIM4G] URC: +QHTTPREAD: 0
[2026-03-22 17:47:08] [SIM4G] URC: +QHTTPREAD: 0
[2026-03-22 17:47:09] [SIM4G] URC: +QHTTPREAD: 0
[2026-03-22 17:47:10] [SIM4G] RSP: AT+CGATT? | +CGATT: 1 | OK |
[2026-03-22 17:47:10] [SIM4G] STATE csq=23 dbm=-67 cgreg=5 cereg=5 cgatt=1 ip="10.46.202.240"
[2026-03-22 17:47:11] [SIM4G] URC: +QHTTPREAD: 0
[2026-03-22 17:47:12] [SIM4G] URC: +QHTTPREAD: 0
[2026-03-22 17:47:12] [SIM4G] URC: +QHTTPREAD: 0
[2026-03-22 17:47:13] [SIM4G] URC: +QHTTPREAD: 0
[2026-03-22 17:47:13] [SIM4G] URC: +QHTTPREAD: 0
[2026-03-22 17:47:14] [SIM4G] URC: +QHTTPREAD: 0
[2026-03-22 17:47:15] [SIM4G] URC: +QHTTPREAD: 0
[2026-03-22 17:47:15] [SIM4G] URC: +QHTTPREAD: 0
[2026-03-22 17:47:16] [SIM4G] URC: +QHTTPREAD: 0
[2026-03-22 17:47:16] [SIM4G] URC: +QHTTPREAD: 0
[2026-03-22 17:47:17] [SIM4G] RSP: AT+CGPADDR=1 | +CGPADDR: 1,'10.46.202.240' | OK |
[2026-03-22 17:47:17] [SIM4G] STATE csq=23 dbm=-67 cgreg=5 cereg=5 cgatt=1 ip="10.46.202.240"
[2026-03-22 17:47:18] [SIM4G] URC: +QHTTPREAD: 0
[2026-03-22 17:47:19] [SIM4G] URC: +QHTTPREAD: 0
[2026-03-22 17:47:19] [SIM4G] URC: +QHTTPREAD: 0
[2026-03-22 17:47:20] [SIM4G] URC: +QHTTPREAD: 0
[2026-03-22 17:47:21] [SIM4G] URC: +QHTTPREAD: 0
[2026-03-22 17:47:21] [SIM4G] URC: +QHTTPREAD: 0
[2026-03-22 17:47:22] [SIM4G] URC: +QHTTPREAD: 0
[2026-03-22 17:47:22] [SIM4G] URC: +QHTTPREAD: 0
[2026-03-22 17:47:23] [SIM4G] URC: +QHTTPREAD: 0
[2026-03-22 17:47:24] [SIM4G] URC: +QHTTPREAD: 0
[2026-03-22 17:47:24] [SIM4G] RSP: AT+CSQ | +CSQ: 23,99 | OK |
[2026-03-22 17:47:25] [SIM4G] STATE csq=23 dbm=-67 cgreg=5 cereg=5 cgatt=1 ip="10.46.202.240"
[2026-03-22 17:47:25] [SIM4G] URC: +QHTTPREAD: 0
[2026-03-22 17:47:26] [SIM4G] URC: +QHTTPREAD: 0
[2026-03-22 17:47:27] [SIM4G] URC: +QHTTPREAD: 0
[2026-03-22 17:47:27] [SIM4G] URC: +QHTTPREAD: 0
[2026-03-22 17:47:28] [SIM4G] URC: +QHTTPREAD: 0
[2026-03-22 17:47:28] [SIM4G] URC: +QHTTPREAD: 0
[2026-03-22 17:47:29] [SIM4G] URC: +QHTTPREAD: 0
[2026-03-22 17:47:30] [SIM4G] URC: +QHTTPREAD: 0
[2026-03-22 17:47:30] [SIM4G] URC: +QHTTPREAD: 0
[2026-03-22 17:47:31] [SIM4G] URC: +QHTTPREAD: 0
[2026-03-22 17:47:31] [SIM4G] RSP: AT+CEREG? | +CEREG: 0,5 | OK |
[2026-03-22 17:47:32] [SIM4G] STATE csq=23 dbm=-67 cgreg=5 cereg=5 cgatt=1 ip="10.46.202.240"
[2026-03-22 17:47:32] [SIM4G] URC: +QHTTPREAD: 0
[2026-03-22 17:47:33] [SIM4G] URC: +QHTTPREAD: 0
[2026-03-22 17:47:34] [SIM4G] URC: +QHTTPREAD: 0
[2026-03-22 17:47:34] [SIM4G] URC: +QHTTPREAD: 0
[2026-03-22 17:47:35] [SIM4G] URC: +QHTTPREAD: 0
[2026-03-22 17:47:36] [SIM4G] URC: +QHTTPREAD: 0
[2026-03-22 17:49:55] [SIM4G] SIM4G ready: registered + attached + IP="10.59.253.131"
[2026-03-22 17:49:55] [SIM4G] URC: +QHTTPREAD: 0
[2026-03-22 17:49:56] [SIM4G] URC: +QHTTPREAD: 0
[2026-03-22 17:49:57] [SIM4G] RSP: AT+CGREG? | +CGREG: 0,1 | OK |
[2026-03-22 17:49:57] [SIM4G] STATE csq=31 dbm=-51 cgreg=1 cereg=1 cgatt=-1 ip="10.59.253.131"
[2026-03-22 17:51:13] [SIM4G] SIM4G ready: registered + attached + IP="10.64.103.148"
[2026-03-22 17:51:14] [SIM4G] URC: +QHTTPREAD: 0
[2026-03-22 17:51:20] [SIM4G] RSP: AT+CSQ | +CSQ: 23,99 | OK |
[2026-03-22 17:51:20] [SIM4G] STATE csq=23 dbm=-67 cgreg=-1 cereg=1 cgatt=-1 ip="10.64.103.148"
[2026-03-22 17:51:21] [SIM4G] URC: +QHTTPREAD: 0
[2026-03-22 17:51:22] [SIM4G] URC: +QHTTPREAD: 0
[2026-03-22 17:51:22] [SIM4G] URC: +QHTTPREAD: 0
[2026-03-22 17:51:23] [SIM4G] URC: +QHTTPREAD: 0
[2026-03-22 17:51:23] [SIM4G] URC: +QHTTPREAD: 0
[2026-03-22 17:51:24] [SIM4G] URC: +QHTTPREAD: 0
[2026-03-22 17:51:25] [SIM4G] URC: +QHTTPREAD: 0
[2026-03-22 17:51:25] [SIM4G] URC: +QHTTPREAD: 0
[2026-03-22 17:51:26] [SIM4G] URC: +QHTTPREAD: 0
[2026-03-22 17:51:27] [SIM4G] RSP: AT+CEREG? | +CEREG: 0,5 | OK |
[2026-03-22 17:51:27] [SIM4G] STATE csq=23 dbm=-67 cgreg=-1 cereg=5 cgatt=-1 ip="10.64.103.148"
[2026-03-22 17:51:28] [SIM4G] URC: +QHTTPREAD: 0
[2026-03-22 17:51:28] [SIM4G] URC: +QHTTPREAD: 0
[2026-03-22 17:51:29] [SIM4G] URC: +QHTTPREAD: 0
[2026-03-22 17:51:30] [SIM4G] URC: +QHTTPREAD: 0
[2026-03-22 17:51:30] [SIM4G] URC: +QHTTPREAD: 0
[2026-03-22 17:51:31] [SIM4G] URC: +QHTTPREAD: 0
[2026-03-22 17:51:32] [SIM4G] URC: +QHTTPREAD: 0
[2026-03-22 17:51:32] [SIM4G] URC: +QHTTPREAD: 0
[2026-03-22 17:51:33] [SIM4G] URC: +QHTTPREAD: 0
[2026-03-22 17:51:34] [SIM4G] RSP: AT+CGREG? | +CGREG: 0,5 | OK |
[2026-03-22 17:51:34] [SIM4G] STATE csq=23 dbm=-67 cgreg=5 cereg=5 cgatt=-1 ip="10.64.103.148"
[2026-03-22 17:51:35] [SIM4G] URC: +QHTTPREAD: 0
[2026-03-22 17:51:35] [SIM4G] URC: +QHTTPREAD: 0
[2026-03-22 17:51:36] [SIM4G] URC: +QHTTPREAD: 0
[2026-03-22 17:51:37] [SIM4G] URC: +QHTTPREAD: 0
[2026-03-22 17:51:37] [SIM4G] URC: +QHTTPREAD: 0
[2026-03-22 17:51:38] [SIM4G] URC: +QHTTPREAD: 0
[2026-03-22 17:51:39] [SIM4G] URC: +QHTTPREAD: 0
[2026-03-22 17:51:39] [SIM4G] URC: +QHTTPREAD: 0
[2026-03-22 17:51:40] [SIM4G] URC: +QHTTPREAD: 0
[2026-03-22 17:51:40] [SIM4G] URC: +QHTTPREAD: 0
[2026-03-22 17:51:41] [SIM4G] RSP: AT+CGATT? | +CGATT: 1 | OK |
[2026-03-22 17:51:41] [SIM4G] STATE csq=23 dbm=-67 cgreg=5 cereg=5 cgatt=1 ip="10.64.103.148"
[2026-03-22 17:51:42] [SIM4G] URC: +QHTTPREAD: 0
[2026-03-22 17:51:43] [SIM4G] URC: +QHTTPREAD: 0
[2026-03-22 17:51:43] [SIM4G] URC: +QHTTPREAD: 0
[2026-03-22 17:51:44] [SIM4G] URC: +QHTTPREAD: 0
[2026-03-22 17:51:45] [SIM4G] URC: +QHTTPREAD: 0
[2026-03-22 17:51:45] [SIM4G] URC: +QHTTPREAD: 0
[2026-03-22 17:51:46] [SIM4G] URC: +QHTTPREAD: 0
[2026-03-22 17:51:47] [SIM4G] URC: +QHTTPREAD: 0
[2026-03-22 17:51:47] [SIM4G] URC: +QHTTPREAD: 0
[2026-03-22 17:51:48] [SIM4G] URC: +QHTTPREAD: 0
[2026-03-22 17:51:48] [SIM4G] RSP: AT+CGPADDR=1 | +CGPADDR: 1,'10.64.103.148' | OK |
[2026-03-22 17:51:49] [SIM4G] STATE csq=23 dbm=-67 cgreg=5 cereg=5 cgatt=1 ip="10.64.103.148"
[2026-03-22 17:51:49] [SIM4G] URC: +QHTTPREAD: 0
[2026-03-22 17:52:25] [SIM4G] SIM4G ready: registered + attached + IP="10.67.245.107"
[2026-03-22 17:52:26] [SIM4G] URC: +QHTTPREAD: 0
[2026-03-22 17:52:26] [SIM4G] URC: +QHTTPREAD: 0
[2026-03-22 17:52:27] [SIM4G] URC: +QHTTPREAD: 0
[2026-03-22 17:52:27] [SIM4G] RSP: AT+CSQ | +CSQ: 24,99 | OK |
[2026-03-22 17:52:50] [SIM4G] SIM4G ready: registered + attached + IP="10.68.182.38"
[2026-03-22 17:52:50] [SIM4G] URC: +QHTTPREAD: 0
[2026-03-22 17:52:51] [SIM4G] RSP: AT+CGREG? | +CGREG: 0,5 | OK |
[2026-03-22 17:52:51] [SIM4G] STATE csq=24 dbm=-65 cgreg=5 cereg=5 cgatt=-1 ip="10.68.182.38"
[2026-03-22 17:52:52] [SIM4G] URC: +QHTTPREAD: 0
[2026-03-22 17:52:54] [SIM4G] URC: +QHTTPREAD: 0
[2026-03-22 17:52:54] [SIM4G] URC: +QHTTPREAD: 0
[2026-03-22 17:52:55] [SIM4G] URC: +QHTTPREAD: 0
[2026-03-22 17:52:56] [SIM4G] URC: +QHTTPREAD: 0
[2026-03-22 17:52:56] ADS value: 0.00
[2026-03-22 17:52:57] Ver: 1
[2026-03-22 17:52:57] [SIM4G] URC: +QHTTPREAD: 0
[2026-03-22 17:52:58] [SIM4G] RSP: AT+CGATT? | +CGATT: 1 | OK |
[2026-03-22 17:52:59] [SIM4G] STATE csq=24 dbm=-65 cgreg=5 cereg=5 cgatt=1 ip="10.68.182.38"
[2026-03-22 17:52:59] [SIM4G] URC: +QHTTPREAD: 0
[2026-03-22 17:53:00] [SIM4G] URC: +QHTTPREAD: 0
[2026-03-22 17:53:01] [SIM4G] URC: +QHTTPREAD: 0
[2026-03-22 17:53:01] [SIM4G] URC: +QHTTPREAD: 0
[2026-03-22 17:53:02] [SIM4G] URC: +QHTTPREAD: 0
[2026-03-22 17:53:03] [SIM4G] URC: +QHTTPREAD: 0
[2026-03-22 17:53:03] [SIM4G] URC: +QHTTPREAD: 0
[2026-03-22 17:53:04] [SIM4G] URC: +QHTTPREAD: 0
[2026-03-22 17:53:05] [SIM4G] URC: +QHTTPREAD: 0
[2026-03-22 17:53:05] [SIM4G] RSP: AT+CGPADDR=1 | +CGPADDR: 1,'10.68.182.38' | OK |
[2026-03-22 17:53:06] [SIM4G] STATE csq=24 dbm=-65 cgreg=5 cereg=5 cgatt=1 ip="10.68.182.38"
[2026-03-22 17:53:06] [SIM4G] URC: +QHTTPREAD: 0
[2026-03-22 17:53:07] [SIM4G] URC: +QHTTPREAD: 0
[2026-03-22 17:53:07] [SIM4G] URC: +QHTTPREAD: 0
[2026-03-22 17:53:08] [SIM4G] URC: +QHTTPREAD: 0
[2026-03-22 17:53:09] [SIM4G] URC: +QHTTPREAD: 0
[2026-03-22 17:53:11] [SIM4G] URC: +QHTTPREAD: 0
[2026-03-22 17:53:12] [SIM4G] URC: +QHTTPREAD: 0
[2026-03-22 17:53:12] [SIM4G] RSP: AT+CSQ | +CSQ: 23,99 | OK |
[2026-03-22 17:53:13] [SIM4G] STATE csq=23 dbm=-67 cgreg=5 cereg=5 cgatt=1 ip="10.68.182.38"
[2026-03-22 17:53:14] [SIM4G] URC: +QHTTPREAD: 0
[2026-03-22 17:53:14] [SIM4G] URC: +QHTTPREAD: 0
[2026-03-22 17:53:15] [SIM4G] URC: +QHTTPREAD: 0
[2026-03-22 17:53:16] [SIM4G] URC: +QHTTPREAD: 0
[2026-03-22 17:53:17] [SIM4G] URC: +QHTTPREAD: 0
[2026-03-22 17:53:18] [SIM4G] URC: +QHTTPREAD: 0
[2026-03-22 17:53:19] [SIM4G] URC: +QHTTPREAD: 0
[2026-03-22 17:53:19] [SIM4G] RSP: AT+CEREG? | +CEREG: 0,5 | OK |
[2026-03-22 17:53:20] [SIM4G] STATE csq=23 dbm=-67 cgreg=5 cereg=5 cgatt=1 ip="10.68.182.38"
[2026-03-22 17:53:21] [SIM4G] URC: +QHTTPREAD: 0
[2026-03-22 17:53:22] [SIM4G] URC: +QHTTPREAD: 0
[2026-03-22 17:53:23] [SIM4G] URC: +QHTTPREAD: 0
[2026-03-22 17:53:24] [SIM4G] URC: +QHTTPREAD: 0
[2026-03-22 17:53:25] [SIM4G] URC: +QHTTPREAD: 0
[2026-03-22 17:53:25] [SIM4G] URC: +QHTTPREAD: 0
[2026-03-22 17:53:26] [SIM4G] URC: +QHTTPREAD: 0
[2026-03-22 17:53:26] [SIM4G] RSP: AT+CGREG? | +CGREG: 0,5 | OK |
[2026-03-22 17:53:27] [SIM4G] STATE csq=23 dbm=-67 cgreg=5 cereg=5 cgatt=1 ip="10.68.182.38"
[2026-03-22 17:53:28] [SIM4G] URC: +QHTTPREAD: 0
[2026-03-22 17:53:28] [SIM4G] URC: +QHTTPREAD: 0
[2026-03-22 17:53:29] [SIM4G] URC: +QHTTPREAD: 0
[2026-03-22 17:53:29] [SIM4G] URC: +QHTTPREAD: 0
[2026-03-22 17:53:30] [SIM4G] URC: +QHTTPREAD: 0
[2026-03-22 17:53:31] [SIM4G] URC: +QHTTPREAD: 0
[2026-03-22 17:53:31] [SIM4G] URC: +QHTTPREAD: 0
[2026-03-22 17:53:32] [SIM4G] URC: +QHTTPREAD: 0
[2026-03-22 17:53:33] [SIM4G] URC: +QHTTPREAD: 0
[2026-03-22 17:53:33] [SIM4G] RSP: AT+CGATT? | +CGATT: 1 | OK |
[2026-03-22 17:53:34] [SIM4G] STATE csq=23 dbm=-67 cgreg=5 cereg=5 cgatt=1 ip="10.68.182.38"
[2026-03-22 17:53:34] [SIM4G] URC: +QHTTPREAD: 0
[2026-03-22 17:53:35] [SIM4G] URC: +QHTTPREAD: 0
[2026-03-22 17:53:36] [SIM4G] URC: +QHTTPREAD: 0
[2026-03-22 17:53:36] [SIM4G] URC: +QHTTPREAD: 0
[2026-03-22 17:53:37] [SIM4G] URC: +QHTTPREAD: 0
[2026-03-22 17:53:37] [SIM4G] URC: +QHTTPREAD: 0
[2026-03-22 17:53:38] [SIM4G] URC: +QHTTPREAD: 0
[2026-03-22 17:53:39] [SIM4G] URC: +QHTTPREAD: 0
[2026-03-22 17:53:39] [SIM4G] URC: +QHTTPREAD: 0
[2026-03-22 17:53:40] [SIM4G] URC: +QHTTPREAD: 0
[2026-03-22 17:53:41] [SIM4G] RSP: AT+CGPADDR=1 | +CGPADDR: 1,'10.68.182.38' | OK |
[2026-03-22 17:53:41] [SIM4G] STATE csq=23 dbm=-67 cgreg=5 cereg=5 cgatt=1 ip="10.68.182.38"
[2026-03-22 17:53:42] [SIM4G] URC: +QHTTPREAD: 0
[2026-03-22 17:53:42] [SIM4G] URC: +QHTTPREAD: 0
[2026-03-22 17:53:43] [SIM4G] URC: +QHTTPREAD: 0
[2026-03-22 17:53:44] [SIM4G] URC: +QHTTPREAD: 0
[2026-03-22 17:53:44] [SIM4G] URC: +QHTTPREAD: 0
[2026-03-22 17:53:45] [SIM4G] URC: +QHTTPREAD: 0
[2026-03-22 17:53:46] [SIM4G] URC: +QHTTPREAD: 0
[2026-03-22 17:53:46] [SIM4G] URC: +QHTTPREAD: 0
[2026-03-22 17:53:47] [SIM4G] URC: +QHTTPREAD: 0
[2026-03-22 17:53:47] [SIM4G] URC: +QHTTPREAD: 0
[2026-03-22 17:53:48] [SIM4G] RSP: AT+CSQ | +CSQ: 23,99 | OK |
[2026-03-22 17:53:49] [SIM4G] STATE csq=23 dbm=-67 cgreg=5 cereg=5 cgatt=1 ip="10.68.182.38"
[2026-03-22 17:53:49] [SIM4G] URC: +QHTTPREAD: 0
[2026-03-22 17:53:50] [SIM4G] URC: +QHTTPREAD: 0
[2026-03-22 17:53:50] [SIM4G] URC: +QHTTPREAD: 0
[2026-03-22 17:53:51] [SIM4G] URC: +QHTTPREAD: 0
[2026-03-22 17:53:52] [SIM4G] URC: +QHTTPREAD: 0
[2026-03-22 17:53:52] [SIM4G] URC: +QHTTPREAD: 0
[2026-03-22 17:53:53] [SIM4G] URC: +QHTTPREAD: 0
[2026-03-22 17:53:54] [SIM4G] URC: +QHTTPREAD: 0
[2026-03-22 17:53:54] [SIM4G] URC: +QHTTPREAD: 0
[2026-03-22 17:53:55] [SIM4G] URC: +QHTTPREAD: 0
[2026-03-22 17:53:55] [SIM4G] RSP: AT+CEREG? | +CEREG: 0,5 | OK |
[2026-03-22 17:53:56] [SIM4G] STATE csq=23 dbm=-67 cgreg=5 cereg=5 cgatt=1 ip="10.68.182.38"
[2026-03-22 17:53:57] [SIM4G] URC: +QHTTPREAD: 0
[2026-03-22 17:53:57] [SIM4G] URC: +QHTTPREAD: 0
[2026-03-22 17:53:58] ADS value: 0.00
[2026-03-22 17:53:58] Ver: 1
[2026-03-22 17:53:59] [SIM4G] URC: +QHTTPREAD: 0
[2026-03-22 17:53:59] [SIM4G] URC: +QHTTPREAD: 0
[2026-03-22 17:54:00] [SIM4G] URC: +QHTTPREAD: 0
[2026-03-22 17:54:01] [SIM4G] URC: +QHTTPREAD: 0
[2026-03-22 17:54:01] [SIM4G] URC: +QHTTPREAD: 0
[2026-03-22 17:54:02] [SIM4G] URC: +QHTTPREAD: 0
[2026-03-22 17:54:03] [SIM4G] RSP: AT+CGREG? | +CGREG: 0,5 | OK |
[2026-03-22 17:54:03] [SIM4G] STATE csq=23 dbm=-67 cgreg=5 cereg=5 cgatt=1 ip="10.68.182.38"
[2026-03-22 17:54:04] [SIM4G] URC: +QHTTPREAD: 0
[2026-03-22 17:54:04] [SIM4G] URC: +QHTTPREAD: 0
[2026-03-22 17:54:05] [SIM4G] URC: +QHTTPREAD: 0
[2026-03-22 17:54:06] [SIM4G] URC: +QHTTPREAD: 0
[2026-03-22 17:54:06] [SIM4G] URC: +QHTTPREAD: 0
[2026-03-22 17:54:07] [SIM4G] URC: +QHTTPREAD: 0
[2026-03-22 17:54:08] [SIM4G] URC: +QHTTPREAD: 0
[2026-03-22 17:54:08] [SIM4G] URC: +QHTTPREAD: 0
[2026-03-22 17:54:09] [SIM4G] URC: +QHTTPREAD: 0
[2026-03-22 17:54:09] [SIM4G] URC: +QHTTPREAD: 0
[2026-03-22 17:54:10] [SIM4G] RSP: AT+CGATT? | +CGATT: 1 | OK |
[2026-03-22 17:54:10] [SIM4G] STATE csq=23 dbm=-67 cgreg=5 cereg=5 cgatt=1 ip="10.68.182.38"
[2026-03-22 17:54:11] [SIM4G] URC: +QHTTPREAD: 0
[2026-03-22 17:54:12] [SIM4G] URC: +QHTTPREAD: 0
[2026-03-22 17:54:12] [SIM4G] URC: +QHTTPREAD: 0
[2026-03-22 17:54:13] [SIM4G] URC: +QHTTPREAD: 0
[2026-03-22 17:54:14] [SIM4G] URC: +QHTTPREAD: 0
[2026-03-22 17:54:14] [SIM4G] URC: +QHTTPREAD: 0
[2026-03-22 17:54:15] [SIM4G] URC: +QHTTPREAD: 0
[2026-03-22 17:54:16] [SIM4G] URC: +QHTTPREAD: 0
[2026-03-22 17:54:16] [SIM4G] URC: +QHTTPREAD: 0
[2026-03-22 17:54:17] [SIM4G] URC: +QHTTPREAD: 0
[2026-03-22 17:54:17] [SIM4G] RSP: AT+CGPADDR=1 | +CGPADDR: 1,'10.68.182.38' | OK |
[2026-03-22 17:54:18] [SIM4G] STATE csq=23 dbm=-67 cgreg=5 cereg=5 cgatt=1 ip="10.68.182.38"
[2026-03-22 17:54:19] [SIM4G] URC: +QHTTPREAD: 0
[2026-03-22 17:54:19] [SIM4G] URC: +QHTTPREAD: 0
[2026-03-22 17:54:20] [SIM4G] URC: +QHTTPREAD: 0
[2026-03-22 17:54:20] [SIM4G] URC: +QHTTPREAD: 0
[2026-03-22 17:54:21] [SIM4G] URC: +QHTTPREAD: 0
[2026-03-22 17:54:22] [SIM4G] URC: +QHTTPREAD: 0
[2026-03-22 17:54:22] [SIM4G] URC: +QHTTPREAD: 0
[2026-03-22 17:54:23] [SIM4G] URC: +QHTTPREAD: 0
[2026-03-22 17:54:24] [SIM4G] URC: +QHTTPREAD: 0
[2026-03-22 17:54:24] [SIM4G] URC: +QHTTPREAD: 0
[2026-03-22 17:54:25] [SIM4G] RSP: AT+CSQ | +CSQ: 23,99 | OK |
[2026-03-22 17:54:25] [SIM4G] STATE csq=23 dbm=-67 cgreg=5 cereg=5 cgatt=1 ip="10.68.182.38"
[2026-03-22 17:54:26] [SIM4G] URC: +QHTTPREAD: 0
[2026-03-22 17:54:27] [SIM4G] URC: +QHTTPREAD: 0
[2026-03-22 17:54:27] [SIM4G] URC: +QHTTPREAD: 0
[2026-03-22 17:54:28] [SIM4G] URC: +QHTTPREAD: 0
[2026-03-22 17:54:28] [SIM4G] URC: +QHTTPREAD: 0
[2026-03-22 17:54:29] [SIM4G] URC: +QHTTPREAD: 0
[2026-03-22 17:54:30] [SIM4G] URC: +QHTTPREAD: 0
[2026-03-22 17:54:30] [SIM4G] URC: +QHTTPREAD: 0
[2026-03-22 17:54:31] [SIM4G] URC: +QHTTPREAD: 0
[2026-03-22 17:54:32] [SIM4G] URC: +QHTTPREAD: 0
[2026-03-22 17:54:32] [SIM4G] RSP: AT+CEREG? | +CEREG: 0,5 | OK |
[2026-03-22 17:54:33] [SIM4G] STATE csq=23 dbm=-67 cgreg=5 cereg=5 cgatt=1 ip="10.68.182.38"
[2026-03-22 17:54:33] [SIM4G] URC: +QHTTPREAD: 0
[2026-03-22 17:54:34] [SIM4G] URC: +QHTTPREAD: 0
[2026-03-22 17:54:35] [SIM4G] URC: +QHTTPREAD: 0
[2026-03-22 17:54:35] [SIM4G] URC: +QHTTPREAD: 0
[2026-03-22 17:54:36] [SIM4G] URC: +QHTTPREAD: 0
[2026-03-22 17:54:37] [SIM4G] URC: +QHTTPREAD: 0
[2026-03-22 17:54:37] [SIM4G] URC: +QHTTPREAD: 0
[2026-03-22 17:54:38] [SIM4G] URC: +QHTTPREAD: 0
[2026-03-22 17:54:39] [SIM4G] URC: +QHTTPREAD: 0
[2026-03-22 17:54:39] [SIM4G] URC: +QHTTPREAD: 0
[2026-03-22 17:54:40] [SIM4G] RSP: AT+CGREG? | +CGREG: 0,5 | OK |
[2026-03-22 17:54:40] [SIM4G] STATE csq=23 dbm=-67 cgreg=5 cereg=5 cgatt=1 ip="10.68.182.38"
[2026-03-22 17:54:41] [SIM4G] URC: +QHTTPREAD: 0
[2026-03-22 17:54:41] [SIM4G] URC: +QHTTPREAD: 0
[2026-03-22 17:54:42] [SIM4G] URC: +QHTTPREAD: 0
[2026-03-22 17:54:43] [SIM4G] URC: +QHTTPREAD: 0
[2026-03-22 17:54:43] [SIM4G] URC: +QHTTPREAD: 0
[2026-03-22 17:54:44] [SIM4G] URC: +QHTTPREAD: 0
[2026-03-22 17:54:45] [SIM4G] URC: +QHTTPREAD: 0
[2026-03-22 17:54:45] [SIM4G] URC: +QHTTPREAD: 0
[2026-03-22 17:54:46] [SIM4G] URC: +QHTTPREAD: 0
[2026-03-22 17:54:47] [SIM4G] URC: +QHTTPREAD: 0
[2026-03-22 17:54:47] [SIM4G] RSP: AT+CGATT? | +CGATT: 1 | OK |
[2026-03-22 17:54:48] [SIM4G] STATE csq=23 dbm=-67 cgreg=5 cereg=5 cgatt=1 ip="10.68.182.38"
[2026-03-22 17:54:48] [SIM4G] URC: +QHTTPREAD: 0
[2026-03-22 17:54:49] [SIM4G] URC: +QHTTPREAD: 0
[2026-03-22 17:54:50] [SIM4G] URC: +QHTTPREAD: 0
[2026-03-22 17:54:50] [SIM4G] URC: +QHTTPREAD: 0
[2026-03-22 17:54:51] [SIM4G] URC: +QHTTPREAD: 0
[2026-03-22 17:54:51] [SIM4G] URC: +QHTTPREAD: 0
[2026-03-22 17:54:52] [SIM4G] URC: +QHTTPREAD: 0
[2026-03-22 17:54:53] [SIM4G] URC: +QHTTPREAD: 0
[2026-03-22 17:54:53] [SIM4G] URC: +QHTTPREAD: 0
[2026-03-22 17:54:54] [SIM4G] URC: +QHTTPREAD: 0
[2026-03-22 17:54:55] [SIM4G] RSP: AT+CGPADDR=1 | +CGPADDR: 1,'10.68.182.38' | OK |
[2026-03-22 17:54:55] [SIM4G] STATE csq=23 dbm=-67 cgreg=5 cereg=5 cgatt=1 ip="10.68.182.38"
[2026-03-22 17:54:56] [SIM4G] URC: +QHTTPREAD: 0
[2026-03-22 17:54:56] [SIM4G] URC: +QHTTPREAD: 0
[2026-03-22 17:54:57] [SIM4G] URC: +QHTTPREAD: 0
[2026-03-22 17:54:58] [SIM4G] URC: +QHTTPREAD: 0
[2026-03-22 17:54:58] [SIM4G] URC: +QHTTPREAD: 0
[2026-03-22 17:54:59] ADS value: 0.00
[2026-03-22 17:54:59] Ver: 1
[2026-03-22 17:55:00] [SIM4G] URC: +QHTTPREAD: 0
[2026-03-22 17:55:01] [SIM4G] URC: +QHTTPREAD: 0
[2026-03-22 17:55:01] [SIM4G] URC: +QHTTPREAD: 0
[2026-03-22 17:55:02] [SIM4G] RSP: AT+CSQ | +CSQ: 23,99 | OK |
[2026-03-22 17:55:02] [SIM4G] STATE csq=23 dbm=-67 cgreg=5 cereg=5 cgatt=1 ip="10.68.182.38"
[2026-03-22 17:55:03] [SIM4G] URC: +QHTTPREAD: 0
[2026-03-22 17:55:04] [SIM4G] URC: +QHTTPREAD: 0
[2026-03-22 17:55:04] [SIM4G] URC: +QHTTPREAD: 0
[2026-03-22 17:55:05] [SIM4G] URC: +QHTTPREAD: 0
[2026-03-22 17:55:06] [SIM4G] URC: +QHTTPREAD: 0
[2026-03-22 17:55:06] [SIM4G] URC: +QHTTPREAD: 0
[2026-03-22 17:55:07] [SIM4G] URC: +QHTTPREAD: 0
[2026-03-22 17:55:07] [SIM4G] URC: +QHTTPREAD: 0
[2026-03-22 17:55:08] [SIM4G] URC: +QHTTPREAD: 0
[2026-03-22 17:55:09] [SIM4G] URC: +QHTTPREAD: 0
[2026-03-22 17:55:09] [SIM4G] RSP: AT+CEREG? | +CEREG: 0,5 | OK |
[2026-03-22 17:55:10] [SIM4G] STATE csq=23 dbm=-67 cgreg=5 cereg=5 cgatt=1 ip="10.68.182.38"
[2026-03-22 17:55:10] [SIM4G] URC: +QHTTPREAD: 0
[2026-03-22 17:55:11] [SIM4G] URC: +QHTTPREAD: 0
[2026-03-22 17:55:12] [SIM4G] URC: +QHTTPREAD: 0
[2026-03-22 17:55:12] [SIM4G] URC: +QHTTPREAD: 0
[2026-03-22 17:55:13] [SIM4G] URC: +QHTTPREAD: 0
[2026-03-22 17:55:14] [SIM4G] URC: +QHTTPREAD: 0
[2026-03-22 17:55:14] [SIM4G] URC: +QHTTPREAD: 0
[2026-03-22 17:55:15] [SIM4G] URC: +QHTTPREAD: 0
[2026-03-22 17:55:16] [SIM4G] URC: +QHTTPREAD: 0
[2026-03-22 17:55:16] [SIM4G] URC: +QHTTPREAD: 0
[2026-03-22 17:55:17] [SIM4G] RSP: AT+CGREG? | +CGREG: 0,5 | OK |
[2026-03-22 17:55:17] [SIM4G] STATE csq=23 dbm=-67 cgreg=5 cereg=5 cgatt=1 ip="10.68.182.38"
[2026-03-22 17:55:18] [SIM4G] URC: +QHTTPREAD: 0
[2026-03-22 17:55:18] [SIM4G] URC: +QHTTPREAD: 0
[2026-03-22 17:55:19] [SIM4G] URC: +QHTTPREAD: 0
[2026-03-22 17:55:20] [SIM4G] URC: +QHTTPREAD: 0
[2026-03-22 17:55:20] [SIM4G] URC: +QHTTPREAD: 0
[2026-03-22 17:55:21] [SIM4G] URC: +QHTTPREAD: 0
[2026-03-22 17:55:22] [SIM4G] URC: +QHTTPREAD: 0
[2026-03-22 17:55:22] [SIM4G] URC: +QHTTPREAD: 0
[2026-03-22 17:55:23] [SIM4G] URC: +QHTTPREAD: 0
[2026-03-22 17:55:24] [SIM4G] URC: +QHTTPREAD: 0
[2026-03-22 17:55:24] [SIM4G] RSP: AT+CGATT? | +CGATT: 1 | OK |
[2026-03-22 17:55:25] [SIM4G] STATE csq=23 dbm=-67 cgreg=5 cereg=5 cgatt=1 ip="10.68.182.38"
[2026-03-22 17:55:25] [SIM4G] URC: +QHTTPREAD: 0
[2026-03-22 17:55:26] [SIM4G] URC: +QHTTPREAD: 0
[2026-03-22 17:55:26] [SIM4G] URC: +QHTTPREAD: 0
[2026-03-22 17:55:27] [SIM4G] URC: +QHTTPREAD: 0
[2026-03-22 17:55:28] [SIM4G] URC: +QHTTPREAD: 0
[2026-03-22 17:55:28] [SIM4G] URC: +QHTTPREAD: 0
[2026-03-22 17:55:29] [SIM4G] URC: +QHTTPREAD: 0
[2026-03-22 17:55:30] [SIM4G] URC: +QHTTPREAD: 0
[2026-03-22 17:55:30] [SIM4G] URC: +QHTTPREAD: 0
[2026-03-22 17:55:31] [SIM4G] URC: +QHTTPREAD: 0
[2026-03-22 17:55:31] [SIM4G] RSP: AT+CGPADDR=1 | +CGPADDR: 1,'10.68.182.38' | OK |
[2026-03-22 17:55:32] [SIM4G] STATE csq=23 dbm=-67 cgreg=5 cereg=5 cgatt=1 ip="10.68.182.38"
[2026-03-22 17:55:32] [SIM4G] URC: +QHTTPREAD: 0
[2026-03-22 17:55:33] [SIM4G] URC: +QHTTPREAD: 0
[2026-03-22 17:55:34] [SIM4G] URC: +QHTTPREAD: 0
[2026-03-22 17:55:34] [SIM4G] URC: +QHTTPREAD: 0
[2026-03-22 17:55:35] [SIM4G] URC: +QHTTPREAD: 0
[2026-03-22 17:55:36] [SIM4G] URC: +QHTTPREAD: 0
[2026-03-22 17:55:36] [SIM4G] URC: +QHTTPREAD: 0
[2026-03-22 17:55:37] [SIM4G] URC: +QHTTPREAD: 0
[2026-03-22 17:55:38] [SIM4G] URC: +QHTTPREAD: 0
[2026-03-22 17:55:38] [SIM4G] URC: +QHTTPREAD: 0
[2026-03-22 17:55:39] [SIM4G] RSP: AT+CSQ | +CSQ: 23,99 | OK |
[2026-03-22 17:55:39] [SIM4G] STATE csq=23 dbm=-67 cgreg=5 cereg=5 cgatt=1 ip="10.68.182.38"
[2026-03-22 17:55:40] [SIM4G] URC: +QHTTPREAD: 0
[2026-03-22 17:55:41] [SIM4G] URC: +QHTTPREAD: 0
[2026-03-22 17:55:41] [SIM4G] URC: +QHTTPREAD: 0
[2026-03-22 17:55:42] [SIM4G] URC: +QHTTPREAD: 0
[2026-03-22 17:55:42] [SIM4G] URC: +QHTTPREAD: 0
[2026-03-22 17:55:43] [SIM4G] URC: +QHTTPREAD: 0
[2026-03-22 17:55:44] [SIM4G] URC: +QHTTPREAD: 0
[2026-03-22 17:55:44] [SIM4G] URC: +QHTTPREAD: 0
[2026-03-22 17:55:45] [SIM4G] URC: +QHTTPREAD: 0
[2026-03-22 17:55:45] [SIM4G] URC: +QHTTPREAD: 0
[2026-03-22 17:55:46] [SIM4G] RSP: AT+CEREG? | +CEREG: 0,5 | OK |
[2026-03-22 17:55:46] [SIM4G] STATE csq=23 dbm=-67 cgreg=5 cereg=5 cgatt=1 ip="10.68.182.38"
[2026-03-22 17:55:47] [SIM4G] URC: +QHTTPREAD: 0
[2026-03-22 17:55:48] [SIM4G] URC: +QHTTPREAD: 0
[2026-03-22 17:55:48] [SIM4G] URC: +QHTTPREAD: 0
[2026-03-22 17:55:49] [SIM4G] URC: +QHTTPREAD: 0
[2026-03-22 17:55:50] [SIM4G] URC: +QHTTPREAD: 0
[2026-03-22 17:55:50] [SIM4G] URC: +QHTTPREAD: 0
[2026-03-22 17:55:51] [SIM4G] URC: +QHTTPREAD: 0
[2026-03-22 17:55:52] [SIM4G] URC: +QHTTPREAD: 0
[2026-03-22 17:55:52] [SIM4G] URC: +QHTTPREAD: 0
[2026-03-22 17:55:53] [SIM4G] URC: +QHTTPREAD: 0
[2026-03-22 17:55:53] [SIM4G] RSP: AT+CGREG? | +CGREG: 0,5 | OK |
[2026-03-22 17:55:54] [SIM4G] STATE csq=23 dbm=-67 cgreg=5 cereg=5 cgatt=1 ip="10.68.182.38"
[2026-03-22 17:55:55] [SIM4G] URC: +QHTTPREAD: 0
[2026-03-22 17:55:55] [SIM4G] URC: +QHTTPREAD: 0
[2026-03-22 17:55:56] [SIM4G] URC: +QHTTPREAD: 0
[2026-03-22 17:55:56] [SIM4G] URC: +QHTTPREAD: 0
[2026-03-22 17:55:57] [SIM4G] URC: +QHTTPREAD: 0
[2026-03-22 17:55:58] [SIM4G] URC: +QHTTPREAD: 0
[2026-03-22 17:55:58] [SIM4G] URC: +QHTTPREAD: 0
[2026-03-22 17:55:59] [SIM4G] URC: +QHTTPREAD: 0
[2026-03-22 17:56:00] [SIM4G] URC: +QHTTPREAD: 0
[2026-03-22 17:56:00] ADS value: 0.00
[2026-03-22 17:56:01] Ver: 1
[2026-03-22 17:56:01] [SIM4G] RSP: AT+CGATT? | +CGATT: 1 | OK |
[2026-03-22 17:56:02] [SIM4G] STATE csq=23 dbm=-67 cgreg=5 cereg=5 cgatt=1 ip="10.68.182.38"
[2026-03-22 17:56:02] [SIM4G] URC: +QHTTPREAD: 0
[2026-03-22 17:56:03] [SIM4G] URC: +QHTTPREAD: 0
[2026-03-22 17:56:04] [SIM4G] URC: +QHTTPREAD: 0
[2026-03-22 17:56:04] [SIM4G] URC: +QHTTPREAD: 0
[2026-03-22 17:56:05] [SIM4G] URC: +QHTTPREAD: 0
[2026-03-22 17:56:06] [SIM4G] URC: +QHTTPREAD: 0
[2026-03-22 17:56:06] [SIM4G] URC: +QHTTPREAD: 0
[2026-03-22 17:56:07] [SIM4G] URC: +QHTTPREAD: 0
[2026-03-22 17:56:08] [SIM4G] URC: +QHTTPREAD: 0
[2026-03-22 17:56:08] [SIM4G] URC: +QHTTPREAD: 0
[2026-03-22 17:56:09] [SIM4G] RSP: AT+CGPADDR=1 | +CGPADDR: 1,'10.68.182.38' | OK |
[2026-03-22 17:56:09] [SIM4G] STATE csq=23 dbm=-67 cgreg=5 cereg=5 cgatt=1 ip="10.68.182.38"
[2026-03-22 17:56:10] [SIM4G] URC: +QHTTPREAD: 0
[2026-03-22 17:56:10] [SIM4G] URC: +QHTTPREAD: 0
[2026-03-22 17:56:11] [SIM4G] URC: +QHTTPREAD: 0
[2026-03-22 17:56:12] [SIM4G] URC: +QHTTPREAD: 0
[2026-03-22 17:56:12] [SIM4G] URC: +QHTTPREAD: 0
[2026-03-22 17:56:13] [SIM4G] URC: +QHTTPREAD: 0
[2026-03-22 17:56:14] [SIM4G] URC: +QHTTPREAD: 0
[2026-03-22 17:56:14] [SIM4G] URC: +QHTTPREAD: 0
[2026-03-22 17:56:15] [SIM4G] URC: +QHTTPREAD: 0
[2026-03-22 17:56:15] [SIM4G] URC: +QHTTPREAD: 0
[2026-03-22 17:56:16] [SIM4G] RSP: AT+CSQ | +CSQ: 23,99 | OK |
[2026-03-22 17:56:16] [SIM4G] STATE csq=23 dbm=-67 cgreg=5 cereg=5 cgatt=1 ip="10.68.182.38"
[2026-03-22 17:56:17] [SIM4G] URC: +QHTTPREAD: 0
[2026-03-22 17:56:18] [SIM4G] URC: +QHTTPREAD: 0
[2026-03-22 17:56:18] [SIM4G] URC: +QHTTPREAD: 0
[2026-03-22 17:56:19] [SIM4G] URC: +QHTTPREAD: 0
[2026-03-22 17:56:20] [SIM4G] URC: +QHTTPREAD: 0
[2026-03-22 17:56:20] [SIM4G] URC: +QHTTPREAD: 0
[2026-03-22 17:56:21] [SIM4G] URC: +QHTTPREAD: 0
[2026-03-22 17:56:21] [SIM4G] URC: +QHTTPREAD: 0
[2026-03-22 17:56:22] [SIM4G] URC: +QHTTPREAD: 0
[2026-03-22 17:56:23] [SIM4G] URC: +QHTTPREAD: 0
[2026-03-22 17:56:23] [SIM4G] RSP: AT+CEREG? | +CEREG: 0,5 | OK |
[2026-03-22 17:56:24] [SIM4G] STATE csq=23 dbm=-67 cgreg=5 cereg=5 cgatt=1 ip="10.68.182.38"
[2026-03-22 17:56:24] [SIM4G] URC: +QHTTPREAD: 0
[2026-03-22 17:56:25] [SIM4G] URC: +QHTTPREAD: 0
[2026-03-22 17:56:26] [SIM4G] URC: +QHTTPREAD: 0
[2026-03-22 17:56:26] [SIM4G] URC: +QHTTPREAD: 0
[2026-03-22 17:56:27] [SIM4G] URC: +QHTTPREAD: 0
[2026-03-22 17:56:28] [SIM4G] URC: +QHTTPREAD: 0
[2026-03-22 17:56:28] [SIM4G] URC: +QHTTPREAD: 0
[2026-03-22 17:56:29] [SIM4G] URC: +QHTTPREAD: 0
[2026-03-22 17:56:30] [SIM4G] URC: +QHTTPREAD: 0
[2026-03-22 17:56:30] [SIM4G] URC: +QHTTPREAD: 0
[2026-03-22 17:56:31] [SIM4G] RSP: AT+CGREG? | +CGREG: 0,5 | OK |
[2026-03-22 17:56:31] [SIM4G] STATE csq=23 dbm=-67 cgreg=5 cereg=5 cgatt=1 ip="10.68.182.38"
[2026-03-22 17:56:32] [SIM4G] URC: +QHTTPREAD: 0
[2026-03-22 17:56:32] [SIM4G] URC: +QHTTPREAD: 0
[2026-03-22 17:56:33] [SIM4G] URC: +QHTTPREAD: 0
[2026-03-22 17:56:34] [SIM4G] URC: +QHTTPREAD: 0
[2026-03-22 17:56:34] [SIM4G] URC: +QHTTPREAD: 0
[2026-03-22 17:56:35] [SIM4G] URC: +QHTTPREAD: 0
[2026-03-22 17:56:36] [SIM4G] URC: +QHTTPREAD: 0
[2026-03-22 17:56:36] [SIM4G] URC: +QHTTPREAD: 0
[2026-03-22 17:56:37] [SIM4G] URC: +QHTTPREAD: 0
[2026-03-22 17:56:38] [SIM4G] URC: +QHTTPREAD: 0
[2026-03-22 17:56:38] [SIM4G] RSP: AT+CGATT? | +CGATT: 1 | OK |
[2026-03-22 17:56:39] [SIM4G] STATE csq=23 dbm=-67 cgreg=5 cereg=5 cgatt=1 ip="10.68.182.38"
[2026-03-22 17:56:39] [SIM4G] URC: +QHTTPREAD: 0
[2026-03-22 17:56:40] [SIM4G] URC: +QHTTPREAD: 0
[2026-03-22 17:56:41] [SIM4G] URC: +QHTTPREAD: 0
[2026-03-22 17:56:41] [SIM4G] URC: +QHTTPREAD: 0
[2026-03-22 17:56:42] [SIM4G] URC: +QHTTPREAD: 0
[2026-03-22 17:56:43] [SIM4G] URC: +QHTTPREAD: 0
[2026-03-22 17:56:43] [SIM4G] URC: +QHTTPREAD: 0
[2026-03-22 17:56:44] [SIM4G] URC: +QHTTPREAD: 0
[2026-03-22 17:56:44] [SIM4G] URC: +QHTTPREAD: 0
[2026-03-22 17:56:45] [SIM4G] RSP: AT+CGPADDR=1 | +CGPADDR: 1,'10.68.182.38' | OK |
[2026-03-22 17:56:46] [SIM4G] STATE csq=23 dbm=-67 cgreg=5 cereg=5 cgatt=1 ip="10.68.182.38"
[2026-03-22 17:56:46] [SIM4G] URC: +QHTTPREAD: 0
[2026-03-22 17:56:47] [SIM4G] URC: +QHTTPREAD: 0
[2026-03-22 17:56:48] [SIM4G] URC: +QHTTPREAD: 0
[2026-03-22 17:56:48] [SIM4G] URC: +QHTTPREAD: 0
[2026-03-22 17:56:49] [SIM4G] URC: +QHTTPREAD: 0
[2026-03-22 17:56:49] [SIM4G] URC: +QHTTPREAD: 0
[2026-03-22 17:56:50] [SIM4G] URC: +QHTTPREAD: 0
[2026-03-22 17:56:51] [SIM4G] URC: +QHTTPREAD: 0
[2026-03-22 17:56:51] [SIM4G] URC: +QHTTPREAD: 0
[2026-03-22 17:56:52] [SIM4G] URC: +QHTTPREAD: 0
[2026-03-22 17:56:53] [SIM4G] RSP: AT+CSQ | +CSQ: 23,99 | OK |
[2026-03-22 17:56:53] [SIM4G] STATE csq=23 dbm=-67 cgreg=5 cereg=5 cgatt=1 ip="10.68.182.38"
[2026-03-22 17:56:54] [SIM4G] URC: +QHTTPREAD: 0
[2026-03-22 17:56:55] [SIM4G] URC: +QHTTPREAD: 0
[2026-03-22 17:56:55] [SIM4G] URC: +QHTTPREAD: 0
[2026-03-22 17:56:56] [SIM4G] URC: +QHTTPREAD: 0
[2026-03-22 17:56:57] [SIM4G] URC: +QHTTPREAD: 0
[2026-03-22 17:56:57] [SIM4G] URC: +QHTTPREAD: 0
[2026-03-22 17:56:58] [SIM4G] URC: +QHTTPREAD: 0
[2026-03-22 17:56:59] [SIM4G] URC: +QHTTPREAD: 0
[2026-03-22 17:56:59] [SIM4G] URC: +QHTTPREAD: 0
[2026-03-22 17:57:00] [SIM4G] URC: +QHTTPREAD: 0
[2026-03-22 17:57:00] [SIM4G] RSP: AT+CEREG? | +CEREG: 0,5 | OK |
[2026-03-22 17:57:01] [SIM4G] STATE csq=23 dbm=-67 cgreg=5 cereg=5 cgatt=1 ip="10.68.182.38"
[2026-03-22 17:57:01] ADS value: 0.00
[2026-03-22 17:57:02] Ver: 1
[2026-03-22 17:57:02] [SIM4G] URC: +QHTTPREAD: 0
[2026-03-22 17:57:03] [SIM4G] URC: +QHTTPREAD: 0
[2026-03-22 17:57:04] [SIM4G] URC: +QHTTPREAD: 0
[2026-03-22 17:57:04] [SIM4G] URC: +QHTTPREAD: 0
[2026-03-22 17:57:05] [SIM4G] URC: +QHTTPREAD: 0
[2026-03-22 17:57:06] [SIM4G] URC: +QHTTPREAD: 0
[2026-03-22 17:57:06] [SIM4G] URC: +QHTTPREAD: 0
[2026-03-22 17:57:07] [SIM4G] URC: +QHTTPREAD: 0
[2026-03-22 17:57:07] [SIM4G] RSP: AT+CGREG? | +CGREG: 0,5 | OK |
[2026-03-22 17:57:08] [SIM4G] STATE csq=23 dbm=-67 cgreg=5 cereg=5 cgatt=1 ip="10.68.182.38"
[2026-03-22 17:57:08] [SIM4G] URC: +QHTTPREAD: 0
[2026-03-22 17:57:09] [SIM4G] URC: +QHTTPREAD: 0
[2026-03-22 17:57:10] [SIM4G] URC: +QHTTPREAD: 0
[2026-03-22 17:57:10] [SIM4G] URC: +QHTTPREAD: 0
[2026-03-22 17:57:11] [SIM4G] URC: +QHTTPREAD: 0
[2026-03-22 17:57:12] [SIM4G] URC: +QHTTPREAD: 0
[2026-03-22 17:57:12] [SIM4G] URC: +QHTTPREAD: 0
[2026-03-22 17:57:13] [SIM4G] URC: +QHTTPREAD: 0
[2026-03-22 17:57:13] [SIM4G] URC: +QHTTPREAD: 0
[2026-03-22 17:57:14] [SIM4G] URC: +QHTTPREAD: 0
[2026-03-22 17:57:15] [SIM4G] RSP: AT+CGATT? | +CGATT: 1 | OK |
[2026-03-22 17:57:15] [SIM4G] STATE csq=23 dbm=-67 cgreg=5 cereg=5 cgatt=1 ip="10.68.182.38"
[2026-03-22 17:57:16] [SIM4G] URC: +QHTTPREAD: 0
[2026-03-22 17:57:16] [SIM4G] URC: +QHTTPREAD: 0
[2026-03-22 17:57:17] [SIM4G] URC: +QHTTPREAD: 0
[2026-03-22 17:57:18] [SIM4G] URC: +QHTTPREAD: 0
[2026-03-22 17:57:18] [SIM4G] URC: +QHTTPREAD: 0
[2026-03-22 17:57:19] [SIM4G] URC: +QHTTPREAD: 0
[2026-03-22 17:57:20] [SIM4G] URC: +QHTTPREAD: 0
[2026-03-22 17:57:20] [SIM4G] URC: +QHTTPREAD: 0
[2026-03-22 17:57:21] [SIM4G] URC: +QHTTPREAD: 0
[2026-03-22 17:57:22] [SIM4G] URC: +QHTTPREAD: 0
[2026-03-22 17:57:22] [SIM4G] RSP: AT+CGPADDR=1 | +CGPADDR: 1,'10.68.182.38' | OK |
[2026-03-22 17:57:23] [SIM4G] STATE csq=23 dbm=-67 cgreg=5 cereg=5 cgatt=1 ip="10.68.182.38"
[2026-03-22 17:57:23] [SIM4G] URC: +QHTTPREAD: 0
[2026-03-22 17:57:24] [SIM4G] URC: +QHTTPREAD: 0
[2026-03-22 17:57:25] [SIM4G] URC: +QHTTPREAD: 0
[2026-03-22 17:57:25] [SIM4G] URC: +QHTTPREAD: 0
[2026-03-22 17:57:26] [SIM4G] URC: +QHTTPREAD: 0
[2026-03-22 17:57:26] [SIM4G] URC: +QHTTPREAD: 0
[2026-03-22 17:57:27] [SIM4G] URC: +QHTTPREAD: 0
[2026-03-22 17:57:28] [SIM4G] URC: +QHTTPREAD: 0
[2026-03-22 17:57:28] [SIM4G] URC: +QHTTPREAD: 0
[2026-03-22 17:57:29] [SIM4G] URC: +QHTTPREAD: 0
[2026-03-22 17:57:30] [SIM4G] RSP: AT+CSQ | +CSQ: 23,99 | OK |
[2026-03-22 17:57:30] [SIM4G] STATE csq=23 dbm=-67 cgreg=5 cereg=5 cgatt=1 ip="10.68.182.38"
[2026-03-22 17:57:31] [SIM4G] URC: +QHTTPREAD: 0
[2026-03-22 17:57:31] [SIM4G] URC: +QHTTPREAD: 0
[2026-03-22 17:57:32] [SIM4G] URC: +QHTTPREAD: 0
[2026-03-22 17:57:33] [SIM4G] URC: +QHTTPREAD: 0
[2026-03-22 17:57:33] [SIM4G] URC: +QHTTPREAD: 0
[2026-03-22 17:57:34] [SIM4G] URC: +QHTTPREAD: 0
[2026-03-22 17:57:35] [SIM4G] URC: +QHTTPREAD: 0
[2026-03-22 17:57:35] [SIM4G] URC: +QHTTPREAD: 0
[2026-03-22 17:57:36] [SIM4G] URC: +QHTTPREAD: 0
[2026-03-22 17:57:36] [SIM4G] URC: +QHTTPREAD: 0
[2026-03-22 17:57:37] [SIM4G] RSP: AT+CEREG? | +CEREG: 0,5 | OK |
[2026-03-22 17:57:37] [SIM4G] STATE csq=23 dbm=-67 cgreg=5 cereg=5 cgatt=1 ip="10.68.182.38"
[2026-03-22 17:57:38] [SIM4G] URC: +QHTTPREAD: 0
[2026-03-22 17:57:39] [SIM4G] URC: +QHTTPREAD: 0
[2026-03-22 17:57:39] [SIM4G] URC: +QHTTPREAD: 0
[2026-03-22 17:57:40] [SIM4G] URC: +QHTTPREAD: 0
[2026-03-22 17:57:41] [SIM4G] URC: +QHTTPREAD: 0
[2026-03-22 17:57:41] [SIM4G] URC: +QHTTPREAD: 0
[2026-03-22 17:57:42] [SIM4G] URC: +QHTTPREAD: 0
[2026-03-22 17:57:43] [SIM4G] URC: +QHTTPREAD: 0
[2026-03-22 17:57:43] [SIM4G] URC: +QHTTPREAD: 0
[2026-03-22 17:57:44] [SIM4G] URC: +QHTTPREAD: 0
[2026-03-22 17:57:44] [SIM4G] RSP: AT+CGREG? | +CGREG: 0,5 | OK |
[2026-03-22 17:57:45] [SIM4G] STATE csq=23 dbm=-67 cgreg=5 cereg=5 cgatt=1 ip="10.68.182.38"
[2026-03-22 17:57:46] [SIM4G] URC: +QHTTPREAD: 0
[2026-03-22 17:57:46] [SIM4G] URC: +QHTTPREAD: 0
[2026-03-22 17:57:47] [SIM4G] URC: +QHTTPREAD: 0
[2026-03-22 17:57:48] [SIM4G] URC: +QHTTPREAD: 0
[2026-03-22 17:57:48] [SIM4G] URC: +QHTTPREAD: 0
[2026-03-22 17:57:49] [SIM4G] URC: +QHTTPREAD: 0
[2026-03-22 17:57:50] [SIM4G] URC: +QHTTPREAD: 0
[2026-03-22 17:57:50] [SIM4G] URC: +QHTTPREAD: 0
[2026-03-22 17:57:51] [SIM4G] URC: +QHTTPREAD: 0
[2026-03-22 17:57:51] [SIM4G] RSP: AT+CGATT? | +CGATT: 1 | OK |
[2026-03-22 17:57:52] [SIM4G] STATE csq=23 dbm=-67 cgreg=5 cereg=5 cgatt=1 ip="10.68.182.38"
[2026-03-22 17:57:53] [SIM4G] URC: +QHTTPREAD: 0
[2026-03-22 17:57:53] [SIM4G] URC: +QHTTPREAD: 0
[2026-03-22 17:57:54] [SIM4G] URC: +QHTTPREAD: 0
[2026-03-22 17:57:55] [SIM4G] URC: +QHTTPREAD: 0
[2026-03-22 17:57:55] [SIM4G] URC: +QHTTPREAD: 0
[2026-03-22 17:57:56] [SIM4G] URC: +QHTTPREAD: 0
[2026-03-22 17:57:56] [SIM4G] URC: +QHTTPREAD: 0
[2026-03-22 17:57:57] [SIM4G] URC: +QHTTPREAD: 0
[2026-03-22 17:57:58] [SIM4G] URC: +QHTTPREAD: 0
[2026-03-22 17:57:58] [SIM4G] URC: +QHTTPREAD: 0
[2026-03-22 17:57:59] [SIM4G] RSP: AT+CGPADDR=1 | +CGPADDR: 1,'10.68.182.38' | OK |
[2026-03-22 17:57:59] [SIM4G] STATE csq=23 dbm=-67 cgreg=5 cereg=5 cgatt=1 ip="10.68.182.38"
[2026-03-22 17:58:00] [SIM4G] URC: +QHTTPREAD: 0
[2026-03-22 17:58:01] [SIM4G] URC: +QHTTPREAD: 0
[2026-03-22 17:58:01] [SIM4G] URC: +QHTTPREAD: 0
[2026-03-22 17:58:02] [SIM4G] URC: +QHTTPREAD: 0
[2026-03-22 17:58:03] ADS value: 0.00
[2026-03-22 17:58:03] Ver: 1
[2026-03-22 17:58:04] [SIM4G] URC: +QHTTPREAD: 0
[2026-03-22 17:58:04] [SIM4G] URC: +QHTTPREAD: 0
[2026-03-22 17:58:05] [SIM4G] URC: +QHTTPREAD: 0
[2026-03-22 17:58:06] [SIM4G] URC: +QHTTPREAD: 0
[2026-03-22 17:58:06] [SIM4G] RSP: AT+CSQ | +CSQ: 23,99 | OK |
[2026-03-22 17:58:07] [SIM4G] STATE csq=23 dbm=-67 cgreg=5 cereg=5 cgatt=1 ip="10.68.182.38"
[2026-03-22 17:58:07] [SIM4G] URC: +QHTTPREAD: 0
[2026-03-22 17:58:08] [SIM4G] URC: +QHTTPREAD: 0
[2026-03-22 17:58:09] [SIM4G] URC: +QHTTPREAD: 0
[2026-03-22 17:58:09] [SIM4G] URC: +QHTTPREAD: 0
[2026-03-22 17:58:10] [SIM4G] URC: +QHTTPREAD: 0
[2026-03-22 17:58:11] [SIM4G] URC: +QHTTPREAD: 0
[2026-03-22 17:58:11] [SIM4G] URC: +QHTTPREAD: 0
[2026-03-22 17:58:12] [SIM4G] URC: +QHTTPREAD: 0
[2026-03-22 17:58:12] [SIM4G] URC: +QHTTPREAD: 0
[2026-03-22 17:58:13] [SIM4G] URC: +QHTTPREAD: 0
[2026-03-22 17:58:14] [SIM4G] RSP: AT+CEREG? | +CEREG: 0,5 | OK |
[2026-03-22 17:58:14] [SIM4G] STATE csq=23 dbm=-67 cgreg=5 cereg=5 cgatt=1 ip="10.68.182.38"
[2026-03-22 17:58:15] [SIM4G] URC: +QHTTPREAD: 0
[2026-03-22 17:58:15] [SIM4G] URC: +QHTTPREAD: 0
[2026-03-22 17:58:16] [SIM4G] URC: +QHTTPREAD: 0
[2026-03-22 17:58:17] [SIM4G] URC: +QHTTPREAD: 0
[2026-03-22 17:58:17] [SIM4G] URC: +QHTTPREAD: 0
[2026-03-22 17:58:18] [SIM4G] URC: +QHTTPREAD: 0
[2026-03-22 17:58:19] [SIM4G] URC: +QHTTPREAD: 0
[2026-03-22 17:58:19] [SIM4G] URC: +QHTTPREAD: 0
[2026-03-22 17:58:20] [SIM4G] URC: +QHTTPREAD: 0
[2026-03-22 17:58:21] [SIM4G] RSP: AT+CGREG? | +CGREG: 0,5 | OK |
[2026-03-22 17:58:21] [SIM4G] STATE csq=23 dbm=-67 cgreg=5 cereg=5 cgatt=1 ip="10.68.182.38"
[2026-03-22 17:58:22] [SIM4G] URC: +QHTTPREAD: 0
[2026-03-22 17:58:22] [SIM4G] URC: +QHTTPREAD: 0
[2026-03-22 17:58:23] [SIM4G] URC: +QHTTPREAD: 0
[2026-03-22 17:58:24] [SIM4G] URC: +QHTTPREAD: 0
[2026-03-22 17:58:24] [SIM4G] URC: +QHTTPREAD: 0
[2026-03-22 17:58:25] [SIM4G] URC: +QHTTPREAD: 0
[2026-03-22 17:58:26] [SIM4G] URC: +QHTTPREAD: 0
[2026-03-22 17:58:26] [SIM4G] URC: +QHTTPREAD: 0
[2026-03-22 17:58:27] [SIM4G] URC: +QHTTPREAD: 0
[2026-03-22 17:58:28] [SIM4G] URC: +QHTTPREAD: 0
[2026-03-22 17:58:28] [SIM4G] RSP: AT+CGATT? | +CGATT: 1 | OK |
[2026-03-22 17:58:29] [SIM4G] STATE csq=23 dbm=-67 cgreg=5 cereg=5 cgatt=1 ip="10.68.182.38"
[2026-03-22 17:58:29] [SIM4G] URC: +QHTTPREAD: 0
[2026-03-22 17:58:30] [SIM4G] URC: +QHTTPREAD: 0
[2026-03-22 17:58:30] [SIM4G] URC: +QHTTPREAD: 0
[2026-03-22 17:58:31] [SIM4G] URC: +QHTTPREAD: 0
[2026-03-22 17:58:32] [SIM4G] URC: +QHTTPREAD: 0
[2026-03-22 17:58:32] [SIM4G] URC: +QHTTPREAD: 0
[2026-03-22 17:58:33] [SIM4G] URC: +QHTTPREAD: 0
[2026-03-22 17:58:34] [SIM4G] URC: +QHTTPREAD: 0
[2026-03-22 17:58:34] [SIM4G] URC: +QHTTPREAD: 0
[2026-03-22 17:58:35] [SIM4G] RSP: AT+CGPADDR=1 | +CGPADDR: 1,'10.68.182.38' | OK |
[2026-03-22 17:58:36] [SIM4G] STATE csq=23 dbm=-67 cgreg=5 cereg=5 cgatt=1 ip="10.68.182.38"
[2026-03-22 17:58:36] [SIM4G] URC: +QHTTPREAD: 0
[2026-03-22 17:58:37] [SIM4G] URC: +QHTTPREAD: 0
[2026-03-22 17:58:37] [SIM4G] URC: +QHTTPREAD: 0
[2026-03-22 17:58:38] [SIM4G] URC: +QHTTPREAD: 0
[2026-03-22 17:58:39] [SIM4G] URC: +QHTTPREAD: 0
[2026-03-22 17:58:39] [SIM4G] URC: +QHTTPREAD: 0
[2026-03-22 17:58:40] [SIM4G] URC: +QHTTPREAD: 0
[2026-03-22 17:58:41] [SIM4G] URC: +QHTTPREAD: 0
[2026-03-22 17:58:41] [SIM4G] URC: +QHTTPREAD: 0
[2026-03-22 17:58:42] [SIM4G] URC: +QHTTPREAD: 0
[2026-03-22 17:58:42] [SIM4G] RSP: AT+CSQ | +CSQ: 23,99 | OK |
[2026-03-22 17:58:43] [SIM4G] STATE csq=23 dbm=-67 cgreg=5 cereg=5 cgatt=1 ip="10.68.182.38"
[2026-03-22 17:58:44] [SIM4G] URC: +QHTTPREAD: 0
[2026-03-22 17:58:44] [SIM4G] URC: +QHTTPREAD: 0
[2026-03-22 17:58:45] [SIM4G] URC: +QHTTPREAD: 0
[2026-03-22 17:58:45] [SIM4G] URC: +QHTTPREAD: 0
[2026-03-22 17:58:46] [SIM4G] URC: +QHTTPREAD: 0
[2026-03-22 17:58:47] [SIM4G] URC: +QHTTPREAD: 0
[2026-03-22 17:58:47] [SIM4G] URC: +QHTTPREAD: 0
[2026-03-22 17:58:48] [SIM4G] URC: +QHTTPREAD: 0
[2026-03-22 17:58:49] [SIM4G] URC: +QHTTPREAD: 0
[2026-03-22 17:58:49] [SIM4G] URC: +QHTTPREAD: 0
[2026-03-22 17:58:50] [SIM4G] RSP: AT+CEREG? | +CEREG: 0,5 | OK |
[2026-03-22 17:58:50] [SIM4G] STATE csq=23 dbm=-67 cgreg=5 cereg=5 cgatt=1 ip="10.68.182.38"
[2026-03-22 17:58:51] [SIM4G] URC: +QHTTPREAD: 0
[2026-03-22 17:58:52] [SIM4G] URC: +QHTTPREAD: 0
[2026-03-22 17:58:52] [SIM4G] URC: +QHTTPREAD: 0
[2026-03-22 17:58:53] [SIM4G] URC: +QHTTPREAD: 0
[2026-03-22 17:58:54] [SIM4G] URC: +QHTTPREAD: 0
[2026-03-22 17:58:54] [SIM4G] URC: +QHTTPREAD: 0
[2026-03-22 17:58:55] [SIM4G] URC: +QHTTPREAD: 0
[2026-03-22 17:58:55] [SIM4G] URC: +QHTTPREAD: 0
[2026-03-22 17:58:56] [SIM4G] URC: +QHTTPREAD: 0
[2026-03-22 17:58:57] [SIM4G] RSP: AT+CGREG? | +CGREG: 0,5 | OK |
[2026-03-22 17:58:57] [SIM4G] STATE csq=23 dbm=-67 cgreg=5 cereg=5 cgatt=1 ip="10.68.182.38"
[2026-03-22 17:58:58] [SIM4G] URC: +QHTTPREAD: 0
[2026-03-22 17:58:59] [SIM4G] URC: +QHTTPREAD: 0
[2026-03-22 17:58:59] [SIM4G] URC: +QHTTPREAD: 0
[2026-03-22 17:59:00] [SIM4G] URC: +QHTTPREAD: 0
[2026-03-22 17:59:01] [SIM4G] URC: +QHTTPREAD: 0
[2026-03-22 17:59:01] [SIM4G] URC: +QHTTPREAD: 0
[2026-03-22 17:59:02] [SIM4G] URC: +QHTTPREAD: 0
[2026-03-22 17:59:02] [SIM4G] URC: +QHTTPREAD: 0
[2026-03-22 17:59:03] [SIM4G] URC: +QHTTPREAD: 0
[2026-03-22 17:59:04] ADS value: 0.00
[2026-03-22 17:59:04] Ver: 1
[2026-03-22 17:59:05] [SIM4G] RSP: AT+CGATT? | +CGATT: 1 | OK |
[2026-03-22 17:59:05] [SIM4G] STATE csq=23 dbm=-67 cgreg=5 cereg=5 cgatt=1 ip="10.68.182.38"
[2026-03-22 17:59:06] [SIM4G] URC: +QHTTPREAD: 0
[2026-03-22 17:59:07] [SIM4G] URC: +QHTTPREAD: 0
[2026-03-22 17:59:07] [SIM4G] URC: +QHTTPREAD: 0
[2026-03-22 17:59:08] [SIM4G] URC: +QHTTPREAD: 0
[2026-03-22 17:59:09] [SIM4G] URC: +QHTTPREAD: 0
[2026-03-22 17:59:09] [SIM4G] URC: +QHTTPREAD: 0
[2026-03-22 17:59:10] [SIM4G] URC: +QHTTPREAD: 0
[2026-03-22 17:59:11] [SIM4G] URC: +QHTTPREAD: 0
[2026-03-22 17:59:11] [SIM4G] URC: +QHTTPREAD: 0
[2026-03-22 17:59:12] [SIM4G] RSP: AT+CGPADDR=1 | +CGPADDR: 1,'10.68.182.38' | OK |
[2026-03-22 17:59:12] [SIM4G] STATE csq=23 dbm=-67 cgreg=5 cereg=5 cgatt=1 ip="10.68.182.38"
[2026-03-22 17:59:13] [SIM4G] URC: +QHTTPREAD: 0
[2026-03-22 17:59:14] [SIM4G] URC: +QHTTPREAD: 0
[2026-03-22 17:59:14] [SIM4G] URC: +QHTTPREAD: 0
[2026-03-22 17:59:15] [SIM4G] URC: +QHTTPREAD: 0
[2026-03-22 17:59:16] [SIM4G] URC: +QHTTPREAD: 0
[2026-03-22 17:59:16] [SIM4G] URC: +QHTTPREAD: 0
[2026-03-22 17:59:17] [SIM4G] URC: +QHTTPREAD: 0
[2026-03-22 17:59:18] [SIM4G] URC: +QHTTPREAD: 0
[2026-03-22 17:59:18] [SIM4G] URC: +QHTTPREAD: 0
[2026-03-22 17:59:19] [SIM4G] RSP: AT+CSQ | +CSQ: 23,99 | OK |
[2026-03-22 17:59:19] [SIM4G] STATE csq=23 dbm=-67 cgreg=5 cereg=5 cgatt=1 ip="10.68.182.38"
[2026-03-22 17:59:20] [SIM4G] URC: +QHTTPREAD: 0
[2026-03-22 17:59:21] [SIM4G] URC: +QHTTPREAD: 0
[2026-03-22 17:59:21] [SIM4G] URC: +QHTTPREAD: 0
[2026-03-22 17:59:22] [SIM4G] URC: +QHTTPREAD: 0
[2026-03-22 17:59:23] [SIM4G] URC: +QHTTPREAD: 0
[2026-03-22 17:59:23] [SIM4G] URC: +QHTTPREAD: 0
[2026-03-22 17:59:24] [SIM4G] URC: +QHTTPREAD: 0
[2026-03-22 17:59:25] [SIM4G] URC: +QHTTPREAD: 0
[2026-03-22 17:59:25] [SIM4G] URC: +QHTTPREAD: 0
[2026-03-22 17:59:26] [SIM4G] RSP: AT+CEREG? | +CEREG: 0,5 | OK |
[2026-03-22 17:59:26] [SIM4G] STATE csq=23 dbm=-67 cgreg=5 cereg=5 cgatt=1 ip="10.68.182.38"
[2026-03-22 17:59:27] [SIM4G] URC: +QHTTPREAD: 0
[2026-03-22 17:59:28] [SIM4G] URC: +QHTTPREAD: 0
[2026-03-22 17:59:28] [SIM4G] URC: +QHTTPREAD: 0
[2026-03-22 17:59:29] [SIM4G] URC: +QHTTPREAD: 0
[2026-03-22 17:59:30] [SIM4G] URC: +QHTTPREAD: 0
[2026-03-22 17:59:30] [SIM4G] URC: +QHTTPREAD: 0
[2026-03-22 17:59:31] [SIM4G] URC: +QHTTPREAD: 0
[2026-03-22 17:59:32] [SIM4G] URC: +QHTTPREAD: 0
[2026-03-22 17:59:32] [SIM4G] URC: +QHTTPREAD: 0
[2026-03-22 17:59:33] [SIM4G] URC: +QHTTPREAD: 0
[2026-03-22 17:59:33] [SIM4G] RSP: AT+CGREG? | +CGREG: 0,5 | OK |
[2026-03-22 17:59:34] [SIM4G] STATE csq=23 dbm=-67 cgreg=5 cereg=5 cgatt=1 ip="10.68.182.38"
[2026-03-22 17:59:34] [SIM4G] URC: +QHTTPREAD: 0
[2026-03-22 17:59:35] [SIM4G] URC: +QHTTPREAD: 0
[2026-03-22 17:59:36] [SIM4G] URC: +QHTTPREAD: 0
[2026-03-22 17:59:36] [SIM4G] URC: +QHTTPREAD: 0
[2026-03-22 17:59:37] [SIM4G] URC: +QHTTPREAD: 0
[2026-03-22 17:59:38] [SIM4G] URC: +QHTTPREAD: 0
[2026-03-22 17:59:38] [SIM4G] URC: +QHTTPREAD: 0
[2026-03-22 17:59:39] [SIM4G] URC: +QHTTPREAD: 0
[2026-03-22 17:59:40] [SIM4G] URC: +QHTTPREAD: 0
[2026-03-22 17:59:40] [SIM4G] URC: +QHTTPREAD: 0
[2026-03-22 17:59:41] [SIM4G] RSP: AT+CGATT? | +CGATT: 1 | OK |
[2026-03-22 17:59:41] [SIM4G] STATE csq=23 dbm=-67 cgreg=5 cereg=5 cgatt=1 ip="10.68.182.38"
[2026-03-22 17:59:42] [SIM4G] URC: +QHTTPREAD: 0
[2026-03-22 17:59:43] [SIM4G] URC: +QHTTPREAD: 0
[2026-03-22 17:59:43] [SIM4G] URC: +QHTTPREAD: 0
[2026-03-22 17:59:44] [SIM4G] URC: +QHTTPREAD: 0
[2026-03-22 17:59:44] [SIM4G] URC: +QHTTPREAD: 0
[2026-03-22 17:59:45] [SIM4G] URC: +QHTTPREAD: 0
[2026-03-22 17:59:46] [SIM4G] URC: +QHTTPREAD: 0
[2026-03-22 17:59:46] [SIM4G] URC: +QHTTPREAD: 0
[2026-03-22 17:59:47] [SIM4G] URC: +QHTTPREAD: 0
[2026-03-22 17:59:48] [SIM4G] URC: +QHTTPREAD: 0
[2026-03-22 17:59:48] [SIM4G] RSP: AT+CGPADDR=1 | +CGPADDR: 1,'10.68.182.38' | OK |
[2026-03-22 17:59:49] [SIM4G] STATE csq=23 dbm=-67 cgreg=5 cereg=5 cgatt=1 ip="10.68.182.38"
[2026-03-22 17:59:49] [SIM4G] URC: +QHTTPREAD: 0
[2026-03-22 17:59:50] [SIM4G] URC: +QHTTPREAD: 0
[2026-03-22 17:59:51] [SIM4G] URC: +QHTTPREAD: 0
[2026-03-22 17:59:51] [SIM4G] URC: +QHTTPREAD: 0
[2026-03-22 17:59:52] [SIM4G] URC: +QHTTPREAD: 0
[2026-03-22 17:59:53] [SIM4G] URC: +QHTTPREAD: 0
[2026-03-22 17:59:53] [SIM4G] URC: +QHTTPREAD: 0
[2026-03-22 17:59:54] [SIM4G] URC: +QHTTPREAD: 0
[2026-03-22 17:59:54] [SIM4G] URC: +QHTTPREAD: 0
[2026-03-22 17:59:55] [SIM4G] URC: +QHTTPREAD: 0
[2026-03-22 17:59:56] [SIM4G] RSP: AT+CSQ | +CSQ: 23,99 | OK |
[2026-03-22 17:59:56] [SIM4G] STATE csq=23 dbm=-67 cgreg=5 cereg=5 cgatt=1 ip="10.68.182.38"
[2026-03-22 17:59:57] [SIM4G] URC: +QHTTPREAD: 0
[2026-03-22 17:59:58] [SIM4G] URC: +QHTTPREAD: 0
[2026-03-22 17:59:58] [SIM4G] URC: +QHTTPREAD: 0
[2026-03-22 17:59:59] [SIM4G] URC: +QHTTPREAD: 0
[2026-03-22 18:00:00] [SIM4G] URC: +QHTTPREAD: 0
[2026-03-22 18:00:00] [SIM4G] URC: +QHTTPREAD: 0
[2026-03-22 18:00:01] [SIM4G] URC: +QHTTPREAD: 0
[2026-03-22 18:00:01] [SIM4G] URC: +QHTTPREAD: 0
[2026-03-22 18:00:02] [SIM4G] URC: +QHTTPREAD: 0
[2026-03-22 18:00:03] [SIM4G] RSP: AT+CEREG? | +CEREG: 0,5 | OK |
[2026-03-22 18:00:03] [SIM4G] STATE csq=23 dbm=-67 cgreg=5 cereg=5 cgatt=1 ip="10.68.182.38"
[2026-03-22 18:00:04] [SIM4G] URC: +QHTTPREAD: 0
[2026-03-22 18:00:05] [SIM4G] URC: +QHTTPREAD: 0
[2026-03-22 18:00:05] ADS value: 0.00
[2026-03-22 18:00:06] Ver: 1
[2026-03-22 18:00:06] [SIM4G] URC: +QHTTPREAD: 0
[2026-03-22 18:00:07] [SIM4G] URC: +QHTTPREAD: 0
[2026-03-22 18:00:08] [SIM4G] URC: +QHTTPREAD: 0
[2026-03-22 18:00:08] [SIM4G] URC: +QHTTPREAD: 0
[2026-03-22 18:00:09] [SIM4G] URC: +QHTTPREAD: 0
[2026-03-22 18:00:09] [SIM4G] URC: +QHTTPREAD: 0
[2026-03-22 18:00:10] [SIM4G] RSP: AT+CGREG? | +CGREG: 0,5 | OK |
[2026-03-22 18:00:10] [SIM4G] STATE csq=23 dbm=-67 cgreg=5 cereg=5 cgatt=1 ip="10.68.182.38"
[2026-03-22 18:00:11] [SIM4G] URC: +QHTTPREAD: 0
[2026-03-22 18:00:12] [SIM4G] URC: +QHTTPREAD: 0
[2026-03-22 18:00:12] [SIM4G] URC: +QHTTPREAD: 0
[2026-03-22 18:00:13] [SIM4G] URC: +QHTTPREAD: 0
[2026-03-22 18:00:14] [SIM4G] URC: +QHTTPREAD: 0
[2026-03-22 18:00:14] [SIM4G] URC: +QHTTPREAD: 0
[2026-03-22 18:00:15] [SIM4G] URC: +QHTTPREAD: 0
[2026-03-22 18:00:16] [SIM4G] URC: +QHTTPREAD: 0
[2026-03-22 18:00:16] [SIM4G] URC: +QHTTPREAD: 0
[2026-03-22 18:00:17] [SIM4G] RSP: AT+CGATT? | +CGATT: 1 | OK |
[2026-03-22 18:00:17] [SIM4G] STATE csq=23 dbm=-67 cgreg=5 cereg=5 cgatt=1 ip="10.68.182.38"
[2026-03-22 18:00:18] [SIM4G] URC: +QHTTPREAD: 0
[2026-03-22 18:00:19] [SIM4G] URC: +QHTTPREAD: 0
[2026-03-22 18:00:19] [SIM4G] URC: +QHTTPREAD: 0
[2026-03-22 18:00:20] [SIM4G] URC: +QHTTPREAD: 0
[2026-03-22 18:00:21] [SIM4G] URC: +QHTTPREAD: 0
[2026-03-22 18:00:21] [SIM4G] URC: +QHTTPREAD: 0
[2026-03-22 18:00:22] [SIM4G] URC: +QHTTPREAD: 0
[2026-03-22 18:00:23] [SIM4G] URC: +QHTTPREAD: 0
[2026-03-22 18:00:23] [SIM4G] URC: +QHTTPREAD: 0
[2026-03-22 18:00:24] [SIM4G] URC: +QHTTPREAD: 0
[2026-03-22 18:00:24] [SIM4G] RSP: AT+CGPADDR=1 | +CGPADDR: 1,'10.68.182.38' | OK |
[2026-03-22 18:00:25] [SIM4G] STATE csq=23 dbm=-67 cgreg=5 cereg=5 cgatt=1 ip="10.68.182.38"
[2026-03-22 18:00:26] [SIM4G] URC: +QHTTPREAD: 0
[2026-03-22 18:00:26] [SIM4G] URC: +QHTTPREAD: 0
[2026-03-22 18:00:27] [SIM4G] URC: +QHTTPREAD: 0
[2026-03-22 18:00:28] [SIM4G] URC: +QHTTPREAD: 0
[2026-03-22 18:00:28] [SIM4G] URC: +QHTTPREAD: 0
[2026-03-22 18:00:29] [SIM4G] URC: +QHTTPREAD: 0
[2026-03-22 18:00:29] [SIM4G] URC: +QHTTPREAD: 0
[2026-03-22 18:00:30] [SIM4G] URC: +QHTTPREAD: 0
[2026-03-22 18:00:31] [SIM4G] URC: +QHTTPREAD: 0
[2026-03-22 18:00:31] [SIM4G] RSP: AT+CSQ | +CSQ: 23,99 | OK |
[2026-03-22 18:00:32] [SIM4G] STATE csq=23 dbm=-67 cgreg=5 cereg=5 cgatt=1 ip="10.68.182.38"
[2026-03-22 18:00:33] [SIM4G] URC: +QHTTPREAD: 0
[2026-03-22 18:00:33] [SIM4G] URC: +QHTTPREAD: 0
[2026-03-22 18:00:34] [SIM4G] URC: +QHTTPREAD: 0
[2026-03-22 18:00:34] [SIM4G] URC: +QHTTPREAD: 0
[2026-03-22 18:00:35] [SIM4G] URC: +QHTTPREAD: 0
[2026-03-22 18:00:36] [SIM4G] URC: +QHTTPREAD: 0
[2026-03-22 18:00:36] [SIM4G] URC: +QHTTPREAD: 0
[2026-03-22 18:00:37] [SIM4G] URC: +QHTTPREAD: 0
[2026-03-22 18:00:38] [SIM4G] URC: +QHTTPREAD: 0
[2026-03-22 18:00:38] [SIM4G] URC: +QHTTPREAD: 0
[2026-03-22 18:00:39] [SIM4G] RSP: AT+CEREG? | +CEREG: 0,5 | OK |
[2026-03-22 18:00:39] [SIM4G] STATE csq=23 dbm=-67 cgreg=5 cereg=5 cgatt=1 ip="10.68.182.38"
[2026-03-22 18:00:40] [SIM4G] URC: +QHTTPREAD: 0
[2026-03-22 18:00:41] [SIM4G] URC: +QHTTPREAD: 0
[2026-03-22 18:00:41] [SIM4G] URC: +QHTTPREAD: 0
[2026-03-22 18:00:42] [SIM4G] URC: +QHTTPREAD: 0
[2026-03-22 18:00:43] [SIM4G] URC: +QHTTPREAD: 0
[2026-03-22 18:00:43] [SIM4G] URC: +QHTTPREAD: 0
[2026-03-22 18:00:44] [SIM4G] URC: +QHTTPREAD: 0
[2026-03-22 18:00:44] [SIM4G] URC: +QHTTPREAD: 0
[2026-03-22 18:00:45] [SIM4G] URC: +QHTTPREAD: 0
[2026-03-22 18:00:46] [SIM4G] URC: +QHTTPREAD: 0
[2026-03-22 18:00:46] [SIM4G] RSP: AT+CGREG? | +CGREG: 0,5 | OK |
[2026-03-22 18:00:47] [SIM4G] STATE csq=23 dbm=-67 cgreg=5 cereg=5 cgatt=1 ip="10.68.182.38"
[2026-03-22 18:00:47] [SIM4G] URC: +QHTTPREAD: 0
[2026-03-22 18:00:48] [SIM4G] URC: +QHTTPREAD: 0
[2026-03-22 18:00:49] [SIM4G] URC: +QHTTPREAD: 0
[2026-03-22 18:00:49] [SIM4G] URC: +QHTTPREAD: 0
[2026-03-22 18:00:50] [SIM4G] URC: +QHTTPREAD: 0
[2026-03-22 18:00:51] [SIM4G] URC: +QHTTPREAD: 0
[2026-03-22 18:00:51] [SIM4G] URC: +QHTTPREAD: 0
[2026-03-22 18:00:52] [SIM4G] URC: +QHTTPREAD: 0
[2026-03-22 18:00:53] [SIM4G] URC: +QHTTPREAD: 0
[2026-03-22 18:00:53] [SIM4G] RSP: AT+CGATT? | +CGATT: 1 | OK |
[2026-03-22 18:00:54] [SIM4G] STATE csq=23 dbm=-67 cgreg=5 cereg=5 cgatt=1 ip="10.68.182.38"
[2026-03-22 18:00:54] [SIM4G] URC: +QHTTPREAD: 0
[2026-03-22 18:00:55] [SIM4G] URC: +QHTTPREAD: 0
[2026-03-22 18:00:56] [SIM4G] URC: +QHTTPREAD: 0
[2026-03-22 18:00:56] [SIM4G] URC: +QHTTPREAD: 0
[2026-03-22 18:00:57] [SIM4G] URC: +QHTTPREAD: 0
[2026-03-22 18:00:58] [SIM4G] URC: +QHTTPREAD: 0
[2026-03-22 18:00:58] [SIM4G] URC: +QHTTPREAD: 0
[2026-03-22 18:00:59] [SIM4G] URC: +QHTTPREAD: 0
[2026-03-22 18:01:00] [SIM4G] URC: +QHTTPREAD: 0
[2026-03-22 18:01:00] [SIM4G] URC: +QHTTPREAD: 0
[2026-03-22 18:01:01] [SIM4G] RSP: AT+CGPADDR=1 | +CGPADDR: 1,'10.68.182.38' | OK |
[2026-03-22 18:01:01] [SIM4G] STATE csq=23 dbm=-67 cgreg=5 cereg=5 cgatt=1 ip="10.68.182.38"
[2026-03-22 18:01:02] [SIM4G] URC: +QHTTPREAD: 0
[2026-03-22 18:01:02] [SIM4G] URC: +QHTTPREAD: 0
[2026-03-22 18:01:03] [SIM4G] URC: +QHTTPREAD: 0
[2026-03-22 18:01:04] [SIM4G] URC: +QHTTPREAD: 0
[2026-03-22 18:01:04] [SIM4G] URC: +QHTTPREAD: 0
[2026-03-22 18:01:05] [SIM4G] URC: +QHTTPREAD: 0
[2026-03-22 18:01:06] [SIM4G] URC: +QHTTPREAD: 0
[2026-03-22 18:01:06] ADS value: 0.00
[2026-03-22 18:01:07] Ver: 1
[2026-03-22 18:01:07] [SIM4G] URC: +QHTTPREAD: 0
[2026-03-22 18:01:08] [SIM4G] RSP: AT+CSQ | +CSQ: 23,99 | OK |
[2026-03-22 18:01:08] [SIM4G] STATE csq=23 dbm=-67 cgreg=5 cereg=5 cgatt=1 ip="10.68.182.38"
[2026-03-22 18:01:09] [SIM4G] URC: +QHTTPREAD: 0
[2026-03-22 18:01:10] [SIM4G] URC: +QHTTPREAD: 0
[2026-03-22 18:01:10] [SIM4G] URC: +QHTTPREAD: 0
[2026-03-22 18:01:11] [SIM4G] URC: +QHTTPREAD: 0
[2026-03-22 18:01:12] [SIM4G] URC: +QHTTPREAD: 0
[2026-03-22 18:01:12] [SIM4G] URC: +QHTTPREAD: 0
[2026-03-22 18:01:13] [SIM4G] URC: +QHTTPREAD: 0
[2026-03-22 18:01:14] [SIM4G] URC: +QHTTPREAD: 0
[2026-03-22 18:01:14] [SIM4G] URC: +QHTTPREAD: 0
[2026-03-22 18:01:15] [SIM4G] URC: +QHTTPREAD: 0
[2026-03-22 18:01:15] [SIM4G] RSP: AT+CEREG? | +CEREG: 0,5 | OK |
[2026-03-22 18:01:16] [SIM4G] STATE csq=23 dbm=-67 cgreg=5 cereg=5 cgatt=1 ip="10.68.182.38"
[2026-03-22 18:01:17] [SIM4G] URC: +QHTTPREAD: 0
[2026-03-22 18:01:17] [SIM4G] URC: +QHTTPREAD: 0
[2026-03-22 18:01:18] [SIM4G] URC: +QHTTPREAD: 0
[2026-03-22 18:01:18] [SIM4G] URC: +QHTTPREAD: 0
[2026-03-22 18:01:19] [SIM4G] URC: +QHTTPREAD: 0
[2026-03-22 18:01:20] [SIM4G] URC: +QHTTPREAD: 0
[2026-03-22 18:01:20] [SIM4G] URC: +QHTTPREAD: 0
[2026-03-22 18:01:21] [SIM4G] URC: +QHTTPREAD: 0
[2026-03-22 18:01:22] [SIM4G] URC: +QHTTPREAD: 0
[2026-03-22 18:01:22] [SIM4G] URC: +QHTTPREAD: 0
[2026-03-22 18:01:23] [SIM4G] RSP: AT+CGREG? | +CGREG: 0,5 | OK |
[2026-03-22 18:01:23] [SIM4G] STATE csq=23 dbm=-67 cgreg=5 cereg=5 cgatt=1 ip="10.68.182.38"
[2026-03-22 18:01:24] [SIM4G] URC: +QHTTPREAD: 0
[2026-03-22 18:01:25] [SIM4G] URC: +QHTTPREAD: 0
[2026-03-22 18:01:25] [SIM4G] URC: +QHTTPREAD: 0
[2026-03-22 18:01:26] [SIM4G] URC: +QHTTPREAD: 0
[2026-03-22 18:01:27] [SIM4G] URC: +QHTTPREAD: 0
[2026-03-22 18:01:27] [SIM4G] URC: +QHTTPREAD: 0
[2026-03-22 18:01:28] [SIM4G] URC: +QHTTPREAD: 0
[2026-03-22 18:01:29] [SIM4G] URC: +QHTTPREAD: 0
[2026-03-22 18:01:29] [SIM4G] URC: +QHTTPREAD: 0
[2026-03-22 18:01:30] [SIM4G] URC: +QHTTPREAD: 0
[2026-03-22 18:01:30] [SIM4G] RSP: AT+CGATT? | +CGATT: 1 | OK |
[2026-03-22 18:01:31] [SIM4G] STATE csq=23 dbm=-67 cgreg=5 cereg=5 cgatt=1 ip="10.68.182.38"
[2026-03-22 18:01:32] [SIM4G] URC: +QHTTPREAD: 0
[2026-03-22 18:01:32] [SIM4G] URC: +QHTTPREAD: 0
[2026-03-22 18:01:33] [SIM4G] URC: +QHTTPREAD: 0
[2026-03-22 18:01:33] [SIM4G] URC: +QHTTPREAD: 0
[2026-03-22 18:01:34] [SIM4G] URC: +QHTTPREAD: 0
[2026-03-22 18:01:35] [SIM4G] URC: +QHTTPREAD: 0
[2026-03-22 18:01:35] [SIM4G] URC: +QHTTPREAD: 0
[2026-03-22 18:01:36] [SIM4G] URC: +QHTTPREAD: 0
[2026-03-22 18:01:37] [SIM4G] URC: +QHTTPREAD: 0
[2026-03-22 18:01:37] [SIM4G] URC: +QHTTPREAD: 0
[2026-03-22 18:01:38] [SIM4G] RSP: AT+CGPADDR=1 | +CGPADDR: 1,'10.68.182.38' | OK |
[2026-03-22 18:01:38] [SIM4G] STATE csq=23 dbm=-67 cgreg=5 cereg=5 cgatt=1 ip="10.68.182.38"
[2026-03-22 18:01:39] [SIM4G] URC: +QHTTPREAD: 0
[2026-03-22 18:01:40] [SIM4G] URC: +QHTTPREAD: 0
[2026-03-22 18:01:40] [SIM4G] URC: +QHTTPREAD: 0
[2026-03-22 18:01:41] [SIM4G] URC: +QHTTPREAD: 0
[2026-03-22 18:01:42] [SIM4G] URC: +QHTTPREAD: 0
[2026-03-22 18:01:42] [SIM4G] URC: +QHTTPREAD: 0
[2026-03-22 18:01:43] [SIM4G] URC: +QHTTPREAD: 0
[2026-03-22 18:01:44] [SIM4G] URC: +QHTTPREAD: 0
[2026-03-22 18:01:44] [SIM4G] URC: +QHTTPREAD: 0
[2026-03-22 18:01:45] [SIM4G] URC: +QHTTPREAD: 0
[2026-03-22 18:01:45] [SIM4G] RSP: AT+CSQ | +CSQ: 23,99 | OK |
[2026-03-22 18:01:46] [SIM4G] STATE csq=23 dbm=-67 cgreg=5 cereg=5 cgatt=1 ip="10.68.182.38"
[2026-03-22 18:01:47] [SIM4G] URC: +QHTTPREAD: 0
[2026-03-22 18:01:47] [SIM4G] URC: +QHTTPREAD: 0
[2026-03-22 18:01:48] [SIM4G] URC: +QHTTPREAD: 0
[2026-03-22 18:01:48] [SIM4G] URC: +QHTTPREAD: 0
[2026-03-22 18:01:49] [SIM4G] URC: +QHTTPREAD: 0
[2026-03-22 18:01:50] [SIM4G] URC: +QHTTPREAD: 0
[2026-03-22 18:01:50] [SIM4G] URC: +QHTTPREAD: 0
[2026-03-22 18:01:51] [SIM4G] URC: +QHTTPREAD: 0
[2026-03-22 18:01:52] [SIM4G] URC: +QHTTPREAD: 0
[2026-03-22 18:01:52] [SIM4G] URC: +QHTTPREAD: 0
[2026-03-22 18:01:53] [SIM4G] RSP: AT+CEREG? | +CEREG: 0,5 | OK |
[2026-03-22 18:01:53] [SIM4G] STATE csq=23 dbm=-67 cgreg=5 cereg=5 cgatt=1 ip="10.68.182.38"
[2026-03-22 18:01:54] [SIM4G] URC: +QHTTPREAD: 0
[2026-03-22 18:01:55] [SIM4G] URC: +QHTTPREAD: 0
[2026-03-22 18:01:55] [SIM4G] URC: +QHTTPREAD: 0
[2026-03-22 18:01:56] [SIM4G] URC: +QHTTPREAD: 0
[2026-03-22 18:01:56] [SIM4G] URC: +QHTTPREAD: 0
[2026-03-22 18:01:57] [SIM4G] URC: +QHTTPREAD: 0
[2026-03-22 18:01:58] [SIM4G] URC: +QHTTPREAD: 0
[2026-03-22 18:01:58] [SIM4G] URC: +QHTTPREAD: 0
[2026-03-22 18:01:59] [SIM4G] URC: +QHTTPREAD: 0
[2026-03-22 18:02:00] [SIM4G] URC: +QHTTPREAD: 0
[2026-03-22 18:02:00] [SIM4G] RSP: AT+CGREG? | +CGREG: 0,5 | OK |
[2026-03-22 18:02:01] [SIM4G] STATE csq=23 dbm=-67 cgreg=5 cereg=5 cgatt=1 ip="10.68.182.38"
[2026-03-22 18:02:01] [SIM4G] URC: +QHTTPREAD: 0
[2026-03-22 18:02:02] [SIM4G] URC: +QHTTPREAD: 0
[2026-03-22 18:02:03] [SIM4G] URC: +QHTTPREAD: 0
[2026-03-22 18:02:03] [SIM4G] URC: +QHTTPREAD: 0
[2026-03-22 18:02:04] [SIM4G] URC: +QHTTPREAD: 0
[2026-03-22 18:02:05] [SIM4G] URC: +QHTTPREAD: 0
[2026-03-22 18:02:05] [SIM4G] URC: +QHTTPREAD: 0
[2026-03-22 18:02:06] [SIM4G] URC: +QHTTPREAD: 0
[2026-03-22 18:02:07] [SIM4G] URC: +QHTTPREAD: 0
[2026-03-22 18:02:07] [SIM4G] URC: +QHTTPREAD: 0
[2026-03-22 18:02:08] [SIM4G] RSP: AT+CGATT? | +CGATT: 1 | OK |
[2026-03-22 18:02:08] [SIM4G] STATE csq=23 dbm=-67 cgreg=5 cereg=5 cgatt=1 ip="10.68.182.38"
[2026-03-22 18:02:09] [SIM4G] URC: +QHTTPREAD: 0
[2026-03-22 18:02:10] [SIM4G] URC: +QHTTPREAD: 0
[2026-03-22 18:02:56] [SIM4G] SIM4G ready: registered + attached + IP="10.11.157.71"
[2026-03-22 18:02:56] [SIM4G] URC: +QHTTPREAD: 0
[2026-03-22 18:02:57] [SIM4G] RSP: AT+CEREG? | +CEREG: 0,5 | OK |
[2026-03-22 18:02:57] [SIM4G] STATE csq=23 dbm=-67 cgreg=5 cereg=5 cgatt=-1 ip="10.11.157.71"
[2026-03-22 18:02:58] [SIM4G] URC: +QHTTPREAD: 0
[2026-03-22 18:02:59] [SIM4G] URC: +QHTTPREAD: 0
[2026-03-22 18:02:59] [SIM4G] URC: +QHTTPREAD: 0
[2026-03-22 18:03:00] [SIM4G] URC: +QHTTPREAD: 0
[2026-03-22 18:03:00] [SIM4G] URC: +QHTTPREAD: 0
[2026-03-22 18:03:01] [SIM4G] URC: +QHTTPREAD: 0
[2026-03-22 18:03:02] [SIM4G] URC: +QHTTPREAD: 0
[2026-03-22 18:03:02] [SIM4G] URC: +QHTTPREAD: 0
[2026-03-22 18:03:03] [SIM4G] URC: +QHTTPREAD: 0
[2026-03-22 18:03:04] [SIM4G] RSP: AT+CGREG? | +CGREG: 0,5 | OK |
[2026-03-22 18:03:04] [SIM4G] STATE csq=23 dbm=-67 cgreg=5 cereg=5 cgatt=-1 ip="10.11.157.71"
[2026-03-22 18:03:05] [SIM4G] URC: +QHTTPREAD: 0
[2026-03-22 18:03:06] [SIM4G] URC: +QHTTPREAD: 0
[2026-03-22 18:03:06] [SIM4G] URC: +QHTTPREAD: 0
[2026-03-22 18:03:07] [SIM4G] URC: +QHTTPREAD: 0
[2026-03-22 18:03:08] [SIM4G] URC: +QHTTPREAD: 0
[2026-03-22 18:03:08] ADS value: 0.00
[2026-03-22 18:03:09] Ver: 1
[2026-03-22 18:03:09] [SIM4G] URC: +QHTTPREAD: 0
[2026-03-22 18:03:10] [SIM4G] URC: +QHTTPREAD: 0
[2026-03-22 18:03:10] [SIM4G] URC: +QHTTPREAD: 0
[2026-03-22 18:03:11] [SIM4G] RSP: AT+CGATT? | +CGATT: 1 | OK |
[2026-03-22 18:03:12] [SIM4G] STATE csq=23 dbm=-67 cgreg=5 cereg=5 cgatt=1 ip="10.11.157.71"
[2026-03-22 18:03:12] [SIM4G] URC: +QHTTPREAD: 0
[2026-03-22 18:03:13] [SIM4G] URC: +QHTTPREAD: 0
[2026-03-22 18:03:14] [SIM4G] URC: +QHTTPREAD: 0
[2026-03-22 18:03:14] [SIM4G] URC: +QHTTPREAD: 0
[2026-03-22 18:03:15] [SIM4G] URC: +QHTTPREAD: 0
[2026-03-22 18:03:16] [SIM4G] URC: +QHTTPREAD: 0
[2026-03-22 18:03:16] [SIM4G] URC: +QHTTPREAD: 0
[2026-03-22 18:03:17] [SIM4G] URC: +QHTTPREAD: 0
[2026-03-22 18:03:18] [SIM4G] URC: +QHTTPREAD: 0
[2026-03-22 18:03:18] [SIM4G] RSP: AT+CGPADDR=1 | +CGPADDR: 1,'10.11.157.71' | OK |
[2026-03-22 18:03:19] [SIM4G] STATE csq=23 dbm=-67 cgreg=5 cereg=5 cgatt=1 ip="10.11.157.71"
[2026-03-22 18:03:19] [SIM4G] URC: +QHTTPREAD: 0
[2026-03-22 18:03:20] [SIM4G] URC: +QHTTPREAD: 0
[2026-03-22 18:03:21] [SIM4G] URC: +QHTTPREAD: 0
[2026-03-22 18:03:21] [SIM4G] URC: +QHTTPREAD: 0
[2026-03-22 18:03:22] [SIM4G] URC: +QHTTPREAD: 0
[2026-03-22 18:03:23] [SIM4G] URC: +QHTTPREAD: 0
[2026-03-22 18:03:23] [SIM4G] URC: +QHTTPREAD: 0
[2026-03-22 18:03:24] [SIM4G] URC: +QHTTPREAD: 0
[2026-03-22 18:03:25] [SIM4G] URC: +QHTTPREAD: 0
[2026-03-22 18:03:25] [SIM4G] RSP: AT+CSQ | +CSQ: 23,99 | OK |
[2026-03-22 18:03:26] [SIM4G] STATE csq=23 dbm=-67 cgreg=5 cereg=5 cgatt=1 ip="10.11.157.71"
[2026-03-22 18:03:26] [SIM4G] URC: +QHTTPREAD: 0
[2026-03-22 18:03:27] [SIM4G] URC: +QHTTPREAD: 0
[2026-03-22 18:03:28] [SIM4G] URC: +QHTTPREAD: 0
[2026-03-22 18:03:28] [SIM4G] URC: +QHTTPREAD: 0
[2026-03-22 18:03:29] [SIM4G] URC: +QHTTPREAD: 0
[2026-03-22 18:03:30] [SIM4G] URC: +QHTTPREAD: 0
[2026-03-22 18:03:31] [SIM4G] URC: +QHTTPREAD: 0
[2026-03-22 18:03:31] [SIM4G] URC: +QHTTPREAD: 0
[2026-03-22 18:05:51] [SIM4G] SIM4G ready: registered + attached + IP="10.134.113.233"
[2026-03-22 18:05:59] [SIM4G] RSP: AT+CGREG? | +CGREG: 0,5 | OK |
[2026-03-22 18:06:18] [SIM4G] RSP: CONNECT |
[2026-03-22 18:06:25] [SIM4G] Command timeout
[2026-03-22 18:06:41] [SIM4G] URC: CONNECT
[2026-03-22 18:06:50] [SIM4G] RSP: AT+CEREG? | +CEREG: 0,0 | OK |
[2026-03-22 18:06:58] [SIM4G] RSP: AT+CGREG? | +CGREG: 0,5 | OK |
[2026-03-22 18:07:06] [SIM4G] RSP: AT+CGATT? | +CGATT: 1 | OK |
[2026-03-22 18:07:17] [SIM4G] RSP: AT+CGPADDR=1 | +CGPADDR: 1,'10.134.113.233' | OK |
[2026-03-22 18:07:35] [SIM4G] URC: CONNECT
[2026-03-22 18:07:37] [SIM4G] URC: : 711
[2026-03-22 18:07:52] [SIM4G] RSP: <empty>
[2026-03-22 18:08:46] [SIM4G] Command timeout
[2026-03-22 18:08:53] [SIM4G] RSP: AT+CGATT? | +CGATT: 1 | OK |
[2026-03-22 18:09:08] [SIM4G] RSP: CONNECT |
[2026-03-22 18:09:14] [SIM4G] Command timeout
[2026-03-22 18:09:45] [SIM4G] RSP: OK |
[2026-03-22 18:13:56] [SIM4G] URC: : 711
[2026-03-22 18:13:56] [SIM4G] RSP: AT+CGATT? | +CGATT: 1 | OK |
[2026-03-22 18:13:57] [SIM4G] STATE csq=17 dbm=-79 cgreg=5 cereg=0 cgatt=1 ip="10.134.113.233"
[2026-03-22 18:13:57] [SIM4G] URC: +QHTTPREAD: 0
[2026-03-22 18:13:58] [SIM4G] URC: +QHTTPREAD: 0
[2026-03-22 18:13:59] [SIM4G] URC: +QHTTPREAD: 0
[2026-03-22 18:13:59] [SIM4G] URC: +QHTTPREAD: 0
[2026-03-22 18:14:00] [SIM4G] URC: +QHTTPREAD: 0
[2026-03-22 18:14:01] [SIM4G] URC: +QHTTPREAD: 0
[2026-03-22 18:14:01] [SIM4G] URC: +QHTTPREAD: 0
[2026-03-22 18:14:02] [SIM4G] URC: +QHTTPREAD: 0
[2026-03-22 18:14:02] [SIM4G] URC: +QHTTPREAD: 0
[2026-03-22 18:14:03] [SIM4G] URC: +QHTTPREAD: 0
[2026-03-22 18:14:04] [SIM4G] RSP: AT+CGPADDR=1 | +CGPADDR: 1,'10.134.113.233' | OK |
[2026-03-22 18:14:04] [SIM4G] STATE csq=17 dbm=-79 cgreg=5 cereg=0 cgatt=1 ip="10.134.113.233"
[2026-03-22 18:14:05] [SIM4G] URC: +QHTTPREAD: 0
[2026-03-22 18:14:05] [SIM4G] URC: +QHTTPREAD: 0
[2026-03-22 18:14:06] [SIM4G] URC: +QHTTPREAD: 0
[2026-03-22 18:14:07] [SIM4G] URC: +QHTTPREAD: 0
[2026-03-22 18:14:07] [SIM4G] URC: +QHTTPREAD: 0
[2026-03-22 18:14:08] [SIM4G] URC: +QHTTPREAD: 0
[2026-03-22 18:14:08] [SIM4G] URC: +QHTTPREAD: 0
[2026-03-22 18:14:09] [SIM4G] URC: +QHTTPREAD: 0
[2026-03-22 18:14:10] [SIM4G] URC: +QHTTPREAD: 0
[2026-03-22 18:14:10] [SIM4G] URC: +QHTTPREAD: 0
[2026-03-22 18:14:11] [SIM4G] RSP: AT+CSQ | +CSQ: 24,99 | OK |
[2026-03-22 18:14:11] [SIM4G] STATE csq=24 dbm=-65 cgreg=5 cereg=0 cgatt=1 ip="10.134.113.233"
[2026-03-22 18:14:12] [SIM4G] URC: +QHTTPREAD: 0
[2026-03-22 18:14:12] [SIM4G] URC: +QHTTPREAD: 0
[2026-03-22 18:14:13] [SIM4G] URC: +QHTTPREAD: 0
[2026-03-22 18:14:14] [SIM4G] URC: +QHTTPREAD: 0
[2026-03-22 18:14:14] [SIM4G] URC: +QHTTPREAD: 0
[2026-03-22 18:14:15] [SIM4G] URC: +QHTTPREAD: 0
[2026-03-22 18:14:15] [SIM4G] URC: +QHTTPREAD: 0
[2026-03-22 18:14:16] [SIM4G] URC: +QHTTPREAD: 0
[2026-03-22 18:14:17] [SIM4G] URC: +QHTTPREAD: 0
[2026-03-22 18:14:17] [SIM4G] URC: +QHTTPREAD: 0
[2026-03-22 18:14:18] [SIM4G] RSP: AT+CEREG? | +CEREG: 0,5 | OK |
[2026-03-22 18:14:18] [SIM4G] STATE csq=24 dbm=-65 cgreg=5 cereg=5 cgatt=1 ip="10.134.113.233"
[2026-03-22 18:14:19] [SIM4G] URC: +QHTTPREAD: 0
[2026-03-22 18:14:20] [SIM4G] URC: +QHTTPREAD: 0
[2026-03-22 18:14:20] [SIM4G] URC: +QHTTPREAD: 0
[2026-03-22 18:14:21] [SIM4G] URC: +QHTTPREAD: 0
[2026-03-22 18:14:21] [SIM4G] URC: +QHTTPREAD: 0
[2026-03-22 18:14:22] [SIM4G] URC: +QHTTPREAD: 0
[2026-03-22 18:14:23] [SIM4G] URC: +QHTTPREAD: 0
[2026-03-22 18:14:23] [SIM4G] URC: +QHTTPREAD: 0
[2026-03-22 18:14:24] [SIM4G] URC: +QHTTPREAD: 0
[2026-03-22 18:14:24] [SIM4G] URC: +QHTTPREAD: 0
[2026-03-22 18:14:25] [SIM4G] RSP: AT+CGREG? | +CGREG: 0,5 | OK |
[2026-03-22 18:14:26] [SIM4G] STATE csq=24 dbm=-65 cgreg=5 cereg=5 cgatt=1 ip="10.134.113.233"
[2026-03-22 18:14:26] [SIM4G] URC: +QHTTPREAD: 0
[2026-03-22 18:14:27] [SIM4G] URC: +QHTTPREAD: 0
[2026-03-22 18:14:27] ADS value: 0.00
[2026-03-22 18:14:28] Ver: 1
[2026-03-22 18:14:28] [SIM4G] URC: +QHTTPREAD: 0
[2026-03-22 18:14:29] [SIM4G] URC: +QHTTPREAD: 0
[2026-03-22 18:14:30] [SIM4G] URC: +QHTTPREAD: 0
[2026-03-22 18:14:30] [SIM4G] URC: +QHTTPREAD: 0
[2026-03-22 18:14:31] [SIM4G] URC: +QHTTPREAD: 0
[2026-03-22 18:14:31] [SIM4G] URC: +QHTTPREAD: 0
[2026-03-22 18:14:32] [SIM4G] RSP: AT+CGATT? | +CGATT: 1 | OK |
[2026-03-22 18:14:32] [SIM4G] STATE csq=24 dbm=-65 cgreg=5 cereg=5 cgatt=1 ip="10.134.113.233"
[2026-03-22 18:14:33] [SIM4G] URC: +QHTTPREAD: 0
[2026-03-22 18:14:34] [SIM4G] URC: +QHTTPREAD: 0
[2026-03-22 18:14:34] [SIM4G] URC: +QHTTPREAD: 0
[2026-03-22 18:14:35] [SIM4G] URC: +QHTTPREAD: 0
[2026-03-22 18:14:36] [SIM4G] URC: +QHTTPREAD: 0
[2026-03-22 18:14:36] [SIM4G] URC: +QHTTPREAD: 0
[2026-03-22 18:14:37] [SIM4G] URC: +QHTTPREAD: 0
[2026-03-22 18:14:37] [SIM4G] URC: +QHTTPREAD: 0
[2026-03-22 18:14:38] [SIM4G] URC: +QHTTPREAD: 0
[2026-03-22 18:14:39] [SIM4G] URC: +QHTTPREAD: 0
[2026-03-22 18:14:39] [SIM4G] RSP: AT+CGPADDR=1 | +CGPADDR: 1,'10.134.113.233' | OK |
[2026-03-22 18:14:40] [SIM4G] STATE csq=24 dbm=-65 cgreg=5 cereg=5 cgatt=1 ip="10.134.113.233"
[2026-03-22 18:14:40] [SIM4G] URC: +QHTTPREAD: 0
[2026-03-22 18:14:41] [SIM4G] URC: +QHTTPREAD: 0
[2026-03-22 18:14:42] [SIM4G] URC: +QHTTPREAD: 0
[2026-03-22 18:14:42] [SIM4G] URC: +QHTTPREAD: 0
[2026-03-22 18:14:43] [SIM4G] URC: +QHTTPREAD: 0
[2026-03-22 18:14:44] [SIM4G] URC: +QHTTPREAD: 0
[2026-03-22 18:14:44] [SIM4G] URC: +QHTTPREAD: 0
[2026-03-22 18:14:45] [SIM4G] URC: +QHTTPREAD: 0
[2026-03-22 18:14:45] [SIM4G] URC: +QHTTPREAD: 0
[2026-03-22 18:14:46] [SIM4G] URC: +QHTTPREAD: 0
[2026-03-22 18:14:47] [SIM4G] RSP: AT+CSQ | +CSQ: 24,99 | OK |
[2026-03-22 18:14:47] [SIM4G] STATE csq=24 dbm=-65 cgreg=5 cereg=5 cgatt=1 ip="10.134.113.233"
[2026-03-22 18:14:48] [SIM4G] URC: +QHTTPREAD: 0
[2026-03-22 18:14:48] [SIM4G] URC: +QHTTPREAD: 0
[2026-03-22 18:14:49] [SIM4G] URC: +QHTTPREAD: 0
[2026-03-22 18:14:49] [SIM4G] URC: +QHTTPREAD: 0
[2026-03-22 18:14:50] [SIM4G] URC: +QHTTPREAD: 0
[2026-03-22 18:14:51] [SIM4G] URC: +QHTTPREAD: 0
[2026-03-22 18:14:51] [SIM4G] URC: +QHTTPREAD: 0
[2026-03-22 18:14:52] [SIM4G] URC: +QHTTPREAD: 0
[2026-03-22 18:14:53] [SIM4G] URC: +QHTTPREAD: 0
[2026-03-22 18:14:53] [SIM4G] URC: +QHTTPREAD: 0
[2026-03-22 18:14:54] [SIM4G] RSP: AT+CEREG? | +CEREG: 0,5 | OK |
[2026-03-22 18:14:54] [SIM4G] STATE csq=24 dbm=-65 cgreg=5 cereg=5 cgatt=1 ip="10.134.113.233"
[2026-03-22 18:14:55] [SIM4G] URC: +QHTTPREAD: 0
[2026-03-22 18:14:55] [SIM4G] URC: +QHTTPREAD: 0
[2026-03-22 18:14:56] [SIM4G] URC: +QHTTPREAD: 0
[2026-03-22 18:14:57] [SIM4G] URC: +QHTTPREAD: 0
[2026-03-22 18:14:57] [SIM4G] URC: +QHTTPREAD: 0
[2026-03-22 18:14:58] [SIM4G] URC: +QHTTPREAD: 0
[2026-03-22 18:14:59] [SIM4G] URC: +QHTTPREAD: 0
[2026-03-22 18:14:59] [SIM4G] URC: +QHTTPREAD: 0
[2026-03-22 18:15:00] [SIM4G] URC: +QHTTPREAD: 0
[2026-03-22 18:15:01] [SIM4G] URC: +QHTTPREAD: 0
[2026-03-22 18:15:01] [SIM4G] RSP: AT+CGREG? | +CGREG: 0,5 | OK |
[2026-03-22 18:15:02] [SIM4G] STATE csq=24 dbm=-65 cgreg=5 cereg=5 cgatt=1 ip="10.134.113.233"
[2026-03-22 18:15:02] [SIM4G] URC: +QHTTPREAD: 0
[2026-03-22 18:15:03] [SIM4G] URC: +QHTTPREAD: 0
[2026-03-22 18:15:03] [SIM4G] URC: +QHTTPREAD: 0
[2026-03-22 18:15:04] [SIM4G] URC: +QHTTPREAD: 0
[2026-03-22 18:15:05] [SIM4G] URC: +QHTTPREAD: 0
[2026-03-22 18:15:05] [SIM4G] URC: +QHTTPREAD: 0
[2026-03-22 18:15:06] [SIM4G] URC: +QHTTPREAD: 0
[2026-03-22 18:15:07] [SIM4G] URC: +QHTTPREAD: 0
[2026-03-22 18:15:07] [SIM4G] URC: +QHTTPREAD: 0
[2026-03-22 18:15:08] [SIM4G] URC: +QHTTPREAD: 0
[2026-03-22 18:15:08] [SIM4G] RSP: AT+CGATT? | +CGATT: 1 | OK |
[2026-03-22 18:15:09] [SIM4G] STATE csq=24 dbm=-65 cgreg=5 cereg=5 cgatt=1 ip="10.134.113.233"
[2026-03-22 18:15:10] [SIM4G] URC: +QHTTPREAD: 0
[2026-03-22 18:15:10] [SIM4G] URC: +QHTTPREAD: 0
[2026-03-22 18:15:11] [SIM4G] URC: +QHTTPREAD: 0
[2026-03-22 18:15:11] [SIM4G] URC: +QHTTPREAD: 0
[2026-03-22 18:15:12] [SIM4G] URC: +QHTTPREAD: 0
[2026-03-22 18:15:13] [SIM4G] URC: +QHTTPREAD: 0
[2026-03-22 18:15:13] [SIM4G] URC: +QHTTPREAD: 0
[2026-03-22 18:15:14] [SIM4G] URC: +QHTTPREAD: 0
[2026-03-22 18:15:15] [SIM4G] URC: +QHTTPREAD: 0
[2026-03-22 18:15:15] [SIM4G] URC: +QHTTPREAD: 0
[2026-03-22 18:15:16] [SIM4G] RSP: AT+CGPADDR=1 | +CGPADDR: 1,'10.134.113.233' | OK |
[2026-03-22 18:15:16] [SIM4G] STATE csq=24 dbm=-65 cgreg=5 cereg=5 cgatt=1 ip="10.134.113.233"
[2026-03-22 18:15:17] [SIM4G] URC: +QHTTPREAD: 0
[2026-03-22 18:15:18] [SIM4G] URC: +QHTTPREAD: 0
[2026-03-22 18:15:18] [SIM4G] URC: +QHTTPREAD: 0
[2026-03-22 18:15:19] [SIM4G] URC: +QHTTPREAD: 0
[2026-03-22 18:15:19] [SIM4G] URC: +QHTTPREAD: 0
[2026-03-22 18:15:20] [SIM4G] URC: +QHTTPREAD: 0
[2026-03-22 18:15:21] [SIM4G] URC: +QHTTPREAD: 0
[2026-03-22 18:15:21] [SIM4G] URC: +QHTTPREAD: 0
[2026-03-22 18:15:22] [SIM4G] URC: +QHTTPREAD: 0
[2026-03-22 18:15:23] [SIM4G] URC: +QHTTPREAD: 0
[2026-03-22 18:15:23] [SIM4G] RSP: AT+CSQ | +CSQ: 24,99 | OK |
[2026-03-22 18:15:24] [SIM4G] STATE csq=24 dbm=-65 cgreg=5 cereg=5 cgatt=1 ip="10.134.113.233"
[2026-03-22 18:15:24] [SIM4G] URC: +QHTTPREAD: 0
[2026-03-22 18:15:25] [SIM4G] URC: +QHTTPREAD: 0
[2026-03-22 18:15:26] [SIM4G] URC: +QHTTPREAD: 0
[2026-03-22 18:15:26] [SIM4G] URC: +QHTTPREAD: 0
[2026-03-22 18:15:27] [SIM4G] URC: +QHTTPREAD: 0
[2026-03-22 18:15:27] [SIM4G] URC: +QHTTPREAD: 0
[2026-03-22 18:15:28] [SIM4G] URC: +QHTTPREAD: 0
[2026-03-22 18:15:29] ADS value: 0.00
[2026-03-22 18:15:29] Ver: 1
[2026-03-22 18:15:30] [SIM4G] URC: +QHTTPREAD: 0
[2026-03-22 18:15:30] [SIM4G] RSP: AT+CEREG? | +CEREG: 0,5 | OK |
[2026-03-22 18:15:31] [SIM4G] STATE csq=24 dbm=-65 cgreg=5 cereg=5 cgatt=1 ip="10.134.113.233"
[2026-03-22 18:15:31] [SIM4G] URC: +QHTTPREAD: 0
[2026-03-22 18:15:32] [SIM4G] URC: +QHTTPREAD: 0
[2026-03-22 18:15:33] [SIM4G] URC: +QHTTPREAD: 0
[2026-03-22 18:15:33] [SIM4G] URC: +QHTTPREAD: 0
[2026-03-22 18:15:34] [SIM4G] URC: +QHTTPREAD: 0
[2026-03-22 18:15:35] [SIM4G] URC: +QHTTPREAD: 0
[2026-03-22 18:15:35] [SIM4G] URC: +QHTTPREAD: 0
[2026-03-22 18:15:36] [SIM4G] URC: +QHTTPREAD: 0
[2026-03-22 18:15:37] [SIM4G] URC: +QHTTPREAD: 0
[2026-03-22 18:15:37] [SIM4G] URC: +QHTTPREAD: 0
[2026-03-22 18:15:38] [SIM4G] RSP: AT+CGREG? | +CGREG: 0,5 | OK |
[2026-03-22 18:15:38] [SIM4G] STATE csq=24 dbm=-65 cgreg=5 cereg=5 cgatt=1 ip="10.134.113.233"
[2026-03-22 18:15:39] [SIM4G] URC: +QHTTPREAD: 0
[2026-03-22 18:15:39] [SIM4G] URC: +QHTTPREAD: 0
[2026-03-22 18:15:40] [SIM4G] URC: +QHTTPREAD: 0
[2026-03-22 18:15:41] [SIM4G] URC: +QHTTPREAD: 0
[2026-03-22 18:15:41] [SIM4G] URC: +QHTTPREAD: 0
[2026-03-22 18:15:42] [SIM4G] URC: +QHTTPREAD: 0
[2026-03-22 18:15:43] [SIM4G] URC: +QHTTPREAD: 0
[2026-03-22 18:15:43] [SIM4G] URC: +QHTTPREAD: 0
[2026-03-22 18:15:44] [SIM4G] URC: +QHTTPREAD: 0
[2026-03-22 18:15:44] [SIM4G] URC: +QHTTPREAD: 0
[2026-03-22 18:15:45] [SIM4G] RSP: AT+CGATT? | +CGATT: 1 | OK |
[2026-03-22 18:15:45] [SIM4G] STATE csq=24 dbm=-65 cgreg=5 cereg=5 cgatt=1 ip="10.134.113.233"
[2026-03-22 18:15:46] [SIM4G] URC: +QHTTPREAD: 0
[2026-03-22 18:15:47] [SIM4G] URC: +QHTTPREAD: 0
[2026-03-22 18:15:47] [SIM4G] URC: +QHTTPREAD: 0
[2026-03-22 18:15:48] [SIM4G] URC: +QHTTPREAD: 0
[2026-03-22 18:15:49] [SIM4G] URC: +QHTTPREAD: 0
[2026-03-22 18:15:50] [SIM4G] URC: +QHTTPREAD: 0
[2026-03-22 18:15:50] [SIM4G] URC: +QHTTPREAD: 0
[2026-03-22 18:15:51] [SIM4G] URC: +QHTTPREAD: 0
[2026-03-22 18:15:52] [SIM4G] URC: +QHTTPREAD: 0
[2026-03-22 18:15:52] [SIM4G] RSP: AT+CGPADDR=1 | +CGPADDR: 1,'10.134.113.233' | OK |
[2026-03-22 18:15:53] [SIM4G] STATE csq=24 dbm=-65 cgreg=5 cereg=5 cgatt=1 ip="10.134.113.233"
[2026-03-22 18:15:53] [SIM4G] URC: +QHTTPREAD: 0
[2026-03-22 18:15:54] [SIM4G] URC: +QHTTPREAD: 0
[2026-03-22 18:15:55] [SIM4G] URC: +QHTTPREAD: 0
[2026-03-22 18:15:55] [SIM4G] URC: +QHTTPREAD: 0
[2026-03-22 18:15:56] [SIM4G] URC: +QHTTPREAD: 0
[2026-03-22 18:15:57] [SIM4G] URC: +QHTTPREAD: 0
[2026-03-22 18:15:57] [SIM4G] URC: +QHTTPREAD: 0
[2026-03-22 18:15:58] [SIM4G] URC: +QHTTPREAD: 0
[2026-03-22 18:15:59] [SIM4G] URC: +QHTTPREAD: 0
[2026-03-22 18:15:59] [SIM4G] URC: +QHTTPREAD: 0
[2026-03-22 18:16:00] [SIM4G] RSP: AT+CSQ | +CSQ: 23,99 | OK |
[2026-03-22 18:16:00] [SIM4G] STATE csq=23 dbm=-67 cgreg=5 cereg=5 cgatt=1 ip="10.134.113.233"
[2026-03-22 18:16:01] [SIM4G] URC: +QHTTPREAD: 0
[2026-03-22 18:16:01] [SIM4G] URC: +QHTTPREAD: 0
[2026-03-22 18:16:02] [SIM4G] URC: +QHTTPREAD: 0
[2026-03-22 18:16:03] [SIM4G] URC: +QHTTPREAD: 0
[2026-03-22 18:16:03] [SIM4G] URC: +QHTTPREAD: 0
[2026-03-22 18:16:04] [SIM4G] URC: +QHTTPREAD: 0
[2026-03-22 18:16:05] [SIM4G] URC: +QHTTPREAD: 0
[2026-03-22 18:16:05] [SIM4G] URC: +QHTTPREAD: 0
[2026-03-22 18:16:06] [SIM4G] URC: +QHTTPREAD: 0
[2026-03-22 18:16:06] [SIM4G] URC: +QHTTPREAD: 0
[2026-03-22 18:16:07] [SIM4G] RSP: AT+CEREG? | +CEREG: 0,5 | OK |
[2026-03-22 18:16:07] [SIM4G] STATE csq=23 dbm=-67 cgreg=5 cereg=5 cgatt=1 ip="10.134.113.233"
[2026-03-22 18:16:08] [SIM4G] URC: +QHTTPREAD: 0
[2026-03-22 18:16:09] [SIM4G] URC: +QHTTPREAD: 0
[2026-03-22 18:16:09] [SIM4G] URC: +QHTTPREAD: 0
[2026-03-22 18:16:10] [SIM4G] URC: +QHTTPREAD: 0
[2026-03-22 18:16:11] [SIM4G] URC: +QHTTPREAD: 0
[2026-03-22 18:16:11] [SIM4G] URC: +QHTTPREAD: 0
[2026-03-22 18:16:12] [SIM4G] URC: +QHTTPREAD: 0
[2026-03-22 18:16:13] [SIM4G] URC: +QHTTPREAD: 0
[2026-03-22 18:16:13] [SIM4G] URC: +QHTTPREAD: 0
[2026-03-22 18:16:14] [SIM4G] URC: +QHTTPREAD: 0
[2026-03-22 18:16:14] [SIM4G] RSP: AT+CGREG? | +CGREG: 0,5 | OK |
[2026-03-22 18:16:15] [SIM4G] STATE csq=23 dbm=-67 cgreg=5 cereg=5 cgatt=1 ip="10.134.113.233"
[2026-03-22 18:16:15] [SIM4G] URC: +QHTTPREAD: 0
[2026-03-22 18:16:16] [SIM4G] URC: +QHTTPREAD: 0
[2026-03-22 18:16:17] [SIM4G] URC: +QHTTPREAD: 0
[2026-03-22 18:16:17] [SIM4G] URC: +QHTTPREAD: 0
[2026-03-22 18:16:18] [SIM4G] URC: +QHTTPREAD: 0
[2026-03-22 18:16:19] [SIM4G] URC: +QHTTPREAD: 0
[2026-03-22 18:16:19] [SIM4G] URC: +QHTTPREAD: 0
[2026-03-22 18:16:20] [SIM4G] URC: +QHTTPREAD: 0
[2026-03-22 18:16:21] [SIM4G] URC: +QHTTPREAD: 0
[2026-03-22 18:16:21] [SIM4G] URC: +QHTTPREAD: 0
[2026-03-22 18:16:22] [SIM4G] RSP: AT+CGATT? | +CGATT: 1 | OK |
[2026-03-22 18:16:22] [SIM4G] STATE csq=23 dbm=-67 cgreg=5 cereg=5 cgatt=1 ip="10.134.113.233"
[2026-03-22 18:16:23] [SIM4G] URC: +QHTTPREAD: 0
[2026-03-22 18:16:23] [SIM4G] URC: +QHTTPREAD: 0
[2026-03-22 18:16:24] [SIM4G] URC: +QHTTPREAD: 0
[2026-03-22 18:16:25] [SIM4G] URC: +QHTTPREAD: 0
[2026-03-22 18:16:25] [SIM4G] URC: +QHTTPREAD: 0
[2026-03-22 18:16:26] [SIM4G] URC: +QHTTPREAD: 0
[2026-03-22 18:16:27] [SIM4G] URC: +QHTTPREAD: 0
[2026-03-22 18:16:27] [SIM4G] URC: +QHTTPREAD: 0
[2026-03-22 18:16:28] [SIM4G] URC: +QHTTPREAD: 0
[2026-03-22 18:16:29] [SIM4G] URC: +QHTTPREAD: 0
[2026-03-22 18:16:29] [SIM4G] RSP: AT+CGPADDR=1 | +CGPADDR: 1,'10.134.113.233' | OK |
[2026-03-22 18:16:29] [SIM4G] STATE csq=23 dbm=-67 cgreg=5 cereg=5 cgatt=1 ip="10.134.113.233"
[2026-03-22 18:16:30] ADS value: 0.00
[2026-03-22 18:16:30] Ver: 1
[2026-03-22 18:16:31] [SIM4G] URC: +QHTTPREAD: 0
[2026-03-22 18:16:32] [SIM4G] URC: +QHTTPREAD: 0
[2026-03-22 18:16:32] [SIM4G] URC: +QHTTPREAD: 0
[2026-03-22 18:16:33] [SIM4G] URC: +QHTTPREAD: 0
[2026-03-22 18:16:34] [SIM4G] URC: +QHTTPREAD: 0
[2026-03-22 18:16:34] [SIM4G] URC: +QHTTPREAD: 0
[2026-03-22 18:16:35] [SIM4G] URC: +QHTTPREAD: 0
[2026-03-22 18:16:35] [SIM4G] URC: +QHTTPREAD: 0
[2026-03-22 18:16:36] [SIM4G] RSP: AT+CSQ | +CSQ: 24,99 | OK |
[2026-03-22 18:16:37] [SIM4G] STATE csq=24 dbm=-65 cgreg=5 cereg=5 cgatt=1 ip="10.134.113.233"
[2026-03-22 18:16:37] [SIM4G] URC: +QHTTPREAD: 0
[2026-03-22 18:16:38] [SIM4G] URC: +QHTTPREAD: 0
[2026-03-22 18:16:38] [SIM4G] URC: +QHTTPREAD: 0
[2026-03-22 18:16:39] [SIM4G] URC: +QHTTPREAD: 0
[2026-03-22 18:16:40] [SIM4G] URC: +QHTTPREAD: 0
[2026-03-22 18:16:40] [SIM4G] URC: +QHTTPREAD: 0
[2026-03-22 18:16:41] [SIM4G] URC: +QHTTPREAD: 0
[2026-03-22 18:16:41] [SIM4G] URC: +QHTTPREAD: 0
[2026-03-22 18:16:42] [SIM4G] URC: +QHTTPREAD: 0
[2026-03-22 18:16:43] [SIM4G] URC: +QHTTPREAD: 0
[2026-03-22 18:16:43] [SIM4G] RSP: AT+CEREG? | +CEREG: 0,5 | OK |
[2026-03-22 18:16:44] [SIM4G] STATE csq=24 dbm=-65 cgreg=5 cereg=5 cgatt=1 ip="10.134.113.233"
[2026-03-22 18:16:44] [SIM4G] URC: +QHTTPREAD: 0
[2026-03-22 18:16:45] [SIM4G] URC: +QHTTPREAD: 0
[2026-03-22 18:16:46] [SIM4G] URC: +QHTTPREAD: 0
[2026-03-22 18:16:46] [SIM4G] URC: +QHTTPREAD: 0
[2026-03-22 18:16:47] [SIM4G] URC: +QHTTPREAD: 0
[2026-03-22 18:16:47] [SIM4G] URC: +QHTTPREAD: 0
[2026-03-22 18:16:48] [SIM4G] URC: +QHTTPREAD: 0
[2026-03-22 18:16:49] [SIM4G] URC: +QHTTPREAD: 0
[2026-03-22 18:16:49] [SIM4G] URC: +QHTTPREAD: 0
[2026-03-22 18:16:50] [SIM4G] URC: +QHTTPREAD: 0
[2026-03-22 18:16:50] [SIM4G] RSP: AT+CGREG? | +CGREG: 0,5 | OK |
[2026-03-22 18:16:51] [SIM4G] STATE csq=24 dbm=-65 cgreg=5 cereg=5 cgatt=1 ip="10.134.113.233"
[2026-03-22 18:16:52] [SIM4G] URC: +QHTTPREAD: 0
[2026-03-22 18:16:52] [SIM4G] URC: +QHTTPREAD: 0
[2026-03-22 18:16:53] [SIM4G] URC: +QHTTPREAD: 0
[2026-03-22 18:16:53] [SIM4G] URC: +QHTTPREAD: 0
[2026-03-22 18:16:54] [SIM4G] URC: +QHTTPREAD: 0
[2026-03-22 18:16:55] [SIM4G] URC: +QHTTPREAD: 0
[2026-03-22 18:16:55] [SIM4G] URC: +QHTTPREAD: 0
[2026-03-22 18:16:56] [SIM4G] URC: +QHTTPREAD: 0
[2026-03-22 18:16:57] [SIM4G] URC: +QHTTPREAD: 0
[2026-03-22 18:16:57] [SIM4G] URC: +QHTTPREAD: 0
[2026-03-22 18:16:58] [SIM4G] RSP: AT+CGATT? | +CGATT: 1 | OK |
[2026-03-22 18:16:58] [SIM4G] STATE csq=24 dbm=-65 cgreg=5 cereg=5 cgatt=1 ip="10.134.113.233"
[2026-03-22 18:16:59] [SIM4G] URC: +QHTTPREAD: 0
[2026-03-22 18:16:59] [SIM4G] URC: +QHTTPREAD: 0
[2026-03-22 18:17:00] [SIM4G] URC: +QHTTPREAD: 0
[2026-03-22 18:17:01] [SIM4G] URC: +QHTTPREAD: 0
[2026-03-22 18:17:01] [SIM4G] URC: +QHTTPREAD: 0
[2026-03-22 18:17:02] [SIM4G] URC: +QHTTPREAD: 0
[2026-03-22 18:17:03] [SIM4G] URC: +QHTTPREAD: 0
[2026-03-22 18:17:03] [SIM4G] URC: +QHTTPREAD: 0
[2026-03-22 18:17:04] [SIM4G] URC: +QHTTPREAD: 0
[2026-03-22 18:17:04] [SIM4G] URC: +QHTTPREAD: 0
[2026-03-22 18:17:05] [SIM4G] RSP: AT+CGPADDR=1 | +CGPADDR: 1,'10.134.113.233' | OK |
[2026-03-22 18:17:06] [SIM4G] STATE csq=24 dbm=-65 cgreg=5 cereg=5 cgatt=1 ip="10.134.113.233"
[2026-03-22 18:17:06] [SIM4G] URC: +QHTTPREAD: 0
[2026-03-22 18:17:07] [SIM4G] URC: +QHTTPREAD: 0
[2026-03-22 18:17:07] [SIM4G] URC: +QHTTPREAD: 0
[2026-03-22 18:17:08] [SIM4G] URC: +QHTTPREAD: 0
[2026-03-22 18:17:09] [SIM4G] URC: +QHTTPREAD: 0
[2026-03-22 18:17:09] [SIM4G] URC: +QHTTPREAD: 0
[2026-03-22 18:17:10] [SIM4G] URC: +QHTTPREAD: 0
[2026-03-22 18:17:11] [SIM4G] URC: +QHTTPREAD: 0
[2026-03-22 18:17:11] [SIM4G] URC: +QHTTPREAD: 0
[2026-03-22 18:17:12] [SIM4G] URC: +QHTTPREAD: 0
[2026-03-22 18:17:12] [SIM4G] RSP: AT+CSQ | +CSQ: 23,99 | OK |
[2026-03-22 18:17:13] [SIM4G] STATE csq=23 dbm=-67 cgreg=5 cereg=5 cgatt=1 ip="10.134.113.233"
[2026-03-22 18:17:14] [SIM4G] URC: +QHTTPREAD: 0
[2026-03-22 18:17:14] [SIM4G] URC: +QHTTPREAD: 0
[2026-03-22 18:17:15] [SIM4G] URC: +QHTTPREAD: 0
[2026-03-22 18:17:15] [SIM4G] URC: +QHTTPREAD: 0
[2026-03-22 18:17:16] [SIM4G] URC: +QHTTPREAD: 0
[2026-03-22 18:17:17] [SIM4G] URC: +QHTTPREAD: 0
[2026-03-22 18:17:17] [SIM4G] URC: +QHTTPREAD: 0
[2026-03-22 18:17:18] [SIM4G] URC: +QHTTPREAD: 0
[2026-03-22 18:17:18] [SIM4G] URC: +QHTTPREAD: 0
[2026-03-22 18:17:19] [SIM4G] URC: +QHTTPREAD: 0
[2026-03-22 18:17:20] [SIM4G] RSP: AT+CEREG? | +CEREG: 0,5 | OK |
[2026-03-22 18:17:20] [SIM4G] STATE csq=23 dbm=-67 cgreg=5 cereg=5 cgatt=1 ip="10.134.113.233"
[2026-03-22 18:17:21] [SIM4G] URC: +QHTTPREAD: 0
[2026-03-22 18:17:21] [SIM4G] URC: +QHTTPREAD: 0
[2026-03-22 18:17:22] [SIM4G] URC: +QHTTPREAD: 0
[2026-03-22 18:17:23] [SIM4G] URC: +QHTTPREAD: 0
[2026-03-22 18:17:23] [SIM4G] URC: +QHTTPREAD: 0
[2026-03-22 18:17:24] [SIM4G] URC: +QHTTPREAD: 0
[2026-03-22 18:17:25] [SIM4G] URC: +QHTTPREAD: 0
[2026-03-22 18:17:25] [SIM4G] URC: +QHTTPREAD: 0
[2026-03-22 18:17:26] [SIM4G] URC: +QHTTPREAD: 0
[2026-03-22 18:17:26] [SIM4G] URC: +QHTTPREAD: 0
[2026-03-22 18:17:27] [SIM4G] RSP: AT+CGREG? | +CGREG: 0,5 | OK |
[2026-03-22 18:17:28] [SIM4G] STATE csq=23 dbm=-67 cgreg=5 cereg=5 cgatt=1 ip="10.134.113.233"
[2026-03-22 18:17:28] [SIM4G] URC: +QHTTPREAD: 0
[2026-03-22 18:17:29] [SIM4G] URC: +QHTTPREAD: 0
[2026-03-22 18:17:29] [SIM4G] URC: +QHTTPREAD: 0
[2026-03-22 18:17:30] [SIM4G] URC: +QHTTPREAD: 0
[2026-03-22 18:17:31] [SIM4G] URC: +QHTTPREAD: 0
[2026-03-22 18:17:31] ADS value: 0.00
[2026-03-22 18:17:32] Ver: 1
[2026-03-22 18:17:32] [SIM4G] URC: +QHTTPREAD: 0
[2026-03-22 18:17:33] [SIM4G] URC: +QHTTPREAD: 0
[2026-03-22 18:17:34] [SIM4G] URC: +QHTTPREAD: 0
[2026-03-22 18:17:34] [SIM4G] RSP: AT+CGATT? | +CGATT: 1 | OK |
[2026-03-22 18:17:35] [SIM4G] STATE csq=23 dbm=-67 cgreg=5 cereg=5 cgatt=1 ip="10.134.113.233"
[2026-03-22 18:17:35] [SIM4G] URC: +QHTTPREAD: 0
[2026-03-22 18:17:36] [SIM4G] URC: +QHTTPREAD: 0
[2026-03-22 18:17:36] [SIM4G] URC: +QHTTPREAD: 0
[2026-03-22 18:17:37] [SIM4G] URC: +QHTTPREAD: 0
[2026-03-22 18:17:38] [SIM4G] URC: +QHTTPREAD: 0
[2026-03-22 18:17:38] [SIM4G] URC: +QHTTPREAD: 0
[2026-03-22 18:17:39] [SIM4G] URC: +QHTTPREAD: 0
[2026-03-22 18:17:40] [SIM4G] URC: +QHTTPREAD: 0
[2026-03-22 18:17:40] [SIM4G] URC: +QHTTPREAD: 0
[2026-03-22 18:17:41] [SIM4G] URC: +QHTTPREAD: 0
[2026-03-22 18:17:41] [SIM4G] RSP: AT+CGPADDR=1 | +CGPADDR: 1,'10.134.113.233' | OK |
[2026-03-22 18:17:42] [SIM4G] STATE csq=23 dbm=-67 cgreg=5 cereg=5 cgatt=1 ip="10.134.113.233"
[2026-03-22 18:17:43] [SIM4G] URC: +QHTTPREAD: 0
[2026-03-22 18:17:43] [SIM4G] URC: +QHTTPREAD: 0
[2026-03-22 18:17:44] [SIM4G] URC: +QHTTPREAD: 0
[2026-03-22 18:17:44] [SIM4G] URC: +QHTTPREAD: 0
[2026-03-22 18:17:45] [SIM4G] URC: +QHTTPREAD: 0
[2026-03-22 18:17:46] [SIM4G] URC: +QHTTPREAD: 0
[2026-03-22 18:17:46] [SIM4G] URC: +QHTTPREAD: 0
[2026-03-22 18:17:47] [SIM4G] URC: +QHTTPREAD: 0
[2026-03-22 18:17:48] [SIM4G] URC: +QHTTPREAD: 0
[2026-03-22 18:17:48] [SIM4G] URC: +QHTTPREAD: 0
[2026-03-22 18:17:49] [SIM4G] RSP: AT+CSQ | +CSQ: 24,99 | OK |
[2026-03-22 18:17:49] [SIM4G] STATE csq=24 dbm=-65 cgreg=5 cereg=5 cgatt=1 ip="10.134.113.233"
[2026-03-22 18:17:50] [SIM4G] URC: +QHTTPREAD: 0
[2026-03-22 18:17:51] [SIM4G] URC: +QHTTPREAD: 0
[2026-03-22 18:17:51] [SIM4G] URC: +QHTTPREAD: 0
[2026-03-22 18:17:52] [SIM4G] URC: +QHTTPREAD: 0
[2026-03-22 18:17:52] [SIM4G] URC: +QHTTPREAD: 0
[2026-03-22 18:17:53] [SIM4G] URC: +QHTTPREAD: 0
[2026-03-22 18:17:54] [SIM4G] URC: +QHTTPREAD: 0
[2026-03-22 18:17:54] [SIM4G] URC: +QHTTPREAD: 0
[2026-03-22 18:17:55] [SIM4G] URC: +QHTTPREAD: 0
[2026-03-22 18:17:56] [SIM4G] URC: +QHTTPREAD: 0
[2026-03-22 18:17:56] [SIM4G] RSP: AT+CEREG? | +CEREG: 0,5 | OK |
[2026-03-22 18:17:57] [SIM4G] STATE csq=24 dbm=-65 cgreg=5 cereg=5 cgatt=1 ip="10.134.113.233"
[2026-03-22 18:17:57] [SIM4G] URC: +QHTTPREAD: 0
[2026-03-22 18:17:58] [SIM4G] URC: +QHTTPREAD: 0
[2026-03-22 18:17:59] [SIM4G] URC: +QHTTPREAD: 0
[2026-03-22 18:17:59] [SIM4G] URC: +QHTTPREAD: 0
[2026-03-22 18:18:00] [SIM4G] URC: +QHTTPREAD: 0
[2026-03-22 18:18:00] [SIM4G] URC: +QHTTPREAD: 0
[2026-03-22 18:18:01] [SIM4G] URC: +QHTTPREAD: 0
[2026-03-22 18:18:02] [SIM4G] URC: +QHTTPREAD: 0
[2026-03-22 18:18:02] [SIM4G] URC: +QHTTPREAD: 0
[2026-03-22 18:18:03] [SIM4G] URC: +QHTTPREAD: 0
[2026-03-22 18:18:03] [SIM4G] RSP: AT+CGREG? | +CGREG: 0,5 | OK |
[2026-03-22 18:18:04] [SIM4G] STATE csq=24 dbm=-65 cgreg=5 cereg=5 cgatt=1 ip="10.134.113.233"
[2026-03-22 18:18:05] [SIM4G] URC: +QHTTPREAD: 0
[2026-03-22 18:18:05] [SIM4G] URC: +QHTTPREAD: 0
[2026-03-22 18:18:06] [SIM4G] URC: +QHTTPREAD: 0
[2026-03-22 18:18:06] [SIM4G] URC: +QHTTPREAD: 0
[2026-03-22 18:18:07] [SIM4G] URC: +QHTTPREAD: 0
[2026-03-22 18:18:08] [SIM4G] URC: +QHTTPREAD: 0
[2026-03-22 18:18:08] [SIM4G] URC: +QHTTPREAD: 0
[2026-03-22 18:18:09] [SIM4G] URC: +QHTTPREAD: 0
[2026-03-22 18:18:10] [SIM4G] URC: +QHTTPREAD: 0
[2026-03-22 18:18:10] [SIM4G] URC: +QHTTPREAD: 0
[2026-03-22 18:18:11] [SIM4G] RSP: AT+CGATT? | +CGATT: 1 | OK |
[2026-03-22 18:18:11] [SIM4G] STATE csq=24 dbm=-65 cgreg=5 cereg=5 cgatt=1 ip="10.134.113.233"
[2026-03-22 18:18:12] [SIM4G] URC: +QHTTPREAD: 0
[2026-03-22 18:18:12] [SIM4G] URC: +QHTTPREAD: 0
[2026-03-22 18:18:13] [SIM4G] URC: +QHTTPREAD: 0
[2026-03-22 18:18:14] [SIM4G] URC: +QHTTPREAD: 0
[2026-03-22 18:18:14] [SIM4G] URC: +QHTTPREAD: 0
[2026-03-22 18:18:15] [SIM4G] URC: +QHTTPREAD: 0
[2026-03-22 18:18:16] [SIM4G] URC: +QHTTPREAD: 0
[2026-03-22 18:18:16] [SIM4G] URC: +QHTTPREAD: 0
[2026-03-22 18:18:17] [SIM4G] URC: +QHTTPREAD: 0
[2026-03-22 18:18:18] [SIM4G] URC: +QHTTPREAD: 0
[2026-03-22 18:18:18] [SIM4G] RSP: AT+CGPADDR=1 | +CGPADDR: 1,'10.134.113.233' | OK |
[2026-03-22 18:18:19] [SIM4G] STATE csq=24 dbm=-65 cgreg=5 cereg=5 cgatt=1 ip="10.134.113.233"
[2026-03-22 18:18:19] [SIM4G] URC: +QHTTPREAD: 0
[2026-03-22 18:18:20] [SIM4G] URC: +QHTTPREAD: 0
[2026-03-22 18:18:21] [SIM4G] URC: +QHTTPREAD: 0
[2026-03-22 18:18:21] [SIM4G] URC: +QHTTPREAD: 0
[2026-03-22 18:18:22] [SIM4G] URC: +QHTTPREAD: 0
[2026-03-22 18:18:23] [SIM4G] URC: +QHTTPREAD: 0
[2026-03-22 18:18:23] [SIM4G] URC: +QHTTPREAD: 0
[2026-03-22 18:18:24] [SIM4G] URC: +QHTTPREAD: 0
[2026-03-22 18:18:24] [SIM4G] URC: +QHTTPREAD: 0
[2026-03-22 18:18:25] [SIM4G] URC: +QHTTPREAD: 0
[2026-03-22 18:18:26] [SIM4G] RSP: AT+CSQ | +CSQ: 23,99 | OK |
[2026-03-22 18:18:26] [SIM4G] STATE csq=23 dbm=-67 cgreg=5 cereg=5 cgatt=1 ip="10.134.113.233"
[2026-03-22 18:18:27] [SIM4G] URC: +QHTTPREAD: 0
[2026-03-22 18:18:27] [SIM4G] URC: +QHTTPREAD: 0
[2026-03-22 18:18:28] [SIM4G] URC: +QHTTPREAD: 0
[2026-03-22 18:18:29] [SIM4G] URC: +QHTTPREAD: 0
[2026-03-22 18:18:29] [SIM4G] URC: +QHTTPREAD: 0
[2026-03-22 18:18:30] [SIM4G] URC: +QHTTPREAD: 0
[2026-03-22 18:18:30] [SIM4G] URC: +QHTTPREAD: 0
[2026-03-22 18:18:31] [SIM4G] URC: +QHTTPREAD: 0
[2026-03-22 18:18:32] [SIM4G] URC: +QHTTPREAD: 0
[2026-03-22 18:18:32] ADS value: 0.00
[2026-03-22 18:18:33] Ver: 1
[2026-03-22 18:18:33] [SIM4G] RSP: AT+CEREG? | +CEREG: 0,5 | OK |
[2026-03-22 18:18:34] [SIM4G] STATE csq=23 dbm=-67 cgreg=5 cereg=5 cgatt=1 ip="10.134.113.233"
[2026-03-22 18:18:34] [SIM4G] URC: +QHTTPREAD: 0
[2026-03-22 18:18:35] [SIM4G] URC: +QHTTPREAD: 0
[2026-03-22 18:18:36] [SIM4G] URC: +QHTTPREAD: 0
[2026-03-22 18:18:36] [SIM4G] URC: +QHTTPREAD: 0
[2026-03-22 18:18:37] [SIM4G] URC: +QHTTPREAD: 0
[2026-03-22 18:18:38] [SIM4G] URC: +QHTTPREAD: 0
[2026-03-22 18:18:38] [SIM4G] URC: +QHTTPREAD: 0
[2026-03-22 18:18:39] [SIM4G] URC: +QHTTPREAD: 0
[2026-03-22 18:18:39] [SIM4G] URC: +QHTTPREAD: 0
[2026-03-22 18:18:40] [SIM4G] URC: +QHTTPREAD: 0
[2026-03-22 18:18:41] [SIM4G] RSP: AT+CGREG? | +CGREG: 0,5 | OK |
[2026-03-22 18:18:41] [SIM4G] STATE csq=23 dbm=-67 cgreg=5 cereg=5 cgatt=1 ip="10.134.113.233"
[2026-03-22 18:18:42] [SIM4G] URC: +QHTTPREAD: 0
[2026-03-22 18:18:42] [SIM4G] URC: +QHTTPREAD: 0
[2026-03-22 18:18:43] [SIM4G] URC: +QHTTPREAD: 0
[2026-03-22 18:18:44] [SIM4G] URC: +QHTTPREAD: 0
[2026-03-23 08:34:53] [SIM4G] SIM4G ready: registered + attached + IP="10.15.70.143"
[2026-03-23 08:34:53] [SIM4G] URC: +QHTTPREAD: 0
[2026-03-23 08:34:54] [SIM4G] URC: +QHTTPREAD: 0
[2026-03-23 08:34:55] [SIM4G] URC: +QHTTPREAD: 0
[2026-03-23 08:34:55] [SIM4G] RSP: AT+CGPADDR=1 | +CGPADDR: 1,'10.15.70.143' | OK |
[2026-03-23 08:34:56] [SIM4G] STATE csq=99 dbm=-999 cgreg=0 cereg=5 cgatt=-1 ip="10.15.70.143"
[2026-03-23 08:34:56] [SIM4G] URC: +QHTTPREAD: 0
[2026-03-23 08:34:57] [SIM4G] URC: +QHTTPREAD: 0
[2026-03-23 08:34:57] [SIM4G] URC: +QHTTPREAD: 0
[2026-03-23 08:36:25] [SIM4G] URC: : 711
[2026-03-23 08:36:44] [SIM4G] RSP: CONNECT | OK |
[2026-03-23 08:52:57] ADS value: 0.00
[2026-03-23 08:52:57] Ver: 1
[2026-03-23 08:54:02] ADS value: 0.00
[2026-03-23 08:54:02] Ver: 1
[2026-03-23 08:55:06] ADS value: 0.00
[2026-03-23 08:55:06] Ver: 1
[2026-03-23 08:56:09] ADS value: 0.00
[2026-03-23 08:56:09] Ver: 1
[2026-03-23 08:57:13] ADS value: 0.00
[2026-03-23 08:57:13] Ver: 1
[2026-03-23 08:58:18] ADS value: 0.00
[2026-03-23 08:58:19] Ver: 1
[2026-03-23 08:59:22] ADS value: 0.00
[2026-03-23 08:59:22] Ver: 1
[2026-03-23 09:00:25] ADS value: 0.00
[2026-03-23 09:00:25] Ver: 1
[2026-03-23 09:15:05] Ver: 1
[2026-03-23 09:17:24] ADS value: 0.00
[2026-03-23 09:17:24] Ver: 1
[2026-03-23 09:18:33] ADS value: 0.00
[2026-03-23 09:19:45] ADS value: 0.00
[2026-03-23 09:19:45] Ver: 1
[2026-03-23 09:20:54] Ver: 1
[2026-03-23 09:21:56] ADS value: 0.00
[2026-03-23 09:21:57] Ver: 1
[2026-03-23 09:23:08] Ver: 1
[2026-03-23 09:25:11] ADS value: 0.00
[2026-03-23 09:25:12] Ver: 1
[2026-03-23 09:28:26] ADS value: 0.00
[2026-03-23 09:28:27] Ver: 1
[2026-03-23 09:29:29] ADS value: 0.00
[2026-03-23 09:29:31] Ver: 1
[2026-03-23 09:30:47] ADS value: 0.00
[2026-03-23 09:31:57] ADS value: 0.00
[2026-03-23 09:31:59] Ver: 1
[2026-03-23 09:33:02] ADS value: 0.00
[2026-03-23 09:33:04] Ver: 1
[2026-03-23 09:34:12] ADS value: 0.00
[2026-03-23 09:34:12] Ver: 1
[2026-03-23 09:35:17] ADS value: 0.00
[2026-03-23 09:35:17] Ver: 1
[2026-03-23 09:37:31] ADS value: 0.00
[2026-03-23 09:37:33] Ver: 1
[2026-03-23 09:38:41] Ver: 1
[2026-03-23 09:39:43] ADS value: 0.00
[2026-03-23 09:39:45] Ver: 1
[2026-03-23 09:40:55] ADS value: 0.00
[2026-03-23 09:43:07] ADS value: 0.00
[2026-03-23 09:43:07] Ver: 1
[2026-03-23 09:46:14] ADS value: 0.00
[2026-03-23 09:46:14] Ver: 1
[2026-03-23 09:51:18] ADS value: 0.00
[2026-03-23 09:56:25] ADS value: 0.00
[2026-03-23 09:56:25] Ver: 1
[2026-03-23 10:03:26] ADS value: 0.00
[2026-03-26 16:22:22] Ver: 1
[2026-03-26 16:23:23] ADS value: 0.00
[2026-03-26 16:23:24] Ver: 1
[2026-03-26 16:24:25] ADS value: 0.00
[2026-03-26 16:24:25] Ver: 1
[2026-03-26 16:25:26] ADS value: 0.00
[2026-03-26 16:25:26] Ver: 1
[2026-03-26 16:26:27] ADS value: 0.00
[2026-03-26 16:26:27] Ver: 1
[2026-03-26 16:27:29] ADS value: 0.00
[2026-03-26 16:27:30] Ver: 1
[2026-03-26 16:28:30] ADS value: 0.00
[2026-03-26 16:28:30] Ver: 1
[2026-03-26 16:29:31] ADS value: 0.00
[2026-03-26 16:29:32] Ver: 1
[2026-03-26 16:30:33] ADS value: 0.00
[2026-03-26 16:30:33] Ver: 1
[2026-03-26 16:31:34] ADS value: 0.00
[2026-03-26 16:31:35] Ver: 1
[2026-03-26 16:33:05] Starting progressive OTA download...
[2026-03-26 16:33:10] OTA Progress: 10%
[2026-03-26 16:33:15] OTA Progress: 20%
[2026-03-26 16:33:20] OTA Progress: 30%
[2026-03-26 16:33:25] OTA Progress: 40%
[2026-03-26 16:33:31] OTA Progress: 50%
[2026-03-26 16:33:35] OTA Progress: 60%
[2026-03-26 16:33:39] OTA Progress: 70%
[2026-03-26 16:33:43] OTA Progress: 80%
[2026-03-26 16:33:48] OTA Progress: 90%
[2026-03-26 16:33:53] OTA Progress: 100%
[2026-03-26 16:33:53] OTA download complete! Verifying...
[2026-03-26 16:33:54] OTA 100% Complete! Rebooting now...
[2026-03-26 16:35:02] ADS value: 0.00
[2026-03-26 16:47:40] OTA Progress: 40%
[2026-03-26 16:47:44] OTA Progress: 50%
[2026-03-26 16:47:51] OTA Progress: 60%
[2026-03-26 16:48:00] OTA Progress: 70%
[2026-03-26 16:48:05] OTA Progress: 80%
[2026-03-26 16:48:09] OTA Progress: 90%
[2026-03-26 16:48:14] OTA Progress: 100%
[2026-03-26 16:48:14] OTA download complete! Verifying...
[2026-03-26 16:48:15] OTA 100% Complete! Rebooting now...
[2026-03-26 16:49:16] ADS value: 0.00
[2026-03-26 16:49:17] Ver: 1
[2026-03-26 16:50:17] ADS value: 0.00
[2026-03-26 16:50:18] Ver: 1
[2026-03-26 16:51:18] ADS value: 0.00
[2026-03-26 16:51:18] Ver: 1
[2026-03-26 16:52:19] ADS value: 0.00
[2026-03-26 16:52:19] Ver: 1
[2026-03-26 16:52:52] Starting progressive OTA download...
[2026-03-26 16:52:58] OTA Progress: 10%
[2026-03-26 16:53:02] OTA Progress: 20%
[2026-03-26 16:53:07] OTA Progress: 30%
[2026-03-26 16:53:11] OTA Progress: 40%
[2026-03-26 16:53:15] OTA Progress: 50%
[2026-03-26 16:53:18] OTA Progress: 60%
[2026-03-26 16:53:22] OTA Progress: 70%
[2026-03-26 16:53:25] OTA Progress: 80%
[2026-03-26 16:53:32] OTA Progress: 90%
[2026-03-26 16:53:37] OTA Progress: 100%
[2026-03-26 16:53:37] OTA download complete! Verifying...
[2026-03-26 16:53:38] OTA 100% Complete! Rebooting now...
[2026-03-26 16:53:54] [SIM4G] Starting non-blocking modem init
[2026-03-26 16:53:55] [SIM4G] CMD: AT
[2026-03-26 16:53:59] [SIM4G] RSP: <empty>
[2026-03-26 16:53:59] [SIM4G] Command timeout
[2026-03-26 16:53:59] [SIM4G] Init step failed: AT
[2026-03-26 16:54:15] [SIM4G] Retrying SIM bring-up
[2026-03-26 16:54:17] [SIM4G] CMD: AT
[2026-03-26 16:54:18] [SIM4G] RSP: <empty>
[2026-03-26 16:54:19] [SIM4G] Command timeout
[2026-03-26 16:54:19] [SIM4G] Init step failed: AT
[2026-03-26 16:54:39] [SIM4G] Starting non-blocking modem init
[2026-03-26 16:54:40] [SIM4G] CMD: AT
[2026-03-26 16:54:43] [SIM4G] RSP: <empty>
[2026-03-26 16:54:43] [SIM4G] Command timeout
[2026-03-26 16:54:44] [SIM4G] Init step failed: AT
[2026-03-26 16:54:59] [SIM4G] Retrying SIM bring-up
[2026-03-26 16:55:01] [SIM4G] CMD: AT
[2026-03-26 16:55:03] [SIM4G] RSP: <empty>
[2026-03-26 16:55:04] [SIM4G] Command timeout
[2026-03-26 16:55:04] [SIM4G] Init step failed: AT
[2026-03-26 16:55:12] [SIM4G] URC: RDY (rebootCount=1)
[2026-03-26 16:55:13] [SIM4G] Modem reboot detected, retrying in 15s
[2026-03-26 16:55:14] [SIM4G] URC: +CFUN: 1
[2026-03-26 16:55:15] [SIM4G] URC: +CPIN: READY
[2026-03-26 16:55:15] [SIM4G] URC: +QUSIM: 1
[2026-03-26 16:55:15] [SIM4G] URC: +QIND: SMS DONE
[2026-03-26 16:55:16] [SIM4G] URC: +QIND: PB DONE
[2026-03-26 16:55:26] ADS value: 0.00
[2026-03-26 16:55:26] Ver: 1
[2026-03-26 16:55:30] [SIM4G] Retrying SIM bring-up
[2026-03-26 16:55:33] [SIM4G] CMD: AT
[2026-03-26 16:55:34] [SIM4G] RSP: <empty>
[2026-03-26 16:55:35] [SIM4G] Command timeout
[2026-03-26 16:55:35] [SIM4G] Init step failed: AT
[2026-03-26 16:55:51] [SIM4G] Retrying SIM bring-up
[2026-03-26 16:55:53] [SIM4G] CMD: AT
[2026-03-26 16:55:54] [SIM4G] RSP: <empty>
[2026-03-26 16:55:55] [SIM4G] Command timeout
[2026-03-26 16:55:55] [SIM4G] Init step failed: AT
[2026-03-26 16:56:11] [SIM4G] Retrying SIM bring-up
[2026-03-26 16:56:12] [SIM4G] CMD: AT
[2026-03-26 16:56:15] [SIM4G] RSP: <empty>
[2026-03-26 16:56:16] [SIM4G] Command timeout
[2026-03-26 16:56:16] [SIM4G] Init step failed: AT
[2026-03-26 16:56:26] ADS value: 0.00
[2026-03-26 16:56:27] Ver: 1
[2026-03-26 16:56:32] [SIM4G] Retrying SIM bring-up
[2026-03-26 16:56:33] [SIM4G] CMD: AT
[2026-03-26 16:56:35] [SIM4G] RSP: <empty>
[2026-03-26 16:56:36] [SIM4G] Command timeout
[2026-03-26 16:56:36] [SIM4G] Init step failed: AT
[2026-03-26 16:56:51] [SIM4G] Retrying SIM bring-up
[2026-03-26 16:56:53] [SIM4G] CMD: AT
[2026-03-26 16:56:55] [SIM4G] RSP: <empty>
[2026-03-26 16:56:56] [SIM4G] Command timeout
[2026-03-26 16:56:56] [SIM4G] Init step failed: AT
[2026-03-26 16:57:12] [SIM4G] Retrying SIM bring-up
[2026-03-26 16:57:13] [SIM4G] CMD: AT
[2026-03-26 16:57:16] [SIM4G] RSP: <empty>
[2026-03-26 16:57:17] [SIM4G] Command timeout
[2026-03-26 16:57:17] [SIM4G] Init step failed: AT
[2026-03-26 16:57:28] ADS value: 0.00
[2026-03-26 16:57:28] Ver: 1
[2026-03-26 16:57:33] [SIM4G] Retrying SIM bring-up
[2026-03-26 16:57:34] [SIM4G] CMD: AT
[2026-03-26 16:57:37] [SIM4G] RSP: <empty>
[2026-03-26 16:57:37] [SIM4G] Command timeout
[2026-03-26 16:57:37] [SIM4G] Init step failed: AT
[2026-03-26 16:57:53] [SIM4G] Retrying SIM bring-up
[2026-03-26 16:57:54] [SIM4G] CMD: AT
[2026-03-26 16:57:56] [SIM4G] RSP: <empty>
[2026-03-26 16:57:57] [SIM4G] Command timeout
[2026-03-26 16:57:57] [SIM4G] Init step failed: AT
[2026-03-26 16:58:13] [SIM4G] Retrying SIM bring-up
[2026-03-26 16:58:15] [SIM4G] CMD: AT
[2026-03-26 16:58:16] [SIM4G] RSP: <empty>
[2026-03-26 16:58:16] [SIM4G] Command timeout
[2026-03-26 16:58:16] [SIM4G] Init step failed: AT
[2026-03-26 16:58:29] ADS value: 0.00
[2026-03-26 16:58:29] Ver: 1
[2026-03-26 16:58:32] [SIM4G] Retrying SIM bring-up
[2026-03-26 16:58:33] [SIM4G] CMD: AT
[2026-03-26 16:58:37] [SIM4G] RSP: <empty>
[2026-03-26 16:58:37] [SIM4G] Command timeout
[2026-03-26 16:58:37] [SIM4G] Init step failed: AT
[2026-03-26 16:58:53] [SIM4G] Retrying SIM bring-up
[2026-03-26 16:58:54] [SIM4G] CMD: AT
[2026-03-26 17:00:00] [SIM4G] URC: +QIND: SMS DONE
[2026-03-26 17:00:00] [SIM4G] URC: +QIND: PB DONE
[2026-03-26 17:00:14] [SIM4G] Retrying SIM bring-up
[2026-03-26 17:00:15] [SIM4G] CMD: AT
[2026-03-26 17:00:18] [SIM4G] RSP: <empty>
[2026-03-26 17:00:18] [SIM4G] Command timeout
[2026-03-26 17:00:19] [SIM4G] Init step failed: AT
[2026-03-26 17:00:35] [SIM4G] Retrying SIM bring-up
[2026-03-26 17:00:36] [SIM4G] CMD: AT
[2026-03-26 17:00:38] [SIM4G] RSP: <empty>
[2026-03-26 17:00:39] [SIM4G] Command timeout
[2026-03-26 17:00:39] [SIM4G] Init step failed: AT
[2026-03-26 17:00:46] [SIM4G] URC: RDY (rebootCount=2)
[2026-03-26 17:00:47] [SIM4G] Modem reboot detected, retrying in 15s
[2026-03-26 17:00:47] [SIM4G] URC: +CFUN: 1
[2026-03-26 17:00:48] [SIM4G] URC: +CPIN: READY
[2026-03-26 17:00:48] [SIM4G] URC: +QUSIM: 1
[2026-03-26 17:00:49] [SIM4G] URC: +QIND: SMS DONE
[2026-03-26 17:00:49] [SIM4G] URC: +QIND: PB DONE
[2026-03-26 17:00:51] ADS value: 0.00
[2026-03-26 17:00:52] Ver: 1
[2026-03-26 17:01:03] [SIM4G] Retrying SIM bring-up
[2026-03-26 17:01:05] [SIM4G] CMD: AT
[2026-03-26 17:01:07] [SIM4G] RSP: <empty>
[2026-03-26 17:01:07] [SIM4G] Command timeout
[2026-03-26 17:01:08] [SIM4G] Init step failed: AT
[2026-03-26 17:01:22] [SIM4G] URC: RDY (rebootCount=3)
[2026-03-26 17:01:23] [SIM4G] Modem reboot detected, retrying in 15s
[2026-03-26 17:01:23] [SIM4G] URC: +CFUN: 1
[2026-03-26 17:01:24] [SIM4G] URC: +CPIN: READY
[2026-03-26 17:01:24] [SIM4G] URC: +QUSIM: 1
[2026-03-26 17:01:24] [SIM4G] URC: +QIND: SMS DONE
[2026-03-26 17:01:25] [SIM4G] URC: +QIND: PB DONE
[2026-03-26 17:01:33] [SIM4G] URC: RDY (rebootCount=4)
[2026-03-26 17:01:34] [SIM4G] Modem reboot detected, retrying in 15s
[2026-03-26 17:01:35] [SIM4G] URC: +CFUN: 1
[2026-03-26 17:01:36] [SIM4G] URC: +CPIN: READY
[2026-03-26 17:01:36] [SIM4G] URC: +QUSIM: 1
[2026-03-26 17:01:36] [SIM4G] URC: +QIND: SMS DONE
[2026-03-26 17:01:37] [SIM4G] URC: +QIND: PB DONE
[2026-03-26 17:01:50] [SIM4G] Retrying SIM bring-up
[2026-03-26 17:01:51] [SIM4G] CMD: AT
[2026-03-26 17:01:52] ADS value: 0.00
[2026-03-26 17:01:53] Ver: 1
[2026-03-26 17:02:09] [SIM4G] Retrying SIM bring-up
[2026-03-26 17:02:10] [SIM4G] CMD: AT
[2026-03-26 17:02:13] [SIM4G] RSP: <empty>
[2026-03-26 17:02:13] [SIM4G] Command timeout
[2026-03-26 17:02:13] [SIM4G] Init step failed: AT
[2026-03-26 17:02:29] [SIM4G] Retrying SIM bring-up
[2026-03-26 17:02:32] [SIM4G] CMD: AT
[2026-03-26 17:02:33] [SIM4G] RSP: <empty>
[2026-03-26 17:02:33] [SIM4G] Command timeout
[2026-03-26 17:02:33] [SIM4G] Init step failed: AT
[2026-03-26 17:02:49] [SIM4G] Retrying SIM bring-up
[2026-03-26 17:02:50] [SIM4G] CMD: AT
[2026-03-26 17:02:52] [SIM4G] RSP: <empty>
[2026-03-26 17:02:53] [SIM4G] Command timeout
[2026-03-26 17:02:53] [SIM4G] Init step failed: AT
[2026-03-26 17:02:53] ADS value: 0.00
[2026-03-26 17:02:54] Ver: 1
[2026-03-26 17:03:09] [SIM4G] Retrying SIM bring-up
[2026-03-26 17:03:10] [SIM4G] CMD: AT
[2026-03-26 17:03:12] [SIM4G] RSP: <empty>
[2026-03-26 17:03:12] [SIM4G] Command timeout
[2026-03-26 17:03:13] [SIM4G] Init step failed: AT
[2026-03-26 17:03:29] [SIM4G] Retrying SIM bring-up
[2026-03-26 17:03:30] [SIM4G] CMD: AT
[2026-03-26 17:03:33] [SIM4G] RSP: <empty>
[2026-03-26 17:03:33] [SIM4G] Command timeout
[2026-03-26 17:03:33] [SIM4G] Init step failed: AT
[2026-03-26 17:03:49] [SIM4G] Retrying SIM bring-up
[2026-03-26 17:03:51] [SIM4G] CMD: AT
[2026-03-26 17:03:53] [SIM4G] RSP: <empty>
[2026-03-26 17:03:54] [SIM4G] Command timeout
[2026-03-26 17:03:54] [SIM4G] Init step failed: AT
[2026-03-26 17:03:55] ADS value: 0.00
[2026-03-26 17:03:56] Ver: 1
[2026-03-26 17:04:10] [SIM4G] Retrying SIM bring-up
[2026-03-26 17:04:11] [SIM4G] CMD: AT
[2026-03-26 17:04:13] [SIM4G] RSP: <empty>
[2026-03-26 17:04:15] [SIM4G] Command timeout
[2026-03-26 17:04:16] [SIM4G] Init step failed: AT
[2026-03-26 17:04:31] [SIM4G] Retrying SIM bring-up
[2026-03-26 17:04:32] [SIM4G] CMD: AT
[2026-03-26 17:04:35] [SIM4G] RSP: <empty>
[2026-03-26 17:05:08] [SIM4G] Starting non-blocking modem init
[2026-03-26 17:05:08] [SIM4G] CMD: AT
[2026-03-26 17:05:10] [SIM4G] RSP: <empty>
[2026-03-26 17:05:11] [SIM4G] Command timeout
[2026-03-26 17:05:11] [SIM4G] Init step failed: AT
[2026-03-26 17:05:26] [SIM4G] URC: RDY (rebootCount=1)
[2026-03-26 17:05:27] [SIM4G] Modem reboot detected, retrying in 15s
[2026-03-26 17:05:27] [SIM4G] URC: +CFUN: 1
[2026-03-26 17:05:27] [SIM4G] URC: +CPIN: READY
[2026-03-26 17:05:28] [SIM4G] URC: +QUSIM: 1
[2026-03-26 17:05:28] [SIM4G] URC: +QIND: SMS DONE
[2026-03-26 17:05:28] [SIM4G] URC: +QIND: PB DONE
[2026-03-26 17:05:43] [SIM4G] Retrying SIM bring-up
[2026-03-26 17:05:43] [SIM4G] CMD: AT
[2026-03-26 17:05:45] [SIM4G] RSP: <empty>
[2026-03-26 17:05:46] [SIM4G] Command timeout
[2026-03-26 17:05:46] [SIM4G] Init step failed: AT
[2026-03-26 17:05:54] ADS value: 0.00
[2026-03-26 17:05:54] Ver: 1
[2026-03-26 17:06:02] [SIM4G] Retrying SIM bring-up
[2026-03-26 17:06:02] [SIM4G] CMD: AT
[2026-03-26 17:06:04] [SIM4G] RSP: <empty>
[2026-03-26 17:06:04] [SIM4G] Command timeout
[2026-03-26 17:06:05] [SIM4G] Init step failed: AT
[2026-03-26 17:06:20] [SIM4G] Retrying SIM bring-up
[2026-03-26 17:06:20] [SIM4G] CMD: AT
[2026-03-26 17:06:22] [SIM4G] RSP: <empty>
[2026-03-26 17:06:23] [SIM4G] Command timeout
[2026-03-26 17:06:23] [SIM4G] Init step failed: AT
[2026-03-26 17:06:38] [SIM4G] Retrying SIM bring-up
[2026-03-26 17:06:39] [SIM4G] CMD: AT
[2026-03-26 17:06:41] [SIM4G] RSP: <empty>
[2026-03-26 17:06:41] [SIM4G] Command timeout
[2026-03-26 17:06:41] [SIM4G] Init step failed: AT
[2026-03-26 17:06:54] ADS value: 0.00
[2026-03-26 17:06:55] Ver: 1
[2026-03-26 17:06:57] [SIM4G] Retrying SIM bring-up
[2026-03-26 17:06:57] [SIM4G] CMD: AT
[2026-03-26 17:06:59] [SIM4G] RSP: <empty>
[2026-03-26 17:07:00] [SIM4G] Command timeout
[2026-03-26 17:07:00] [SIM4G] Init step failed: AT
